T,y_true,P_helical,pred_label
0.5,1.0,1.0,1
0.5,1.0,1.0,1
0.5,1.0,1.0,1
0.5,1.0,1.0,1
0.5,1.0,1.0,1
0.5,1.0,1.0,1
0.5,1.0,1.0,1
0.5,1.0,1.0,1
0.5,1.0,1.0,1
0.5,1.0,1.0,1
0.5,1.0,1.0,1
0.5,1.0,1.0,1
0.5,1.0,1.0,1
0.5,1.0,1.0,1
0.5,1.0,1.0,1
0.5,1.0,1.0,1
0.5,1.0,1.0,1
0.5,1.0,1.0,1
0.5,1.0,1.0,1
0.5,1.0,1.0,1
0.5,1.0,1.0,1
0.5,1.0,1.0,1
0.5,1.0,1.0,1
0.5,1.0,1.0,1
0.5,1.0,1.0,1
0.5,1.0,1.0,1
0.5,1.0,1.0,1
0.5,1.0,1.0,1
0.5,1.0,1.0,1
0.5,1.0,1.0,1
0.5,1.0,1.0,1
0.5,1.0,1.0,1
0.5,1.0,1.0,1
0.5,1.0,1.0,1
0.5,1.0,1.0,1
0.5,1.0,1.0,1
0.5,1.0,1.0,1
0.5,1.0,1.0,1
0.5,1.0,1.0,1
0.5,1.0,1.0,1
0.5,1.0,1.0,1
0.5,1.0,1.0,1
0.5,1.0,1.0,1
0.5,1.0,1.0,1
0.5,1.0,1.0,1
0.5,1.0,1.0,1
0.5,1.0,1.0,1
0.5,1.0,1.0,1
0.5,1.0,1.0,1
0.5,1.0,1.0,1
0.5,1.0,1.0,1
0.5,1.0,1.0,1
0.5,1.0,1.0,1
0.5,1.0,1.0,1
0.5,1.0,1.0,1
0.5,1.0,1.0,1
0.5,1.0,1.0,1
0.5,1.0,1.0,1
0.5,1.0,1.0,1
0.5,1.0,1.0,1
0.5,1.0,1.0,1
0.5,1.0,1.0,1
0.5,1.0,1.0,1
0.5,1.0,1.0,1
0.5,1.0,1.0,1
0.5,1.0,1.0,1
0.5,1.0,1.0,1
0.5,1.0,1.0,1
0.5,1.0,1.0,1
0.5,1.0,1.0,1
0.5,1.0,1.0,1
0.5,1.0,1.0,1
0.5,1.0,1.0,1
0.5,1.0,1.0,1
0.5,1.0,1.0,1
0.5,1.0,1.0,1
0.5,1.0,1.0,1
0.5,1.0,1.0,1
0.5,1.0,1.0,1
0.5,1.0,1.0,1
0.5,1.0,1.0,1
0.5,1.0,1.0,1
0.5,1.0,1.0,1
0.5,1.0,1.0,1
0.5,1.0,1.0,1
0.5,1.0,1.0,1
0.5,1.0,1.0,1
0.5,1.0,1.0,1
0.5,1.0,1.0,1
0.5,1.0,1.0,1
0.5,1.0,1.0,1
0.5,1.0,1.0,1
0.5,1.0,1.0,1
0.5,1.0,1.0,1
0.5,1.0,1.0,1
0.5,1.0,1.0,1
0.5,1.0,1.0,1
0.5,1.0,1.0,1
0.5,1.0,1.0,1
0.5,1.0,1.0,1
0.6,1.0,1.0,1
0.6,1.0,1.0,1
0.6,1.0,1.0,1
0.6,1.0,1.0,1
0.6,1.0,1.0,1
0.6,1.0,1.0,1
0.6,1.0,1.0,1
0.6,1.0,1.0,1
0.6,1.0,1.0,1
0.6,1.0,1.0,1
0.6,1.0,1.0,1
0.6,1.0,1.0,1
0.6,1.0,1.0,1
0.6,1.0,1.0,1
0.6,1.0,1.0,1
0.6,1.0,1.0,1
0.6,1.0,1.0,1
0.6,1.0,1.0,1
0.6,1.0,1.0,1
0.6,1.0,1.0,1
0.6,1.0,1.0,1
0.6,1.0,1.0,1
0.6,1.0,1.0,1
0.6,1.0,1.0,1
0.6,1.0,1.0,1
0.6,1.0,1.0,1
0.6,1.0,1.0,1
0.6,1.0,1.0,1
0.6,1.0,1.0,1
0.6,1.0,1.0,1
0.6,1.0,1.0,1
0.6,1.0,1.0,1
0.6,1.0,1.0,1
0.6,1.0,1.0,1
0.6,1.0,1.0,1
0.6,1.0,1.0,1
0.6,1.0,1.0,1
0.6,1.0,1.0,1
0.6,1.0,1.0,1
0.6,1.0,1.0,1
0.6,1.0,1.0,1
0.6,1.0,1.0,1
0.6,1.0,1.0,1
0.6,1.0,1.0,1
0.6,1.0,1.0,1
0.6,1.0,1.0,1
0.6,1.0,1.0,1
0.6,1.0,1.0,1
0.6,1.0,1.0,1
0.6,1.0,1.0,1
1.8,0.0,1.1251391e-11,0
1.8,0.0,4.1849124e-12,0
1.8,0.0,6.7282334e-12,0
1.8,0.0,9.937977e-12,0
1.8,0.0,6.421741e-12,0
1.8,0.0,3.9292697e-12,0
1.8,0.0,4.357717e-12,0
1.8,0.0,1.099199e-11,0
1.8,0.0,1.1746709e-11,0
1.8,0.0,2.9966193e-11,0
1.8,0.0,9.199053e-12,0
1.8,0.0,6.770419e-12,0
1.8,0.0,1.1391338e-11,0
1.8,0.0,9.306566e-12,0
1.8,0.0,8.871414e-12,0
1.8,0.0,9.703173e-12,0
1.8,0.0,8.730029e-12,0
1.8,0.0,9.9505135e-12,0
1.8,0.0,7.1361766e-12,0
1.8,0.0,7.29086e-12,0
1.8,0.0,3.3090752e-11,0
1.8,0.0,1.1274442e-11,0
1.8,0.0,1.3337093e-11,0
1.8,0.0,2.4722877e-11,0
1.8,0.0,6.0226345e-11,0
1.8,0.0,2.0653467e-11,0
1.8,0.0,2.8306612e-11,0
1.8,0.0,2.2921732e-11,0
1.8,0.0,1.6694483e-11,0
1.8,0.0,1.7503112e-11,0
1.8,0.0,2.7652788e-11,0
1.8,0.0,6.3571995e-12,0
1.8,0.0,6.4242773e-12,0
1.8,0.0,1.5573915e-11,0
1.8,0.0,1.5492885e-11,0
1.8,0.0,1.6193632e-11,0
1.8,0.0,4.7868945e-11,0
1.8,0.0,2.8540595e-11,0
1.8,0.0,1.9161542e-11,0
1.8,0.0,1.4583895e-11,0
1.8,0.0,1.6736824e-11,0
1.8,0.0,1.216584e-11,0
1.8,0.0,3.0330644e-11,0
1.8,0.0,1.9996121e-11,0
1.8,0.0,2.7745138e-11,0
1.8,0.0,1.5118441e-11,0
1.8,0.0,5.1318283e-11,0
1.8,0.0,2.98852e-11,0
1.8,0.0,3.2441606e-12,0
1.8,0.0,4.6166105e-12,0
1.8,0.0,1.0840829e-11,0
1.8,0.0,1.4670383e-11,0
1.8,0.0,8.753154e-12,0
1.8,0.0,1.479416e-11,0
1.8,0.0,2.2955245e-11,0
1.8,0.0,1.8761057e-11,0
1.8,0.0,4.3944695e-11,0
1.8,0.0,8.530108e-12,0
1.8,0.0,2.2354436e-11,0
1.8,0.0,2.2152145e-11,0
1.8,0.0,4.4607873e-11,0
1.8,0.0,1.491884e-11,0
1.8,0.0,1.7741145e-11,0
1.8,0.0,9.883197e-12,0
1.8,0.0,1.1408103e-11,0
1.8,0.0,2.083436e-11,0
1.8,0.0,3.2623557e-11,0
1.8,0.0,1.5882145e-11,0
1.8,0.0,7.537793e-12,0
1.8,0.0,2.854114e-11,0
1.8,0.0,1.1014888e-11,0
1.8,0.0,3.0252068e-11,0
1.8,0.0,1.0326885e-11,0
1.8,0.0,1.4375961e-11,0
1.8,0.0,1.458974e-11,0
1.8,0.0,3.7445203e-11,0
1.8,0.0,1.9126891e-11,0
1.8,0.0,5.564194e-12,0
1.8,0.0,4.8256694e-12,0
1.8,0.0,5.73105e-12,0
1.8,0.0,6.145858e-12,0
1.8,0.0,2.420671e-11,0
1.8,0.0,9.816521e-12,0
1.8,0.0,7.2543638e-12,0
1.8,0.0,1.6013335e-11,0
1.8,0.0,2.917927e-11,0
1.8,0.0,1.522676e-11,0
1.8,0.0,7.7845334e-12,0
1.8,0.0,2.6731907e-11,0
1.8,0.0,5.3552014e-11,0
1.8,0.0,1.2182071e-11,0
1.8,0.0,1.4601709e-11,0
1.8,0.0,2.0828837e-11,0
1.8,0.0,3.994025e-12,0
1.8,0.0,2.6014267e-12,0
1.8,0.0,9.7631365e-12,0
1.8,0.0,7.875935e-12,0
1.8,0.0,6.178438e-12,0
1.8,0.0,6.213063e-12,0
1.8,0.0,1.3884792e-11,0
1.8,0.0,8.503126e-12,0
1.8,0.0,1.3836227e-11,0
1.8,0.0,9.614577e-12,0
1.8,0.0,1.23784195e-11,0
1.8,0.0,5.5751462e-12,0
1.8,0.0,9.494937e-12,0
1.8,0.0,1.1398467e-11,0
1.8,0.0,8.158572e-12,0
1.8,0.0,2.310683e-12,0
1.8,0.0,1.1150447e-11,0
1.8,0.0,3.9866274e-12,0
1.8,0.0,3.2215675e-12,0
1.8,0.0,3.5408328e-12,0
1.8,0.0,4.0441977e-12,0
1.8,0.0,5.548837e-12,0
1.8,0.0,7.9884354e-12,0
1.8,0.0,8.03112e-12,0
1.8,0.0,3.6024423e-12,0
1.8,0.0,3.3207072e-12,0
1.8,0.0,1.1341562e-11,0
1.8,0.0,2.7174736e-11,0
1.8,0.0,1.6423658e-11,0
1.8,0.0,3.9689366e-11,0
1.8,0.0,1.9198712e-11,0
1.8,0.0,1.2201163e-11,0
1.8,0.0,7.341963e-12,0
1.8,0.0,2.5893048e-11,0
1.8,0.0,1.057767e-11,0
1.8,0.0,1.2380474e-11,0
1.8,0.0,1.3319603e-11,0
1.8,0.0,2.8178137e-11,0
1.8,0.0,2.5936893e-11,0
1.8,0.0,2.2875566e-11,0
1.8,0.0,1.2275298e-11,0
1.8,0.0,3.7211605e-11,0
1.8,0.0,4.3240543e-11,0
1.8,0.0,3.7158058e-11,0
1.8,0.0,2.0382303e-11,0
1.8,0.0,1.1308599e-11,0
1.8,0.0,1.08733e-11,0
1.8,0.0,9.619733e-12,0
1.8,0.0,1.8942457e-11,0
1.8,0.0,2.257932e-11,0
1.8,0.0,5.2536055e-11,0
1.8,0.0,1.2423716e-11,0
1.8,0.0,7.928885e-12,0
1.8,0.0,2.6690317e-12,0
1.8,0.0,6.060358e-12,0
1.8,0.0,6.840799e-12,0
1.8,0.0,1.165734e-11,0
1.8,0.0,2.3850824e-12,0
1.8,0.0,3.8221544e-12,0
1.8,0.0,5.707063e-12,0
1.8,0.0,3.4840845e-11,0
1.8,0.0,1.6395583e-11,0
1.8,0.0,2.0189503e-11,0
1.8,0.0,9.378807e-12,0
1.8,0.0,1.2031399e-11,0
1.8,0.0,2.119861e-11,0
1.8,0.0,3.307479e-11,0
1.8,0.0,1.2854983e-11,0
1.8,0.0,6.9688335e-12,0
1.8,0.0,1.5969566e-11,0
1.8,0.0,8.330967e-12,0
1.8,0.0,5.1330984e-12,0
1.8,0.0,7.722628e-12,0
1.8,0.0,1.7503278e-11,0
1.8,0.0,4.391216e-12,0
1.8,0.0,2.3480111e-12,0
1.8,0.0,2.9506378e-12,0
1.8,0.0,3.2238236e-12,0
1.8,0.0,1.1065361e-11,0
1.8,0.0,5.870865e-12,0
1.8,0.0,1.5398818e-11,0
1.8,0.0,2.4783309e-11,0
1.8,0.0,2.2354852e-12,0
1.8,0.0,1.3374974e-11,0
1.8,0.0,3.4251723e-11,0
1.8,0.0,1.3377397e-11,0
1.8,0.0,8.993399e-12,0
1.8,0.0,2.7118866e-11,0
1.8,0.0,2.8734721e-11,0
1.8,0.0,8.138383e-12,0
1.8,0.0,4.4679802e-12,0
1.8,0.0,3.9408884e-12,0
1.8,0.0,3.806861e-12,0
1.8,0.0,9.358293e-12,0
1.8,0.0,1.5570769e-11,0
1.8,0.0,8.80424e-12,0
1.8,0.0,1.11815834e-11,0
1.8,0.0,5.4393543e-12,0
1.8,0.0,9.367901e-12,0
1.8,0.0,2.3347756e-11,0
1.8,0.0,1.1592375e-11,0
1.8,0.0,1.2194811e-11,0
1.8,0.0,1.1784027e-11,0
1.8,0.0,3.4952465e-11,0
1.8,0.0,2.1347563e-11,0
1.8,0.0,5.094641e-11,0
1.8,0.0,2.0778405e-11,0
1.8,0.0,1.4357656e-11,0
1.8,0.0,2.2928597e-11,0
1.8,0.0,1.052139e-11,0
1.8,0.0,2.0605422e-11,0
1.8,0.0,3.734547e-12,0
1.8,0.0,1.5138236e-11,0
1.8,0.0,1.3283222e-11,0
1.8,0.0,7.1797425e-12,0
1.8,0.0,1.809665e-11,0
1.8,0.0,6.4074752e-12,0
1.8,0.0,1.1228174e-11,0
1.8,0.0,1.3380843e-11,0
1.8,0.0,1.67714e-11,0
1.8,0.0,1.2549919e-11,0
1.8,0.0,1.3751721e-11,0
1.8,0.0,4.452584e-11,0
1.8,0.0,2.1815324e-11,0
1.8,0.0,1.0066944e-11,0
1.8,0.0,4.024992e-11,0
1.8,0.0,6.1026613e-12,0
1.8,0.0,8.536276e-12,0
1.8,0.0,3.4095986e-12,0
1.8,0.0,5.5133797e-12,0
1.8,0.0,1.6285874e-11,0
1.8,0.0,1.0297285e-11,0
1.8,0.0,3.5773422e-11,0
1.8,0.0,1.351646e-11,0
1.8,0.0,1.878906e-11,0
1.8,0.0,1.1415721e-11,0
1.8,0.0,3.4509218e-12,0
1.8,0.0,9.1864814e-12,0
1.8,0.0,2.1743333e-11,0
1.8,0.0,1.8808243e-11,0
1.8,0.0,1.950354e-11,0
1.8,0.0,4.323345e-11,0
1.8,0.0,3.34556e-11,0
1.8,0.0,1.258734e-11,0
1.8,0.0,3.4561785e-12,0
1.8,0.0,6.259273e-12,0
1.8,0.0,8.186725e-12,0
1.8,0.0,6.197038e-12,0
1.8,0.0,2.9356677e-11,0
1.8,0.0,1.5410511e-11,0
1.8,0.0,1.4776423e-11,0
1.8,0.0,9.597722e-12,0
1.8,0.0,4.368402e-12,0
1.8,0.0,1.3666713e-11,0
1.8,0.0,2.248546e-11,0
1.8,0.0,9.825944e-12,0
1.8,0.0,3.883411e-12,0
1.85,0.0,1.1044908e-11,0
1.85,0.0,2.0498995e-11,0
1.85,0.0,1.0107636e-11,0
1.85,0.0,1.5103165e-11,0
1.85,0.0,7.602842e-12,0
1.85,0.0,7.671831e-12,0
1.85,0.0,7.748389e-12,0
1.85,0.0,4.0272477e-12,0
1.85,0.0,3.824641e-12,0
1.85,0.0,3.806193e-12,0
1.85,0.0,1.3172563e-11,0
1.85,0.0,5.921619e-12,0
1.85,0.0,8.16413e-12,0
1.85,0.0,4.493328e-12,0
1.85,0.0,2.6791356e-12,0
1.85,0.0,8.246575e-12,0
1.85,0.0,5.8021903e-12,0
1.85,0.0,8.972718e-12,0
1.85,0.0,5.0140083e-12,0
1.85,0.0,5.511224e-12,0
1.85,0.0,9.111393e-12,0
1.85,0.0,6.671838e-12,0
1.85,0.0,8.853125e-12,0
1.85,0.0,7.2197075e-11,0
1.85,0.0,5.1781777e-11,0
1.85,0.0,8.7662246e-11,0
1.85,0.0,1.7355941e-11,0
1.85,0.0,1.9230962e-11,0
1.85,0.0,1.2846257e-11,0
1.85,0.0,6.0778375e-12,0
1.85,0.0,6.1234737e-12,0
1.85,0.0,7.7483e-12,0
1.85,0.0,4.463883e-12,0
1.85,0.0,6.0821747e-12,0
1.85,0.0,3.9076034e-12,0
1.85,0.0,8.903469e-12,0
1.85,0.0,3.364303e-11,0
1.85,0.0,9.034076e-12,0
1.85,0.0,1.2981556e-11,0
1.85,0.0,3.5630268e-12,0
1.85,0.0,2.3994465e-12,0
1.85,0.0,2.328424e-12,0
1.85,0.0,3.4826744e-12,0
1.85,0.0,8.697072e-12,0
1.85,0.0,7.061572e-12,0
1.85,0.0,8.677817e-12,0
1.85,0.0,1.2123472e-11,0
1.85,0.0,4.9032427e-12,0
1.85,0.0,5.142545e-12,0
1.85,0.0,9.460807e-12,0
1.85,0.0,4.9846013e-12,0
1.85,0.0,4.5371116e-12,0
1.85,0.0,4.360211e-12,0
1.85,0.0,3.173752e-12,0
1.85,0.0,7.204929e-12,0
1.85,0.0,7.563385e-12,0
1.85,0.0,5.8671596e-12,0
1.85,0.0,9.589012e-12,0
1.85,0.0,7.0661524e-12,0
1.85,0.0,1.1114181e-11,0
1.85,0.0,3.9605255e-12,0
1.85,0.0,7.591684e-12,0
1.85,0.0,9.731995e-12,0
1.85,0.0,5.0794924e-12,0
1.85,0.0,5.316971e-12,0
1.85,0.0,5.73409e-12,0
1.85,0.0,8.1987256e-12,0
1.85,0.0,7.6444285e-12,0
1.85,0.0,8.05622e-12,0
1.85,0.0,4.357534e-12,0
1.85,0.0,4.4843894e-12,0
1.85,0.0,5.933071e-12,0
1.85,0.0,8.276752e-12,0
1.85,0.0,4.211963e-12,0
1.85,0.0,3.6863247e-12,0
1.85,0.0,2.7737714e-12,0
1.85,0.0,6.7125433e-12,0
1.85,0.0,4.3358372e-12,0
1.85,0.0,2.7941087e-12,0
1.85,0.0,7.519183e-12,0
1.85,0.0,2.9735869e-12,0
1.85,0.0,6.653437e-12,0
1.85,0.0,1.3984994e-11,0
1.85,0.0,1.2366431e-11,0
1.85,0.0,1.3258921e-11,0
1.85,0.0,5.817017e-12,0
1.85,0.0,3.4825081e-12,0
1.85,0.0,1.9768087e-12,0
1.85,0.0,2.4733666e-12,0
1.85,0.0,1.065681e-11,0
1.85,0.0,8.789375e-12,0
1.85,0.0,2.3750784e-11,0
1.85,0.0,8.823052e-12,0
1.85,0.0,8.806558e-12,0
1.85,0.0,1.8501893e-11,0
1.85,0.0,1.37929095e-11,0
1.85,0.0,7.682242e-12,0
1.85,0.0,3.3779839e-12,0
1.85,0.0,2.1661362e-12,0
1.85,0.0,2.5514948e-12,0
1.85,0.0,7.0185355e-12,0
1.85,0.0,7.414819e-12,0
1.85,0.0,3.9925173e-12,0
1.85,0.0,6.240677e-12,0
1.85,0.0,9.05286e-12,0
1.85,0.0,6.9484865e-12,0
1.85,0.0,7.165405e-12,0
1.85,0.0,4.4606745e-12,0
1.85,0.0,5.1488262e-12,0
1.85,0.0,9.081239e-12,0
1.85,0.0,1.1079807e-11,0
1.85,0.0,6.640936e-12,0
1.85,0.0,6.7820896e-12,0
1.85,0.0,7.1047495e-12,0
1.85,0.0,4.9052915e-12,0
1.85,0.0,2.7272963e-12,0
1.85,0.0,3.6324767e-12,0
1.85,0.0,5.2474644e-12,0
1.85,0.0,1.7959063e-12,0
1.85,0.0,1.4966114e-12,0
1.85,0.0,6.7980196e-12,0
1.85,0.0,6.897464e-12,0
1.85,0.0,4.309298e-12,0
1.85,0.0,6.126278e-12,0
1.85,0.0,7.508421e-12,0
1.85,0.0,7.0954735e-12,0
1.85,0.0,8.433753e-12,0
1.85,0.0,3.6379354e-11,0
1.85,0.0,3.0313742e-12,0
1.85,0.0,2.7648027e-12,0
1.85,0.0,4.7461987e-12,0
1.85,0.0,6.8147796e-12,0
1.85,0.0,2.7685812e-12,0
1.85,0.0,2.141725e-12,0
1.85,0.0,4.638615e-12,0
1.85,0.0,2.6957692e-12,0
1.85,0.0,8.391168e-12,0
1.85,0.0,1.028278e-11,0
1.85,0.0,3.1695356e-12,0
1.85,0.0,5.672888e-12,0
1.85,0.0,5.4000623e-12,0
1.85,0.0,4.2100433e-12,0
1.85,0.0,5.791002e-12,0
1.85,0.0,2.566685e-12,0
1.85,0.0,2.035378e-12,0
1.85,0.0,6.456178e-12,0
1.85,0.0,2.3181476e-12,0
1.85,0.0,4.008235e-12,0
1.85,0.0,4.5942985e-12,0
1.85,0.0,4.019037e-12,0
1.85,0.0,2.5092909e-11,0
1.85,0.0,3.6273812e-12,0
1.85,0.0,7.4846e-12,0
1.85,0.0,9.969492e-12,0
1.85,0.0,4.3760325e-12,0
1.85,0.0,8.135093e-12,0
1.85,0.0,3.5284145e-12,0
1.85,0.0,1.64567e-12,0
1.85,0.0,1.7618793e-12,0
1.85,0.0,4.063063e-12,0
1.85,0.0,5.1085533e-12,0
1.85,0.0,8.224569e-12,0
1.85,0.0,2.593757e-12,0
1.85,0.0,1.3549958e-12,0
1.85,0.0,1.2020933e-12,0
1.85,0.0,5.821701e-12,0
1.85,0.0,4.824206e-12,0
1.85,0.0,2.7777106e-12,0
1.85,0.0,2.9068542e-12,0
1.85,0.0,2.295208e-12,0
1.85,0.0,2.6457924e-12,0
1.85,0.0,3.294551e-12,0
1.85,0.0,4.9937936e-12,0
1.85,0.0,3.644858e-12,0
1.85,0.0,2.1675001e-12,0
1.85,0.0,4.284032e-12,0
1.85,0.0,7.602624e-12,0
1.85,0.0,1.5295865e-11,0
1.85,0.0,6.959336e-12,0
1.85,0.0,8.605607e-12,0
1.85,0.0,1.519227e-11,0
1.85,0.0,6.339984e-11,0
1.85,0.0,4.8967098e-12,0
1.85,0.0,2.313136e-11,0
1.85,0.0,1.6329233e-11,0
1.85,0.0,1.1032528e-11,0
1.85,0.0,5.9429245e-12,0
1.85,0.0,8.5761944e-12,0
1.85,0.0,8.957397e-12,0
1.85,0.0,1.6138223e-11,0
1.85,0.0,6.355951e-12,0
1.85,0.0,6.4238484e-12,0
1.85,0.0,6.948407e-12,0
1.85,0.0,1.0412864e-11,0
1.85,0.0,1.9692297e-12,0
1.85,0.0,8.873072e-12,0
1.85,0.0,8.910095e-12,0
1.85,0.0,1.907592e-11,0
1.85,0.0,5.600611e-11,0
1.85,0.0,1.9017503e-11,0
1.85,0.0,5.3255473e-12,0
1.85,0.0,6.5390007e-12,0
1.85,0.0,5.5927407e-12,0
1.85,0.0,4.037762e-12,0
1.85,0.0,1.848347e-12,0
1.85,0.0,1.6030686e-12,0
1.85,0.0,1.6104236e-12,0
1.85,0.0,8.7385367e-13,0
1.85,0.0,3.0031576e-12,0
1.85,0.0,3.574387e-12,0
1.85,0.0,7.1328702e-12,0
1.85,0.0,5.665643e-12,0
1.85,0.0,1.3134221e-12,0
1.85,0.0,2.4184732e-12,0
1.85,0.0,3.7530343e-12,0
1.85,0.0,7.2104007e-12,0
1.85,0.0,1.4160338e-12,0
1.85,0.0,4.221872e-12,0
1.85,0.0,3.85405e-12,0
1.85,0.0,4.183276e-12,0
1.85,0.0,2.7521017e-12,0
1.85,0.0,2.8153786e-12,0
1.85,0.0,1.2905437e-12,0
1.85,0.0,2.3869346e-12,0
1.85,0.0,7.91968e-12,0
1.85,0.0,4.2123405e-12,0
1.85,0.0,7.524707e-12,0
1.85,0.0,6.1862802e-12,0
1.85,0.0,5.1137788e-12,0
1.85,0.0,4.393009e-12,0
1.85,0.0,5.4712042e-12,0
1.85,0.0,3.3865185e-12,0
1.85,0.0,4.5981123e-12,0
1.85,0.0,5.0883356e-12,0
1.85,0.0,5.567527e-12,0
1.85,0.0,9.223721e-12,0
1.85,0.0,5.131845e-12,0
1.85,0.0,7.339246e-12,0
1.85,0.0,1.04589445e-11,0
1.85,0.0,2.0531118e-11,0
1.85,0.0,1.7765728e-11,0
1.85,0.0,5.2097276e-12,0
1.85,0.0,9.410523e-12,0
1.85,0.0,9.633963e-12,0
1.85,0.0,7.560615e-12,0
1.85,0.0,1.1073343e-11,0
1.85,0.0,8.9680815e-12,0
1.85,0.0,7.647681e-12,0
1.85,0.0,5.245543e-12,0
1.85,0.0,7.0196605e-12,0
0.6,1.0,1.0,1
0.6,1.0,1.0,1
0.6,1.0,1.0,1
0.6,1.0,1.0,1
0.6,1.0,1.0,1
0.6,1.0,1.0,1
0.6,1.0,1.0,1
0.6,1.0,1.0,1
0.6,1.0,1.0,1
0.6,1.0,1.0,1
0.6,1.0,1.0,1
0.6,1.0,1.0,1
0.6,1.0,1.0,1
0.6,1.0,1.0,1
0.6,1.0,1.0,1
0.6,1.0,1.0,1
0.6,1.0,1.0,1
0.6,1.0,1.0,1
0.6,1.0,1.0,1
0.6,1.0,1.0,1
0.6,1.0,1.0,1
0.6,1.0,1.0,1
0.6,1.0,1.0,1
0.6,1.0,1.0,1
0.6,1.0,1.0,1
0.6,1.0,1.0,1
0.6,1.0,1.0,1
0.6,1.0,1.0,1
0.6,1.0,1.0,1
0.6,1.0,1.0,1
0.6,1.0,1.0,1
0.6,1.0,1.0,1
0.6,1.0,1.0,1
0.6,1.0,1.0,1
0.6,1.0,1.0,1
0.6,1.0,1.0,1
0.6,1.0,1.0,1
0.6,1.0,1.0,1
0.6,1.0,1.0,1
0.6,1.0,1.0,1
0.6,1.0,1.0,1
0.6,1.0,1.0,1
0.6,1.0,1.0,1
0.6,1.0,1.0,1
0.6,1.0,1.0,1
0.6,1.0,1.0,1
0.6,1.0,1.0,1
0.6,1.0,1.0,1
0.6,1.0,1.0,1
0.6,1.0,1.0,1
1.9,0.0,1.0659346e-12,0
1.9,0.0,3.6335368e-12,0
1.9,0.0,3.0990024e-12,0
1.9,0.0,8.710165e-13,0
1.9,0.0,2.2914988e-12,0
1.9,0.0,2.2138576e-12,0
1.9,0.0,1.1277776e-11,0
1.9,0.0,2.428791e-12,0
1.9,0.0,1.8791524e-12,0
1.9,0.0,2.1922512e-12,0
1.9,0.0,3.4883583e-12,0
1.9,0.0,1.6411092e-12,0
1.9,0.0,3.0392128e-12,0
1.9,0.0,4.51651e-12,0
1.9,0.0,4.6217912e-12,0
1.9,0.0,5.6915726e-12,0
1.9,0.0,6.125647e-12,0
1.9,0.0,1.14435605e-11,0
1.9,0.0,3.7332936e-12,0
1.9,0.0,3.3156756e-12,0
1.9,0.0,1.9256866e-12,0
1.9,0.0,5.6072248e-12,0
1.9,0.0,4.3499935e-12,0
1.9,0.0,5.417022e-12,0
1.9,0.0,3.8098903e-12,0
1.9,0.0,5.971342e-12,0
1.9,0.0,9.936878e-12,0
1.9,0.0,7.060562e-12,0
1.9,0.0,8.351331e-12,0
1.9,0.0,4.6284513e-12,0
1.9,0.0,2.5661365e-12,0
1.9,0.0,4.057216e-12,0
1.9,0.0,2.224698e-12,0
1.9,0.0,3.5376329e-12,0
1.9,0.0,2.0588913e-12,0
1.9,0.0,3.138093e-12,0
1.9,0.0,2.7155964e-12,0
1.9,0.0,3.5166434e-12,0
1.9,0.0,3.5883635e-12,0
1.9,0.0,2.3782187e-12,0
1.9,0.0,1.5929707e-12,0
1.9,0.0,1.6962843e-12,0
1.9,0.0,3.1258054e-12,0
1.9,0.0,1.8317686e-11,0
1.9,0.0,8.08482e-12,0
1.9,0.0,6.565708e-12,0
1.9,0.0,7.687842e-12,0
1.9,0.0,3.870736e-12,0
1.9,0.0,2.8664913e-12,0
1.9,0.0,2.888742e-12,0
1.9,0.0,4.054323e-12,0
1.9,0.0,3.8137943e-12,0
1.9,0.0,5.376753e-12,0
1.9,0.0,3.0409872e-12,0
1.9,0.0,3.5595626e-12,0
1.9,0.0,3.0282014e-12,0
1.9,0.0,2.9589395e-12,0
1.9,0.0,4.2522422e-12,0
1.9,0.0,4.4546203e-12,0
1.9,0.0,3.084878e-12,0
1.9,0.0,2.9738252e-12,0
1.9,0.0,1.7455895e-12,0
1.9,0.0,1.8210487e-12,0
1.9,0.0,4.614806e-12,0
1.9,0.0,6.056695e-12,0
1.9,0.0,4.319321e-12,0
1.9,0.0,3.4815985e-12,0
1.9,0.0,6.1245484e-12,0
1.9,0.0,5.3082465e-12,0
1.9,0.0,1.0205926e-12,0
1.9,0.0,1.0493888e-12,0
1.9,0.0,4.8445193e-12,0
1.9,0.0,1.754486e-11,0
1.9,0.0,3.8736974e-12,0
1.9,0.0,1.3929614e-12,0
1.9,0.0,9.801586e-13,0
1.9,0.0,1.5876654e-12,0
1.9,0.0,9.447945e-13,0
1.9,0.0,1.9752787e-12,0
1.9,0.0,1.9662872e-12,0
1.9,0.0,1.6227263e-12,0
1.9,0.0,1.062985e-11,0
1.9,0.0,6.493586e-12,0
1.9,0.0,6.751115e-12,0
1.9,0.0,4.023731e-12,0
1.9,0.0,4.8235803e-12,0
1.9,0.0,5.4871103e-12,0
1.9,0.0,2.549773e-12,0
1.9,0.0,5.087414e-12,0
1.9,0.0,7.112125e-12,0
1.9,0.0,1.08126615e-11,0
1.9,0.0,3.5020114e-12,0
1.9,0.0,2.7334415e-12,0
1.9,0.0,7.602436e-12,0
1.9,0.0,8.660852e-12,0
1.9,0.0,3.3069218e-12,0
1.9,0.0,7.0736234e-12,0
1.9,0.0,2.133595e-12,0
1.9,0.0,2.1071899e-12,0
1.9,0.0,2.0010228e-12,0
1.9,0.0,3.2035466e-12,0
1.9,0.0,5.3324892e-12,0
1.9,0.0,4.0571465e-12,0
1.9,0.0,6.046733e-12,0
1.9,0.0,1.2020458e-11,0
1.9,0.0,5.006239e-12,0
1.9,0.0,4.5166653e-12,0
1.9,0.0,1.1155105e-11,0
1.9,0.0,4.500018e-12,0
1.9,0.0,5.1221345e-12,0
1.9,0.0,8.0297114e-12,0
1.9,0.0,4.08542e-12,0
1.9,0.0,4.8315176e-12,0
1.9,0.0,4.9960136e-12,0
1.9,0.0,2.4752732e-12,0
1.9,0.0,2.9709848e-12,0
1.9,0.0,2.4295648e-12,0
1.9,0.0,4.1087073e-12,0
1.9,0.0,1.3551197e-12,0
1.9,0.0,2.9157612e-12,0
1.9,0.0,2.7529316e-12,0
1.9,0.0,2.6989177e-12,0
1.9,0.0,7.472361e-12,0
1.9,0.0,6.4284324e-12,0
1.9,0.0,8.388208e-12,0
1.9,0.0,4.584486e-12,0
1.9,0.0,8.795697e-12,0
1.9,0.0,2.7357888e-12,0
1.9,0.0,1.6996944e-12,0
1.9,0.0,1.4338411e-12,0
1.9,0.0,2.7809337e-12,0
1.9,0.0,1.7279036e-12,0
1.9,0.0,3.2920886e-12,0
1.9,0.0,2.4715603e-12,0
1.9,0.0,2.8516586e-12,0
1.9,0.0,1.2906594e-12,0
1.9,0.0,1.1977792e-12,0
1.9,0.0,2.9923453e-12,0
1.9,0.0,2.157115e-12,0
1.9,0.0,4.5987615e-12,0
1.9,0.0,4.1894964e-12,0
1.9,0.0,5.515388e-12,0
1.9,0.0,6.76572e-12,0
1.9,0.0,2.1490947e-12,0
1.9,0.0,3.8247504e-12,0
1.9,0.0,2.6100198e-12,0
1.9,0.0,4.786737e-12,0
1.9,0.0,2.714188e-12,0
1.9,0.0,6.7135806e-12,0
1.9,0.0,5.9642165e-12,0
1.9,0.0,1.4221863e-12,0
1.9,0.0,7.4263685e-12,0
1.9,0.0,3.6546456e-12,0
1.9,0.0,2.8744518e-12,0
1.9,0.0,3.846075e-12,0
1.9,0.0,1.0436446e-11,0
1.9,0.0,9.1362785e-12,0
1.9,0.0,2.732889e-12,0
1.9,0.0,1.9977774e-12,0
1.9,0.0,4.982567e-12,0
1.9,0.0,2.86038e-12,0
1.9,0.0,2.381187e-12,0
1.9,0.0,5.090093e-12,0
1.9,0.0,3.4912938e-12,0
1.9,0.0,9.682541e-12,0
1.9,0.0,7.757853e-12,0
1.9,0.0,2.5196538e-12,0
1.9,0.0,4.1621537e-12,0
1.9,0.0,3.626869e-12,0
1.9,0.0,3.8732468e-12,0
1.9,0.0,2.9648146e-12,0
1.9,0.0,2.621995e-12,0
1.9,0.0,4.1094207e-12,0
1.9,0.0,5.19005e-12,0
1.9,0.0,4.756875e-12,0
1.9,0.0,3.9211915e-12,0
1.9,0.0,4.2305695e-12,0
1.9,0.0,4.8540646e-12,0
1.9,0.0,2.1662435e-12,0
1.9,0.0,3.3306723e-12,0
1.9,0.0,2.6508134e-12,0
1.9,0.0,1.0543145e-11,0
1.9,0.0,8.493595e-12,0
1.9,0.0,1.0840126e-11,0
1.9,0.0,7.269171e-12,0
1.9,0.0,4.3375746e-12,0
1.9,0.0,4.5286127e-12,0
1.9,0.0,1.5623305e-11,0
1.9,0.0,2.6253678e-12,0
1.9,0.0,2.0897789e-12,0
1.9,0.0,6.0229183e-12,0
1.9,0.0,5.061263e-12,0
1.9,0.0,1.6908896e-12,0
1.9,0.0,2.292596e-12,0
1.9,0.0,5.2362966e-12,0
1.9,0.0,2.5889035e-12,0
1.9,0.0,1.9203352e-12,0
1.9,0.0,1.4416455e-12,0
1.9,0.0,6.376083e-12,0
1.9,0.0,3.4637758e-11,0
1.9,0.0,3.4908075e-12,0
1.9,0.0,5.1706248e-12,0
1.9,0.0,9.0622405e-12,0
1.9,0.0,2.3333364e-12,0
1.9,0.0,7.265095e-12,0
1.9,0.0,4.6532895e-12,0
1.9,0.0,3.5271963e-12,0
1.9,0.0,2.864562e-12,0
1.9,0.0,1.7451067e-12,0
1.9,0.0,3.7177887e-12,0
1.9,0.0,6.4888438e-12,0
1.9,0.0,5.9407826e-12,0
1.9,0.0,1.6232711e-12,0
1.9,0.0,1.0828073e-12,0
1.9,0.0,1.4751128e-12,0
1.9,0.0,1.4711256e-12,0
1.9,0.0,2.832561e-12,0
1.9,0.0,1.0149461e-11,0
1.9,0.0,5.6082725e-12,0
1.9,0.0,1.6701005e-12,0
1.9,0.0,5.5802316e-12,0
1.9,0.0,2.5659065e-12,0
1.9,0.0,1.6106233e-12,0
1.9,0.0,7.0803185e-12,0
1.9,0.0,2.528647e-12,0
1.9,0.0,3.8919827e-12,0
1.9,0.0,3.2111692e-12,0
1.9,0.0,1.69743e-12,0
1.9,0.0,1.3732134e-12,0
1.9,0.0,5.83984e-12,0
1.9,0.0,4.555113e-12,0
1.9,0.0,7.720537e-12,0
1.9,0.0,2.9164564e-12,0
1.9,0.0,5.718297e-12,0
1.9,0.0,3.687703e-12,0
1.9,0.0,5.1639817e-12,0
1.9,0.0,3.6813217e-12,0
1.9,0.0,5.1004626e-12,0
1.9,0.0,1.3209145e-11,0
1.9,0.0,2.3618649e-11,0
1.9,0.0,1.12180916e-11,0
1.9,0.0,1.1047921e-11,0
1.9,0.0,5.1736436e-12,0
1.9,0.0,2.4911778e-12,0
1.9,0.0,2.902151e-12,0
1.9,0.0,2.4659521e-12,0
1.9,0.0,3.3415662e-12,0
1.9,0.0,5.9492307e-12,0
1.9,0.0,2.8177584e-12,0
1.9,0.0,4.9726933e-12,0
1.95,0.0,3.5069309e-12,0
1.95,0.0,1.0532046e-12,0
1.95,0.0,1.8148731e-12,0
1.95,0.0,3.2149199e-12,0
1.95,0.0,9.0249786e-13,0
1.95,0.0,1.8034307e-12,0
1.95,0.0,3.7938567e-12,0
1.95,0.0,8.105248e-12,0
1.95,0.0,2.7730628e-12,0
1.95,0.0,4.178452e-12,0
1.95,0.0,6.21234e-12,0
1.95,0.0,1.647281e-12,0
1.95,0.0,2.5660145e-12,0
1.95,0.0,1.3760897e-12,0
1.95,0.0,3.9898605e-12,0
1.95,0.0,2.6276674e-12,0
1.95,0.0,1.8525188e-12,0
1.95,0.0,4.1560136e-12,0
1.95,0.0,3.5195154e-12,0
1.95,0.0,7.092074e-13,0
1.95,0.0,1.0602064e-12,0
1.95,0.0,1.3932802e-12,0
1.95,0.0,4.0907065e-12,0
1.95,0.0,1.4712717e-12,0
1.95,0.0,4.356146e-12,0
1.95,0.0,9.404955e-13,0
1.95,0.0,1.5167563e-12,0
1.95,0.0,2.0391783e-12,0
1.95,0.0,3.2666938e-12,0
1.95,0.0,7.672475e-12,0
1.95,0.0,4.450493e-12,0
1.95,0.0,5.6493057e-12,0
1.95,0.0,1.7255193e-12,0
1.95,0.0,1.2671451e-12,0
1.95,0.0,1.6783392e-12,0
1.95,0.0,1.9710258e-12,0
1.95,0.0,9.907538e-13,0
1.95,0.0,1.7688999e-12,0
1.95,0.0,3.9278742e-13,0
1.95,0.0,1.0168484e-12,0
1.95,0.0,3.3727949e-12,0
1.95,0.0,2.5985058e-12,0
1.95,0.0,1.4748118e-12,0
1.95,0.0,4.0772307e-12,0
1.95,0.0,6.1485196e-12,0
1.95,0.0,2.9232285e-12,0
1.95,0.0,1.7834675e-12,0
1.95,0.0,1.959664e-12,0
1.95,0.0,9.780987e-13,0
1.95,0.0,1.7579554e-12,0
1.95,0.0,4.96964e-12,0
1.95,0.0,4.116834e-12,0
1.95,0.0,1.8878425e-12,0
1.95,0.0,2.403271e-12,0
1.95,0.0,1.9257235e-12,0
1.95,0.0,1.6185346e-12,0
1.95,0.0,1.5253002e-12,0
1.95,0.0,2.6455348e-12,0
1.95,0.0,3.65664e-12,0
1.95,0.0,5.1060397e-12,0
1.95,0.0,1.5832382e-12,0
1.95,0.0,2.6969674e-12,0
1.95,0.0,3.3823163e-12,0
1.95,0.0,1.8659946e-12,0
1.95,0.0,3.0048078e-12,0
1.95,0.0,1.626879e-12,0
1.95,0.0,1.2258422e-12,0
1.95,0.0,4.2410645e-12,0
1.95,0.0,9.469255e-12,0
1.95,0.0,7.87882e-12,0
1.95,0.0,4.7677296e-12,0
1.95,0.0,1.0640054e-11,0
1.95,0.0,8.159678e-12,0
1.95,0.0,2.9545969e-12,0
1.95,0.0,2.634251e-12,0
1.95,0.0,2.751472e-12,0
1.95,0.0,3.76518e-12,0
1.95,0.0,2.247546e-12,0
1.95,0.0,1.7668601e-12,0
1.95,0.0,2.5536715e-12,0
1.95,0.0,2.7110113e-12,0
1.95,0.0,1.853459e-12,0
1.95,0.0,1.1581783e-12,0
1.95,0.0,1.0547686e-12,0
1.95,0.0,1.352099e-12,0
1.95,0.0,1.6819829e-12,0
1.95,0.0,3.3234698e-12,0
1.95,0.0,1.027752e-12,0
1.95,0.0,8.201287e-13,0
1.95,0.0,5.644276e-12,0
1.95,0.0,4.1881784e-12,0
1.95,0.0,2.18114e-12,0
1.95,0.0,2.3716413e-12,0
1.95,0.0,1.6439884e-12,0
1.95,0.0,2.3616833e-12,0
1.95,0.0,7.1017827e-12,0
1.95,0.0,2.8362965e-12,0
1.95,0.0,1.9781403e-12,0
1.95,0.0,1.1177805e-12,0
1.95,0.0,1.4869488e-12,0
1.95,0.0,3.2985689e-12,0
1.95,0.0,2.0521753e-12,0
1.95,0.0,4.60343e-12,0
1.95,0.0,2.642101e-12,0
1.95,0.0,1.4083116e-12,0
1.95,0.0,3.2564043e-12,0
1.95,0.0,1.6347423e-12,0
1.95,0.0,7.0691825e-13,0
1.95,0.0,1.3043648e-12,0
1.95,0.0,2.84781e-12,0
1.95,0.0,2.1962354e-12,0
1.95,0.0,3.845481e-12,0
1.95,0.0,2.6465343e-12,0
1.95,0.0,1.2273659e-11,0
1.95,0.0,6.4581734e-12,0
1.95,0.0,4.725883e-12,0
1.95,0.0,2.8452204e-12,0
1.95,0.0,9.794919e-12,0
1.95,0.0,6.7391756e-12,0
1.95,0.0,1.6185223e-12,0
1.95,0.0,5.212978e-12,0
1.95,0.0,3.5275869e-12,0
1.95,0.0,4.339353e-12,0
1.95,0.0,2.8239835e-12,0
1.95,0.0,1.7601463e-12,0
1.95,0.0,1.8139942e-12,0
1.95,0.0,7.811633e-12,0
1.95,0.0,1.4822484e-12,0
1.95,0.0,9.172925e-13,0
1.95,0.0,1.7726153e-12,0
1.95,0.0,2.448947e-12,0
1.95,0.0,9.670594e-13,0
1.95,0.0,1.3345255e-12,0
1.95,0.0,1.5416737e-12,0
1.95,0.0,1.7331982e-12,0
1.95,0.0,8.9909243e-13,0
1.95,0.0,3.0737307e-12,0
1.95,0.0,4.355091e-12,0
1.95,0.0,5.0547123e-12,0
1.95,0.0,5.299738e-12,0
1.95,0.0,2.8160016e-12,0
1.95,0.0,6.359456e-12,0
1.95,0.0,5.7815874e-12,0
1.95,0.0,1.9578967e-12,0
1.95,0.0,8.286593e-12,0
1.95,0.0,2.2622375e-12,0
1.95,0.0,3.810152e-12,0
1.95,0.0,3.181898e-12,0
1.95,0.0,1.2365175e-12,0
1.95,0.0,2.381655e-12,0
1.95,0.0,1.8405336e-12,0
1.95,0.0,1.5442133e-12,0
1.95,0.0,1.4430156e-12,0
1.95,0.0,2.277212e-12,0
1.95,0.0,2.4112648e-12,0
1.95,0.0,6.277889e-12,0
1.95,0.0,1.6561493e-12,0
1.95,0.0,1.5566692e-12,0
1.95,0.0,3.853653e-12,0
1.95,0.0,1.7167739e-12,0
1.95,0.0,1.2301941e-12,0
1.95,0.0,1.2845074e-12,0
1.95,0.0,2.8219861e-12,0
1.95,0.0,1.3430133e-12,0
1.95,0.0,4.7373446e-12,0
1.95,0.0,4.568242e-12,0
1.95,0.0,4.248764e-12,0
1.95,0.0,2.8919395e-12,0
1.95,0.0,5.169885e-12,0
1.95,0.0,2.5020014e-12,0
1.95,0.0,1.890055e-12,0
1.95,0.0,1.2762117e-12,0
1.95,0.0,1.7700374e-12,0
1.95,0.0,2.7159798e-12,0
1.95,0.0,5.5180183e-12,0
1.95,0.0,3.2119717e-12,0
1.95,0.0,2.290699e-12,0
1.95,0.0,7.894614e-12,0
1.95,0.0,1.3716245e-12,0
1.95,0.0,1.3914001e-12,0
1.95,0.0,1.6925773e-12,0
1.95,0.0,1.2979717e-12,0
1.95,0.0,2.3481724e-12,0
1.95,0.0,1.6517486e-12,0
1.95,0.0,3.8454e-12,0
1.95,0.0,7.2131515e-12,0
1.95,0.0,1.9938185e-12,0
1.95,0.0,2.4831842e-12,0
1.95,0.0,1.1108579e-12,0
1.95,0.0,9.77998e-13,0
1.95,0.0,2.6797592e-12,0
1.95,0.0,5.613163e-12,0
1.95,0.0,2.8837876e-12,0
1.95,0.0,3.0654342e-12,0
1.95,0.0,3.6184738e-12,0
1.95,0.0,2.854597e-12,0
1.95,0.0,2.8088992e-12,0
1.95,0.0,6.244844e-12,0
1.95,0.0,2.98898e-12,0
1.95,0.0,1.9549488e-12,0
1.95,0.0,7.5476335e-12,0
1.95,0.0,5.3745996e-12,0
1.95,0.0,2.5825759e-12,0
1.95,0.0,2.1756763e-12,0
1.95,0.0,2.23714e-12,0
1.95,0.0,3.612502e-12,0
1.95,0.0,2.9287592e-12,0
1.95,0.0,2.3769714e-12,0
1.95,0.0,1.1399701e-12,0
1.95,0.0,3.6684106e-12,0
1.95,0.0,4.6187863e-12,0
1.95,0.0,2.8885603e-12,0
1.95,0.0,5.4107747e-12,0
1.95,0.0,1.3666003e-12,0
1.95,0.0,1.7688562e-12,0
1.95,0.0,2.3799747e-12,0
1.95,0.0,1.6825988e-12,0
1.95,0.0,1.969827e-12,0
1.95,0.0,2.6979556e-12,0
1.95,0.0,1.5315241e-12,0
1.95,0.0,1.9125495e-12,0
1.95,0.0,1.0567985e-12,0
1.95,0.0,3.7022703e-12,0
1.95,0.0,2.2554218e-12,0
1.95,0.0,3.025973e-12,0
1.95,0.0,1.8288702e-12,0
1.95,0.0,4.6114887e-12,0
1.95,0.0,1.3170497e-12,0
1.95,0.0,9.929521e-13,0
1.95,0.0,1.5461792e-12,0
1.95,0.0,1.9506803e-12,0
1.95,0.0,2.4119684e-12,0
1.95,0.0,2.089436e-12,0
1.95,0.0,1.7725983e-12,0
1.95,0.0,2.456446e-12,0
1.95,0.0,5.6537224e-13,0
1.95,0.0,1.6755821e-12,0
1.95,0.0,2.4014289e-12,0
1.95,0.0,5.3512372e-12,0
1.95,0.0,2.649019e-12,0
1.95,0.0,2.9083183e-12,0
1.95,0.0,7.2143723e-13,0
1.95,0.0,1.6744829e-12,0
1.95,0.0,2.4802306e-12,0
1.95,0.0,1.3317793e-12,0
1.95,0.0,2.7840703e-12,0
1.95,0.0,1.4257062e-12,0
1.95,0.0,1.9981356e-12,0
1.95,0.0,4.6897677e-12,0
1.95,0.0,3.43693e-12,0
0.6,1.0,1.0,1
0.6,1.0,1.0,1
0.6,1.0,1.0,1
0.6,1.0,1.0,1
0.6,1.0,1.0,1
0.6,1.0,1.0,1
0.6,1.0,1.0,1
0.6,1.0,1.0,1
0.6,1.0,1.0,1
0.6,1.0,1.0,1
0.6,1.0,1.0,1
0.6,1.0,1.0,1
0.6,1.0,1.0,1
0.6,1.0,1.0,1
0.6,1.0,1.0,1
0.6,1.0,1.0,1
0.6,1.0,1.0,1
0.6,1.0,1.0,1
0.6,1.0,1.0,1
0.6,1.0,1.0,1
0.6,1.0,1.0,1
0.6,1.0,1.0,1
0.6,1.0,1.0,1
0.6,1.0,1.0,1
0.6,1.0,1.0,1
0.6,1.0,1.0,1
0.6,1.0,1.0,1
0.6,1.0,1.0,1
0.6,1.0,1.0,1
0.6,1.0,1.0,1
0.6,1.0,1.0,1
0.6,1.0,1.0,1
0.6,1.0,1.0,1
0.6,1.0,1.0,1
0.6,1.0,1.0,1
0.6,1.0,1.0,1
0.6,1.0,1.0,1
0.6,1.0,1.0,1
0.6,1.0,1.0,1
0.6,1.0,1.0,1
0.6,1.0,1.0,1
0.6,1.0,1.0,1
0.6,1.0,1.0,1
0.6,1.0,1.0,1
0.6,1.0,1.0,1
0.6,1.0,1.0,1
0.6,1.0,1.0,1
0.6,1.0,1.0,1
0.6,1.0,1.0,1
0.6,1.0,1.0,1
2.0,0.0,2.1180898e-12,0
2.0,0.0,1.7908542e-12,0
2.0,0.0,1.6076677e-12,0
2.0,0.0,1.7350371e-12,0
2.0,0.0,5.4781873e-13,0
2.0,0.0,8.840802e-13,0
2.0,0.0,1.3115521e-12,0
2.0,0.0,2.7033486e-12,0
2.0,0.0,3.361684e-12,0
2.0,0.0,7.256713e-13,0
2.0,0.0,1.3513566e-12,0
2.0,0.0,1.4442271e-12,0
2.0,0.0,2.5980795e-12,0
2.0,0.0,3.3240721e-12,0
2.0,0.0,3.782881e-12,0
2.0,0.0,3.2355462e-12,0
2.0,0.0,7.380542e-13,0
2.0,0.0,1.7669476e-12,0
2.0,0.0,1.0539482e-12,0
2.0,0.0,1.4997606e-12,0
2.0,0.0,7.497455e-13,0
2.0,0.0,1.200265e-12,0
2.0,0.0,1.1550171e-12,0
2.0,0.0,8.5955787e-13,0
2.0,0.0,6.1311026e-13,0
2.0,0.0,2.0528015e-12,0
2.0,0.0,6.990876e-13,0
2.0,0.0,1.8772752e-12,0
2.0,0.0,1.5190928e-12,0
2.0,0.0,9.010753e-13,0
2.0,0.0,2.188174e-12,0
2.0,0.0,1.397107e-12,0
2.0,0.0,1.8636826e-12,0
2.0,0.0,1.0243565e-12,0
2.0,0.0,2.2286394e-12,0
2.0,0.0,2.8602544e-12,0
2.0,0.0,1.4957896e-12,0
2.0,0.0,2.3249003e-12,0
2.0,0.0,7.749272e-13,0
2.0,0.0,6.0995423e-12,0
2.0,0.0,5.9185473e-12,0
2.0,0.0,2.3560234e-12,0
2.0,0.0,6.048164e-12,0
2.0,0.0,1.6748056e-12,0
2.0,0.0,2.7803398e-12,0
2.0,0.0,1.7509213e-12,0
2.0,0.0,6.858724e-12,0
2.0,0.0,1.6604257e-12,0
2.0,0.0,2.1480784e-12,0
2.0,0.0,3.900514e-12,0
2.0,0.0,2.063184e-12,0
2.0,0.0,1.1640382e-12,0
2.0,0.0,8.807982e-13,0
2.0,0.0,1.2802832e-12,0
2.0,0.0,1.20491e-12,0
2.0,0.0,1.2812116e-12,0
2.0,0.0,4.7908105e-12,0
2.0,0.0,7.875094e-12,0
2.0,0.0,2.0569562e-12,0
2.0,0.0,1.588453e-12,0
2.0,0.0,1.6427472e-12,0
2.0,0.0,1.784604e-12,0
2.0,0.0,1.989689e-12,0
2.0,0.0,9.03807e-13,0
2.0,0.0,1.1802354e-12,0
2.0,0.0,1.2523108e-12,0
2.0,0.0,6.3929087e-13,0
2.0,0.0,3.4194894e-13,0
2.0,0.0,1.1889091e-12,0
2.0,0.0,3.1725959e-12,0
2.0,0.0,1.0986282e-12,0
2.0,0.0,5.685776e-13,0
2.0,0.0,1.845529e-12,0
2.0,0.0,3.7742327e-12,0
2.0,0.0,2.5880496e-12,0
2.0,0.0,1.2547806e-12,0
2.0,0.0,2.6045396e-12,0
2.0,0.0,2.812314e-12,0
2.0,0.0,4.634644e-12,0
2.0,0.0,8.816335e-13,0
2.0,0.0,1.1998004e-12,0
2.0,0.0,2.2743602e-12,0
2.0,0.0,2.4339803e-12,0
2.0,0.0,2.707709e-12,0
2.0,0.0,8.686213e-12,0
2.0,0.0,1.3947799e-12,0
2.0,0.0,1.1403855e-12,0
2.0,0.0,5.674533e-12,0
2.0,0.0,5.338504e-12,0
2.0,0.0,1.8356254e-12,0
2.0,0.0,3.4164663e-12,0
2.0,0.0,1.7442416e-12,0
2.0,0.0,1.7832974e-12,0
2.0,0.0,3.7439024e-13,0
2.0,0.0,1.0624149e-12,0
2.0,0.0,3.5682364e-12,0
2.0,0.0,6.6080057e-13,0
2.0,0.0,6.5395335e-13,0
2.0,0.0,2.8455135e-12,0
2.0,0.0,5.5749416e-13,0
2.0,0.0,2.115768e-12,0
2.0,0.0,2.3505564e-12,0
2.0,0.0,3.0755897e-12,0
2.0,0.0,8.15277e-12,0
2.0,0.0,6.958018e-13,0
2.0,0.0,1.3993818e-12,0
2.0,0.0,1.6208981e-12,0
2.0,0.0,2.3100352e-12,0
2.0,0.0,1.8281969e-12,0
2.0,0.0,1.7444811e-12,0
2.0,0.0,2.0851404e-12,0
2.0,0.0,3.2320982e-12,0
2.0,0.0,1.5210004e-12,0
2.0,0.0,2.5074526e-12,0
2.0,0.0,1.0957194e-12,0
2.0,0.0,1.6918026e-12,0
2.0,0.0,3.6030263e-12,0
2.0,0.0,2.4708957e-12,0
2.0,0.0,2.6316748e-12,0
2.0,0.0,2.4953102e-12,0
2.0,0.0,8.281469e-13,0
2.0,0.0,1.2190572e-12,0
2.0,0.0,2.7291073e-12,0
2.0,0.0,1.4329279e-12,0
2.0,0.0,3.8937503e-12,0
2.0,0.0,2.6179174e-12,0
2.0,0.0,8.698759e-13,0
2.0,0.0,2.3975754e-12,0
2.0,0.0,3.7979767e-12,0
2.0,0.0,1.4353077e-12,0
2.0,0.0,8.28357e-13,0
2.0,0.0,1.1284484e-12,0
2.0,0.0,1.337614e-12,0
2.0,0.0,8.969856e-13,0
2.0,0.0,2.6412897e-12,0
2.0,0.0,3.06194e-12,0
2.0,0.0,1.778803e-12,0
2.0,0.0,1.9255949e-12,0
2.0,0.0,2.7311486e-12,0
2.0,0.0,1.4911693e-12,0
2.0,0.0,1.6522938e-12,0
2.0,0.0,1.444511e-12,0
2.0,0.0,1.6758346e-12,0
2.0,0.0,1.6943538e-12,0
2.0,0.0,1.3371421e-12,0
2.0,0.0,1.7294007e-12,0
2.0,0.0,3.033381e-12,0
2.0,0.0,3.2262042e-12,0
2.0,0.0,2.6226053e-12,0
2.0,0.0,2.197048e-12,0
2.0,0.0,1.5033749e-12,0
2.0,0.0,1.186372e-12,0
2.0,0.0,2.1249443e-12,0
2.0,0.0,1.2706011e-12,0
2.0,0.0,7.81461e-13,0
2.0,0.0,2.0548738e-12,0
2.0,0.0,1.1683266e-12,0
2.0,0.0,1.5528851e-12,0
2.0,0.0,3.7741607e-12,0
2.0,0.0,1.1944415e-12,0
2.0,0.0,1.8699066e-12,0
2.0,0.0,1.6197205e-12,0
2.0,0.0,5.3476836e-13,0
2.0,0.0,1.2981524e-12,0
2.0,0.0,1.0799177e-12,0
2.0,0.0,1.2310227e-12,0
2.0,0.0,1.3305833e-12,0
2.0,0.0,2.085196e-12,0
2.0,0.0,3.01463e-12,0
2.0,0.0,1.5704949e-12,0
2.0,0.0,1.921658e-12,0
2.0,0.0,1.047499e-12,0
2.0,0.0,9.482463e-13,0
2.0,0.0,5.407759e-13,0
2.0,0.0,9.563236e-13,0
2.0,0.0,2.1942298e-12,0
2.0,0.0,3.0124056e-12,0
2.0,0.0,4.0189145e-12,0
2.0,0.0,3.410984e-12,0
2.0,0.0,1.8000011e-12,0
2.0,0.0,2.517684e-12,0
2.0,0.0,1.794797e-12,0
2.0,0.0,1.6544949e-12,0
2.0,0.0,2.8731475e-12,0
2.0,0.0,8.1697333e-13,0
2.0,0.0,1.2846251e-12,0
2.0,0.0,2.7119318e-12,0
2.0,0.0,1.3377492e-12,0
2.0,0.0,2.9914322e-12,0
2.0,0.0,3.8185986e-12,0
2.0,0.0,2.2551594e-12,0
2.0,0.0,2.1610272e-12,0
2.0,0.0,1.0856549e-12,0
2.0,0.0,2.6255933e-12,0
2.0,0.0,1.2259193e-12,0
2.0,0.0,1.9960635e-12,0
2.0,0.0,1.0449248e-12,0
2.0,0.0,6.0999816e-13,0
2.0,0.0,1.2962671e-12,0
2.0,0.0,1.8157836e-12,0
2.0,0.0,2.589743e-12,0
2.0,0.0,1.4942583e-12,0
2.0,0.0,1.5919713e-12,0
2.0,0.0,5.5192477e-13,0
2.0,0.0,6.052038e-13,0
2.0,0.0,2.8878662e-12,0
2.0,0.0,2.2476786e-12,0
2.0,0.0,1.6815082e-12,0
2.0,0.0,1.5128386e-12,0
2.0,0.0,2.429866e-12,0
2.0,0.0,1.7543512e-12,0
2.0,0.0,3.5236866e-12,0
2.0,0.0,4.590016e-12,0
2.0,0.0,7.0729447e-13,0
2.0,0.0,1.6178988e-12,0
2.0,0.0,1.4753407e-12,0
2.0,0.0,9.827812e-13,0
2.0,0.0,1.4632955e-12,0
2.0,0.0,2.0305812e-12,0
2.0,0.0,9.630321e-13,0
2.0,0.0,1.7982099e-12,0
2.0,0.0,1.199885e-12,0
2.0,0.0,1.4334145e-12,0
2.0,0.0,3.4770524e-12,0
2.0,0.0,1.4463691e-12,0
2.0,0.0,1.7013747e-12,0
2.0,0.0,2.5470266e-12,0
2.0,0.0,9.375333e-13,0
2.0,0.0,1.0365065e-12,0
2.0,0.0,5.3334735e-13,0
2.0,0.0,4.35775e-12,0
2.0,0.0,2.9547094e-12,0
2.0,0.0,1.6603718e-12,0
2.0,0.0,1.5271778e-12,0
2.0,0.0,3.5423864e-12,0
2.0,0.0,1.5199971e-12,0
2.0,0.0,2.1323705e-12,0
2.0,0.0,1.5639873e-12,0
2.0,0.0,3.816698e-12,0
2.0,0.0,1.3313679e-12,0
2.0,0.0,3.3758133e-12,0
2.0,0.0,1.7074669e-12,0
2.0,0.0,1.3502075e-12,0
2.0,0.0,1.9473013e-12,0
2.0,0.0,2.3602422e-12,0
2.0,0.0,8.4305636e-13,0
2.0,0.0,8.783207e-12,0
2.0,0.0,5.3854876e-12,0
2.0,0.0,9.2413655e-12,0
2.0,0.0,1.217789e-11,0
2.05,0.0,1.8674472e-12,0
2.05,0.0,3.282389e-12,0
2.05,0.0,6.1913794e-12,0
2.05,0.0,1.6338819e-12,0
2.05,0.0,1.2860005e-12,0
2.05,0.0,1.6760295e-12,0
2.05,0.0,1.6548927e-12,0
2.05,0.0,7.1526617e-13,0
2.05,0.0,1.2851127e-12,0
2.05,0.0,9.125146e-13,0
2.05,0.0,9.000705e-13,0
2.05,0.0,1.4430458e-12,0
2.05,0.0,2.0639083e-12,0
2.05,0.0,8.589892e-13,0
2.05,0.0,7.8357595e-13,0
2.05,0.0,1.258899e-12,0
2.05,0.0,1.021093e-12,0
2.05,0.0,9.03364e-13,0
2.05,0.0,3.0368603e-12,0
2.05,0.0,1.9878342e-12,0
2.05,0.0,9.830812e-13,0
2.05,0.0,3.0751437e-12,0
2.05,0.0,1.6355689e-12,0
2.05,0.0,1.0402517e-12,0
2.05,0.0,8.2158623e-13,0
2.05,0.0,9.400365e-13,0
2.05,0.0,2.1253457e-12,0
2.05,0.0,1.7906867e-12,0
2.05,0.0,1.4950396e-12,0
2.05,0.0,8.6515354e-13,0
2.05,0.0,1.3052808e-12,0
2.05,0.0,5.443825e-13,0
2.05,0.0,1.0937421e-12,0
2.05,0.0,9.701225e-13,0
2.05,0.0,8.4197173e-13,0
2.05,0.0,9.959034e-13,0
2.05,0.0,7.3201596e-13,0
2.05,0.0,8.543292e-13,0
2.05,0.0,2.437553e-12,0
2.05,0.0,1.0150888e-12,0
2.05,0.0,3.3304375e-12,0
2.05,0.0,1.8397159e-12,0
2.05,0.0,1.2275362e-12,0
2.05,0.0,1.6020933e-12,0
2.05,0.0,8.271051e-13,0
2.05,0.0,1.0121579e-12,0
2.05,0.0,7.592158e-13,0
2.05,0.0,1.1013663e-12,0
2.05,0.0,1.1496716e-12,0
2.05,0.0,2.5337887e-12,0
2.05,0.0,3.70593e-12,0
2.05,0.0,1.016098e-12,0
2.05,0.0,2.3655108e-12,0
2.05,0.0,7.614941e-13,0
2.05,0.0,1.2632262e-12,0
2.05,0.0,9.064535e-13,0
2.05,0.0,1.5722063e-12,0
2.05,0.0,1.5948129e-12,0
2.05,0.0,9.10734e-13,0
2.05,0.0,1.2792972e-12,0
2.05,0.0,1.6193932e-12,0
2.05,0.0,1.1942797e-12,0
2.05,0.0,1.1168235e-12,0
2.05,0.0,2.122943e-12,0
2.05,0.0,1.9010822e-12,0
2.05,0.0,1.0840245e-12,0
2.05,0.0,5.1614e-13,0
2.05,0.0,1.5738265e-12,0
2.05,0.0,2.031147e-12,0
2.05,0.0,6.7357155e-13,0
2.05,0.0,1.1875629e-12,0
2.05,0.0,9.616994e-13,0
2.05,0.0,9.317609e-13,0
2.05,0.0,2.143895e-12,0
2.05,0.0,1.5915402e-12,0
2.05,0.0,1.6641066e-12,0
2.05,0.0,2.575846e-12,0
2.05,0.0,1.6726954e-12,0
2.05,0.0,1.2611606e-12,0
2.05,0.0,9.638719e-13,0
2.05,0.0,7.491679e-13,0
2.05,0.0,1.6438535e-12,0
2.05,0.0,2.3566075e-12,0
2.05,0.0,2.279789e-12,0
2.05,0.0,2.1741953e-12,0
2.05,0.0,2.7996726e-12,0
2.05,0.0,9.698025e-13,0
2.05,0.0,9.127879e-13,0
2.05,0.0,1.1368e-12,0
2.05,0.0,1.7546389e-12,0
2.05,0.0,7.2643025e-13,0
2.05,0.0,1.1177931e-12,0
2.05,0.0,1.2028478e-12,0
2.05,0.0,1.170892e-12,0
2.05,0.0,1.1137199e-12,0
2.05,0.0,1.4203185e-12,0
2.05,0.0,1.4239995e-12,0
2.05,0.0,2.0974299e-12,0
2.05,0.0,1.7925493e-12,0
2.05,0.0,1.6049164e-12,0
2.05,0.0,1.0386042e-12,0
2.05,0.0,1.4010297e-12,0
2.05,0.0,2.005803e-12,0
2.05,0.0,1.4050572e-12,0
2.05,0.0,8.9310357e-13,0
2.05,0.0,1.8521302e-12,0
2.05,0.0,1.886403e-12,0
2.05,0.0,3.0926724e-12,0
2.05,0.0,1.5806615e-12,0
2.05,0.0,1.0918162e-12,0
2.05,0.0,1.6590675e-12,0
2.05,0.0,1.5604059e-12,0
2.05,0.0,1.7262435e-12,0
2.05,0.0,2.233222e-12,0
2.05,0.0,1.7164038e-12,0
2.05,0.0,8.7315734e-13,0
2.05,0.0,1.043264e-12,0
2.05,0.0,7.681213e-13,0
2.05,0.0,1.1388227e-12,0
2.05,0.0,1.2437839e-12,0
2.05,0.0,5.6089335e-13,0
2.05,0.0,1.006928e-12,0
2.05,0.0,1.530435e-12,0
2.05,0.0,1.0635463e-12,0
2.05,0.0,7.3556113e-13,0
2.05,0.0,9.547852e-13,0
2.05,0.0,8.2812327e-13,0
2.05,0.0,1.0460894e-12,0
2.05,0.0,3.782569e-13,0
2.05,0.0,1.773924e-12,0
2.05,0.0,8.705381e-13,0
2.05,0.0,1.027803e-12,0
2.05,0.0,5.147449e-13,0
2.05,0.0,1.3365429e-12,0
2.05,0.0,1.2747375e-12,0
2.05,0.0,8.1495016e-13,0
2.05,0.0,5.883675e-13,0
2.05,0.0,7.276852e-13,0
2.05,0.0,1.8293166e-12,0
2.05,0.0,6.3217926e-13,0
2.05,0.0,1.9269725e-12,0
2.05,0.0,9.837115e-13,0
2.05,0.0,8.769342e-13,0
2.05,0.0,2.3011083e-12,0
2.05,0.0,1.2536059e-12,0
2.05,0.0,2.2372254e-12,0
2.05,0.0,1.4242902e-12,0
2.05,0.0,4.1920144e-12,0
2.05,0.0,4.5724782e-12,0
2.05,0.0,2.7512255e-12,0
2.05,0.0,1.0781457e-12,0
2.05,0.0,7.144958e-13,0
2.05,0.0,8.8761995e-13,0
2.05,0.0,3.6279274e-12,0
2.05,0.0,1.1514975e-12,0
2.05,0.0,2.1998785e-12,0
2.05,0.0,6.7877415e-13,0
2.05,0.0,1.1358788e-12,0
2.05,0.0,1.3341641e-12,0
2.05,0.0,5.376876e-12,0
2.05,0.0,9.949749e-13,0
2.05,0.0,4.077104e-13,0
2.05,0.0,1.2357771e-12,0
2.05,0.0,1.2470906e-12,0
2.05,0.0,1.9406308e-12,0
2.05,0.0,9.11537e-13,0
2.05,0.0,1.0878293e-12,0
2.05,0.0,1.8481707e-12,0
2.05,0.0,1.4674014e-12,0
2.05,0.0,1.5870236e-12,0
2.05,0.0,7.9315276e-13,0
2.05,0.0,2.7324983e-12,0
2.05,0.0,3.642238e-12,0
2.05,0.0,1.2759099e-12,0
2.05,0.0,2.1147554e-12,0
2.05,0.0,2.4644427e-12,0
2.05,0.0,1.5349632e-12,0
2.05,0.0,1.8762372e-12,0
2.05,0.0,6.8316333e-12,0
2.05,0.0,2.7865937e-12,0
2.05,0.0,1.8135685e-12,0
2.05,0.0,1.6316864e-12,0
2.05,0.0,1.1635986e-12,0
2.05,0.0,1.0903928e-12,0
2.05,0.0,1.0241885e-12,0
2.05,0.0,1.636842e-12,0
2.05,0.0,2.6420556e-12,0
2.05,0.0,1.4362854e-12,0
2.05,0.0,1.6690019e-12,0
2.05,0.0,7.76146e-13,0
2.05,0.0,3.4293914e-13,0
2.05,0.0,4.9644175e-13,0
2.05,0.0,1.4726642e-12,0
2.05,0.0,1.2125595e-12,0
2.05,0.0,2.5539538e-12,0
2.05,0.0,1.0370701e-12,0
2.05,0.0,2.2992172e-12,0
2.05,0.0,1.4064515e-12,0
2.05,0.0,1.2852844e-12,0
2.05,0.0,8.503333e-13,0
2.05,0.0,1.3679198e-12,0
2.05,0.0,2.4092787e-12,0
2.05,0.0,2.7242499e-12,0
2.05,0.0,1.3681181e-12,0
2.05,0.0,6.591163e-13,0
2.05,0.0,1.5282559e-12,0
2.05,0.0,2.227254e-12,0
2.05,0.0,7.916716e-13,0
2.05,0.0,1.6454284e-12,0
2.05,0.0,3.0393405e-12,0
2.05,0.0,3.528253e-12,0
2.05,0.0,1.0433137e-12,0
2.05,0.0,7.899024e-13,0
2.05,0.0,1.3648654e-12,0
2.05,0.0,1.5367151e-12,0
2.05,0.0,1.3655659e-12,0
2.05,0.0,2.9932244e-12,0
2.05,0.0,2.1439933e-12,0
2.05,0.0,1.367471e-12,0
2.05,0.0,4.4081926e-12,0
2.05,0.0,8.644591e-13,0
2.05,0.0,1.8847161e-12,0
2.05,0.0,9.635464e-13,0
2.05,0.0,1.114453e-12,0
2.05,0.0,5.297553e-13,0
2.05,0.0,1.4156749e-12,0
2.05,0.0,9.677975e-13,0
2.05,0.0,5.631294e-13,0
2.05,0.0,5.351183e-13,0
2.05,0.0,1.9926552e-12,0
2.05,0.0,2.5626543e-12,0
2.05,0.0,3.108385e-12,0
2.05,0.0,2.8595234e-12,0
2.05,0.0,2.0699794e-12,0
2.05,0.0,3.133709e-12,0
2.05,0.0,1.68951e-12,0
2.05,0.0,3.2432696e-12,0
2.05,0.0,8.616755e-13,0
2.05,0.0,6.509952e-13,0
2.05,0.0,7.1072136e-13,0
2.05,0.0,1.9299408e-12,0
2.05,0.0,8.629699e-13,0
2.05,0.0,9.515583e-13,0
2.05,0.0,5.5475855e-13,0
2.05,0.0,2.0021873e-12,0
2.05,0.0,5.292332e-13,0
2.05,0.0,4.2460642e-13,0
2.05,0.0,7.609715e-13,0
2.05,0.0,2.0495504e-12,0
2.05,0.0,9.177388e-13,0
0.6,1.0,1.0,1
0.6,1.0,1.0,1
0.6,1.0,1.0,1
0.6,1.0,1.0,1
0.6,1.0,1.0,1
0.6,1.0,1.0,1
0.6,1.0,1.0,1
0.6,1.0,1.0,1
0.6,1.0,1.0,1
0.6,1.0,1.0,1
0.6,1.0,1.0,1
0.6,1.0,1.0,1
0.6,1.0,1.0,1
0.6,1.0,1.0,1
0.6,1.0,1.0,1
0.6,1.0,1.0,1
0.6,1.0,1.0,1
0.6,1.0,1.0,1
0.6,1.0,1.0,1
0.6,1.0,1.0,1
0.6,1.0,1.0,1
0.6,1.0,1.0,1
0.6,1.0,1.0,1
0.6,1.0,1.0,1
0.6,1.0,1.0,1
0.6,1.0,1.0,1
0.6,1.0,1.0,1
0.6,1.0,1.0,1
0.6,1.0,1.0,1
0.6,1.0,1.0,1
0.6,1.0,1.0,1
0.6,1.0,1.0,1
0.6,1.0,1.0,1
0.6,1.0,1.0,1
0.6,1.0,1.0,1
0.6,1.0,1.0,1
0.6,1.0,1.0,1
0.6,1.0,1.0,1
0.6,1.0,1.0,1
0.6,1.0,1.0,1
0.6,1.0,1.0,1
0.6,1.0,1.0,1
0.6,1.0,1.0,1
0.6,1.0,1.0,1
0.6,1.0,1.0,1
0.6,1.0,1.0,1
0.6,1.0,1.0,1
0.6,1.0,1.0,1
0.6,1.0,1.0,1
0.6,1.0,1.0,1
2.1,0.0,1.0506565e-12,0
2.1,0.0,1.5312262e-12,0
2.1,0.0,5.9002396e-13,0
2.1,0.0,2.8466155e-12,0
2.1,0.0,2.3704112e-12,0
2.1,0.0,1.3584348e-12,0
2.1,0.0,7.916595e-13,0
2.1,0.0,5.107576e-13,0
2.1,0.0,1.0490706e-12,0
2.1,0.0,1.4732121e-12,0
2.1,0.0,7.8599036e-13,0
2.1,0.0,7.941791e-13,0
2.1,0.0,3.5659162e-12,0
2.1,0.0,1.0936336e-12,0
2.1,0.0,5.434436e-13,0
2.1,0.0,4.4558422e-13,0
2.1,0.0,1.3570598e-12,0
2.1,0.0,8.436837e-13,0
2.1,0.0,1.3780885e-12,0
2.1,0.0,1.2406777e-12,0
2.1,0.0,6.464677e-13,0
2.1,0.0,4.862235e-13,0
2.1,0.0,4.1804825e-13,0
2.1,0.0,5.875152e-13,0
2.1,0.0,1.0011103e-12,0
2.1,0.0,2.03248e-12,0
2.1,0.0,3.5065944e-13,0
2.1,0.0,2.7648912e-13,0
2.1,0.0,3.0948955e-13,0
2.1,0.0,5.051847e-13,0
2.1,0.0,1.2751947e-12,0
2.1,0.0,1.0576434e-12,0
2.1,0.0,5.0574584e-13,0
2.1,0.0,7.9182407e-13,0
2.1,0.0,2.5070076e-12,0
2.1,0.0,1.1521742e-12,0
2.1,0.0,1.9027254e-12,0
2.1,0.0,1.550692e-12,0
2.1,0.0,5.107703e-13,0
2.1,0.0,7.1274535e-13,0
2.1,0.0,6.359998e-13,0
2.1,0.0,3.4030282e-13,0
2.1,0.0,3.9268103e-13,0
2.1,0.0,3.0053453e-13,0
2.1,0.0,2.9154207e-13,0
2.1,0.0,3.723947e-13,0
2.1,0.0,5.812622e-13,0
2.1,0.0,7.9543734e-13,0
2.1,0.0,1.6114776e-12,0
2.1,0.0,7.8516626e-13,0
2.1,0.0,2.0345164e-12,0
2.1,0.0,2.5778368e-12,0
2.1,0.0,2.7118286e-12,0
2.1,0.0,1.7292292e-12,0
2.1,0.0,2.1324394e-12,0
2.1,0.0,1.5641394e-12,0
2.1,0.0,1.5003156e-12,0
2.1,0.0,4.4815228e-13,0
2.1,0.0,5.456216e-13,0
2.1,0.0,1.0532428e-12,0
2.1,0.0,8.324767e-13,0
2.1,0.0,6.0135024e-13,0
2.1,0.0,5.9761126e-13,0
2.1,0.0,6.329587e-13,0
2.1,0.0,2.2676505e-12,0
2.1,0.0,2.557293e-12,0
2.1,0.0,7.766051e-13,0
2.1,0.0,6.8537385e-13,0
2.1,0.0,1.0389509e-12,0
2.1,0.0,4.534447e-12,0
2.1,0.0,2.1496195e-12,0
2.1,0.0,4.764027e-13,0
2.1,0.0,4.632123e-13,0
2.1,0.0,1.1874474e-12,0
2.1,0.0,9.107427e-13,0
2.1,0.0,9.5846e-13,0
2.1,0.0,7.774707e-13,0
2.1,0.0,3.939962e-13,0
2.1,0.0,6.916946e-13,0
2.1,0.0,6.826914e-13,0
2.1,0.0,1.1836756e-12,0
2.1,0.0,2.4379155e-12,0
2.1,0.0,7.998448e-13,0
2.1,0.0,1.8959292e-12,0
2.1,0.0,7.871561e-13,0
2.1,0.0,3.9493818e-13,0
2.1,0.0,3.7882729e-13,0
2.1,0.0,6.065501e-13,0
2.1,0.0,8.2429387e-13,0
2.1,0.0,1.7574089e-12,0
2.1,0.0,8.7780445e-13,0
2.1,0.0,1.1600153e-12,0
2.1,0.0,5.178301e-13,0
2.1,0.0,3.9299797e-13,0
2.1,0.0,5.5736335e-13,0
2.1,0.0,2.035017e-12,0
2.1,0.0,3.0801629e-12,0
2.1,0.0,2.0798298e-12,0
2.1,0.0,1.0714341e-12,0
2.1,0.0,1.3669783e-12,0
2.1,0.0,1.6419265e-12,0
2.1,0.0,1.5127029e-12,0
2.1,0.0,6.6786464e-13,0
2.1,0.0,9.0275606e-13,0
2.1,0.0,7.300137e-13,0
2.1,0.0,1.2387671e-12,0
2.1,0.0,2.1417495e-12,0
2.1,0.0,7.309165e-13,0
2.1,0.0,7.415112e-13,0
2.1,0.0,5.439258e-13,0
2.1,0.0,7.605101e-13,0
2.1,0.0,2.1077688e-12,0
2.1,0.0,1.2208839e-12,0
2.1,0.0,7.5359207e-13,0
2.1,0.0,5.442382e-13,0
2.1,0.0,5.3329037e-13,0
2.1,0.0,1.7161322e-12,0
2.1,0.0,1.7500698e-12,0
2.1,0.0,1.5155331e-12,0
2.1,0.0,5.023492e-13,0
2.1,0.0,7.5863675e-13,0
2.1,0.0,4.69245e-13,0
2.1,0.0,5.365389e-13,0
2.1,0.0,2.8442494e-12,0
2.1,0.0,2.4177537e-12,0
2.1,0.0,1.3940644e-12,0
2.1,0.0,7.861732e-13,0
2.1,0.0,5.76554e-13,0
2.1,0.0,4.499612e-13,0
2.1,0.0,4.3950602e-13,0
2.1,0.0,7.036332e-13,0
2.1,0.0,5.662075e-13,0
2.1,0.0,1.2252672e-12,0
2.1,0.0,8.1148966e-13,0
2.1,0.0,5.312822e-13,0
2.1,0.0,8.130901e-13,0
2.1,0.0,4.0825982e-13,0
2.1,0.0,9.022052e-13,0
2.1,0.0,1.5459462e-12,0
2.1,0.0,7.5610156e-13,0
2.1,0.0,9.974033e-13,0
2.1,0.0,1.0798168e-12,0
2.1,0.0,1.4276192e-12,0
2.1,0.0,6.268159e-13,0
2.1,0.0,5.033054e-13,0
2.1,0.0,1.240524e-12,0
2.1,0.0,1.001158e-12,0
2.1,0.0,2.6969778e-12,0
2.1,0.0,1.9945907e-12,0
2.1,0.0,1.1952573e-12,0
2.1,0.0,8.752599e-13,0
2.1,0.0,5.5654326e-13,0
2.1,0.0,1.7649637e-12,0
2.1,0.0,9.031074e-13,0
2.1,0.0,5.988093e-13,0
2.1,0.0,8.6294844e-13,0
2.1,0.0,1.8961065e-12,0
2.1,0.0,1.4294475e-12,0
2.1,0.0,1.8653469e-12,0
2.1,0.0,1.8826323e-12,0
2.1,0.0,8.1111983e-13,0
2.1,0.0,1.2235647e-12,0
2.1,0.0,9.451947e-13,0
2.1,0.0,5.1927803e-13,0
2.1,0.0,7.1861505e-13,0
2.1,0.0,1.2709259e-12,0
2.1,0.0,8.1609497e-13,0
2.1,0.0,8.894757e-13,0
2.1,0.0,3.9241077e-13,0
2.1,0.0,5.804413e-13,0
2.1,0.0,1.054296e-12,0
2.1,0.0,4.654903e-13,0
2.1,0.0,1.698923e-12,0
2.1,0.0,6.7019345e-13,0
2.1,0.0,1.012239e-12,0
2.1,0.0,2.104029e-12,0
2.1,0.0,8.879434e-13,0
2.1,0.0,9.950035e-13,0
2.1,0.0,1.3011917e-12,0
2.1,0.0,1.3686531e-12,0
2.1,0.0,1.5413383e-12,0
2.1,0.0,4.207304e-13,0
2.1,0.0,5.0412105e-13,0
2.1,0.0,1.0151876e-12,0
2.1,0.0,5.5910853e-13,0
2.1,0.0,7.265549e-13,0
2.1,0.0,9.82086e-13,0
2.1,0.0,5.655459e-13,0
2.1,0.0,7.874909e-13,0
2.1,0.0,7.1792187e-13,0
2.1,0.0,6.043767e-13,0
2.1,0.0,6.323746e-13,0
2.1,0.0,9.213061e-13,0
2.1,0.0,1.2429303e-12,0
2.1,0.0,2.0284484e-12,0
2.1,0.0,3.1705211e-12,0
2.1,0.0,4.9098312e-12,0
2.1,0.0,1.5617129e-12,0
2.1,0.0,1.5329883e-12,0
2.1,0.0,8.0478923e-13,0
2.1,0.0,1.497968e-12,0
2.1,0.0,1.8875006e-12,0
2.1,0.0,1.333551e-12,0
2.1,0.0,1.322618e-12,0
2.1,0.0,1.6758441e-12,0
2.1,0.0,1.1501718e-12,0
2.1,0.0,2.20891e-12,0
2.1,0.0,7.2679466e-13,0
2.1,0.0,1.1328324e-12,0
2.1,0.0,5.7997314e-13,0
2.1,0.0,1.0498052e-12,0
2.1,0.0,7.6131115e-13,0
2.1,0.0,7.2798234e-13,0
2.1,0.0,1.3183464e-12,0
2.1,0.0,7.3196424e-13,0
2.1,0.0,7.024505e-13,0
2.1,0.0,5.933193e-13,0
2.1,0.0,6.157682e-13,0
2.1,0.0,1.1198974e-12,0
2.1,0.0,2.231455e-12,0
2.1,0.0,1.0037182e-12,0
2.1,0.0,2.7805093e-12,0
2.1,0.0,1.240486e-12,0
2.1,0.0,9.295367e-13,0
2.1,0.0,1.9082205e-12,0
2.1,0.0,1.8731692e-12,0
2.1,0.0,2.987407e-12,0
2.1,0.0,9.81294e-13,0
2.1,0.0,5.952644e-13,0
2.1,0.0,6.8665744e-13,0
2.1,0.0,1.0952827e-12,0
2.1,0.0,7.988721e-13,0
2.1,0.0,6.4955647e-13,0
2.1,0.0,1.2514631e-12,0
2.1,0.0,2.2160923e-12,0
2.1,0.0,1.3275338e-12,0
2.1,0.0,1.5187655e-12,0
2.1,0.0,7.6422814e-13,0
2.1,0.0,1.1443729e-12,0
2.1,0.0,5.6144347e-13,0
2.1,0.0,6.703456e-13,0
2.1,0.0,9.216119e-13,0
2.1,0.0,9.633388e-13,0
2.1,0.0,6.354142e-13,0
2.1,0.0,1.1790091e-12,0
2.1,0.0,9.186476e-13,0
2.1,0.0,5.9552444e-13,0
2.1,0.0,1.2336059e-12,0
2.1,0.0,4.8818425e-13,0
2.1,0.0,1.5908057e-12,0
2.15,0.0,1.5163544e-12,0
2.15,0.0,1.087626e-12,0
2.15,0.0,1.6147205e-12,0
2.15,0.0,1.3148032e-12,0
2.15,0.0,5.223097e-13,0
2.15,0.0,3.1084605e-13,0
2.15,0.0,2.8950288e-13,0
2.15,0.0,1.1743678e-12,0
2.15,0.0,5.1496784e-13,0
2.15,0.0,8.985233e-13,0
2.15,0.0,1.018335e-12,0
2.15,0.0,6.394616e-13,0
2.15,0.0,7.0031275e-13,0
2.15,0.0,1.8656457e-12,0
2.15,0.0,8.26159e-13,0
2.15,0.0,4.962969e-13,0
2.15,0.0,3.813887e-13,0
2.15,0.0,3.3520205e-13,0
2.15,0.0,4.1346242e-13,0
2.15,0.0,6.8056053e-13,0
2.15,0.0,4.0399555e-13,0
2.15,0.0,4.606476e-13,0
2.15,0.0,6.6933243e-13,0
2.15,0.0,6.701091e-13,0
2.15,0.0,1.5125413e-12,0
2.15,0.0,2.1456337e-12,0
2.15,0.0,3.8001197e-13,0
2.15,0.0,1.0541311e-12,0
2.15,0.0,4.916304e-13,0
2.15,0.0,5.569564e-13,0
2.15,0.0,4.4739215e-13,0
2.15,0.0,7.946989e-13,0
2.15,0.0,2.2564058e-13,0
2.15,0.0,3.2714372e-13,0
2.15,0.0,7.277699e-13,0
2.15,0.0,2.8313818e-13,0
2.15,0.0,6.675705e-13,0
2.15,0.0,7.463284e-13,0
2.15,0.0,7.6394403e-13,0
2.15,0.0,1.2958048e-12,0
2.15,0.0,2.250218e-12,0
2.15,0.0,7.372677e-13,0
2.15,0.0,9.515637e-13,0
2.15,0.0,4.792462e-13,0
2.15,0.0,1.2348629e-12,0
2.15,0.0,6.3007623e-13,0
2.15,0.0,7.372972e-13,0
2.15,0.0,6.15443e-13,0
2.15,0.0,1.1561455e-12,0
2.15,0.0,7.840842e-13,0
2.15,0.0,4.3639525e-13,0
2.15,0.0,1.4782617e-12,0
2.15,0.0,9.987358e-13,0
2.15,0.0,3.4978842e-13,0
2.15,0.0,5.736209e-13,0
2.15,0.0,6.2407566e-13,0
2.15,0.0,1.0673464e-12,0
2.15,0.0,9.173695e-13,0
2.15,0.0,8.88106e-13,0
2.15,0.0,9.744304e-13,0
2.15,0.0,9.225387e-13,0
2.15,0.0,6.888376e-13,0
2.15,0.0,2.2045313e-13,0
2.15,0.0,2.6838143e-13,0
2.15,0.0,1.6649248e-13,0
2.15,0.0,3.899709e-13,0
2.15,0.0,2.8858163e-13,0
2.15,0.0,9.598687e-13,0
2.15,0.0,5.2643735e-13,0
2.15,0.0,6.636501e-13,0
2.15,0.0,6.234761e-13,0
2.15,0.0,8.666929e-13,0
2.15,0.0,8.757325e-13,0
2.15,0.0,5.0542854e-13,0
2.15,0.0,3.5067286e-13,0
2.15,0.0,4.563006e-13,0
2.15,0.0,2.8015516e-13,0
2.15,0.0,3.7786893e-13,0
2.15,0.0,9.0858956e-13,0
2.15,0.0,5.7758757e-13,0
2.15,0.0,7.416526e-13,0
2.15,0.0,4.1996392e-13,0
2.15,0.0,1.3361096e-12,0
2.15,0.0,1.8108967e-12,0
2.15,0.0,1.109886e-12,0
2.15,0.0,4.7325647e-13,0
2.15,0.0,9.474743e-13,0
2.15,0.0,6.4903253e-13,0
2.15,0.0,8.2242356e-13,0
2.15,0.0,8.013489e-13,0
2.15,0.0,4.2004323e-13,0
2.15,0.0,1.354975e-12,0
2.15,0.0,1.3633146e-12,0
2.15,0.0,1.505128e-12,0
2.15,0.0,1.0627596e-12,0
2.15,0.0,8.698693e-13,0
2.15,0.0,7.930167e-13,0
2.15,0.0,1.2075005e-12,0
2.15,0.0,1.7857379e-12,0
2.15,0.0,6.7081247e-13,0
2.15,0.0,2.759712e-13,0
2.15,0.0,4.5104735e-13,0
2.15,0.0,4.2679548e-13,0
2.15,0.0,1.1056242e-12,0
2.15,0.0,1.201392e-12,0
2.15,0.0,1.1578071e-12,0
2.15,0.0,9.333938e-13,0
2.15,0.0,4.2236982e-13,0
2.15,0.0,5.019747e-13,0
2.15,0.0,7.807131e-13,0
2.15,0.0,6.8320593e-13,0
2.15,0.0,1.399275e-12,0
2.15,0.0,2.0257034e-12,0
2.15,0.0,1.0073315e-12,0
2.15,0.0,3.8917358e-13,0
2.15,0.0,3.0921812e-13,0
2.15,0.0,2.9979884e-13,0
2.15,0.0,9.091807e-13,0
2.15,0.0,1.059883e-12,0
2.15,0.0,1.3654199e-12,0
2.15,0.0,1.5794981e-12,0
2.15,0.0,6.6591594e-13,0
2.15,0.0,2.7272963e-12,0
2.15,0.0,1.0621313e-12,0
2.15,0.0,8.106435e-13,0
2.15,0.0,1.4582414e-12,0
2.15,0.0,5.1124496e-13,0
2.15,0.0,3.835831e-13,0
2.15,0.0,1.1708408e-12,0
2.15,0.0,1.1601084e-12,0
2.15,0.0,5.4649227e-13,0
2.15,0.0,1.0712011e-12,0
2.15,0.0,1.1014335e-12,0
2.15,0.0,5.7644183e-13,0
2.15,0.0,1.9775253e-12,0
2.15,0.0,9.899133e-13,0
2.15,0.0,7.027145e-13,0
2.15,0.0,1.4837248e-12,0
2.15,0.0,5.4580163e-13,0
2.15,0.0,8.191734e-13,0
2.15,0.0,5.0314223e-13,0
2.15,0.0,2.608456e-13,0
2.15,0.0,4.570959e-13,0
2.15,0.0,1.6843392e-12,0
2.15,0.0,1.1855757e-12,0
2.15,0.0,1.1639182e-12,0
2.15,0.0,1.434443e-12,0
2.15,0.0,1.4164715e-12,0
2.15,0.0,1.7586798e-12,0
2.15,0.0,1.008435e-12,0
2.15,0.0,5.036597e-13,0
2.15,0.0,7.041434e-13,0
2.15,0.0,1.5892166e-12,0
2.15,0.0,7.973848e-13,0
2.15,0.0,2.3547912e-13,0
2.15,0.0,6.101029e-13,0
2.15,0.0,5.990149e-13,0
2.15,0.0,1.1519501e-12,0
2.15,0.0,4.717856e-13,0
2.15,0.0,1.4944294e-12,0
2.15,0.0,1.7285102e-12,0
2.15,0.0,1.1108495e-12,0
2.15,0.0,5.012629e-13,0
2.15,0.0,5.2913224e-13,0
2.15,0.0,7.8312915e-13,0
2.15,0.0,6.3423604e-13,0
2.15,0.0,3.5051102e-13,0
2.15,0.0,7.0471575e-13,0
2.15,0.0,5.3131463e-13,0
2.15,0.0,8.5823097e-13,0
2.15,0.0,4.978603e-13,0
2.15,0.0,4.6137736e-13,0
2.15,0.0,8.855079e-13,0
2.15,0.0,7.3553864e-13,0
2.15,0.0,1.6554702e-12,0
2.15,0.0,1.3356842e-12,0
2.15,0.0,2.0308796e-12,0
2.15,0.0,5.8974044e-13,0
2.15,0.0,2.707212e-13,0
2.15,0.0,5.143847e-13,0
2.15,0.0,1.3004473e-12,0
2.15,0.0,2.070315e-12,0
2.15,0.0,1.208664e-12,0
2.15,0.0,8.4149967e-13,0
2.15,0.0,4.8241207e-13,0
2.15,0.0,9.57519e-13,0
2.15,0.0,1.4411589e-12,0
2.15,0.0,1.0606494e-12,0
2.15,0.0,1.0244581e-12,0
2.15,0.0,7.0581475e-13,0
2.15,0.0,6.575517e-13,0
2.15,0.0,4.2259704e-13,0
2.15,0.0,5.1655853e-13,0
2.15,0.0,5.3021926e-13,0
2.15,0.0,2.4370263e-13,0
2.15,0.0,9.797025e-13,0
2.15,0.0,2.1196903e-12,0
2.15,0.0,7.083354e-13,0
2.15,0.0,1.6045552e-12,0
2.15,0.0,7.5987936e-13,0
2.15,0.0,6.862973e-13,0
2.15,0.0,4.9403586e-13,0
2.15,0.0,1.0805297e-12,0
2.15,0.0,1.8950254e-12,0
2.15,0.0,5.78389e-13,0
2.15,0.0,1.6180932e-12,0
2.15,0.0,1.3568992e-12,0
2.15,0.0,8.89564e-13,0
2.15,0.0,2.7246916e-12,0
2.15,0.0,1.3401882e-12,0
2.15,0.0,1.0605807e-12,0
2.15,0.0,9.634693e-13,0
2.15,0.0,7.948702e-13,0
2.15,0.0,1.000156e-12,0
2.15,0.0,3.1955263e-13,0
2.15,0.0,6.6112957e-13,0
2.15,0.0,1.0715833e-12,0
2.15,0.0,2.4321878e-13,0
2.15,0.0,3.103591e-13,0
2.15,0.0,3.1711545e-13,0
2.15,0.0,1.8716147e-13,0
2.15,0.0,4.4618205e-13,0
2.15,0.0,5.16012e-13,0
2.15,0.0,1.5123856e-12,0
2.15,0.0,2.326151e-12,0
2.15,0.0,7.1672193e-13,0
2.15,0.0,1.5455688e-12,0
2.15,0.0,1.4778642e-12,0
2.15,0.0,1.301914e-12,0
2.15,0.0,2.1843417e-12,0
2.15,0.0,7.1830676e-13,0
2.15,0.0,5.0161963e-13,0
2.15,0.0,5.5923967e-13,0
2.15,0.0,4.2731435e-13,0
2.15,0.0,3.6366412e-13,0
2.15,0.0,1.8218478e-12,0
2.15,0.0,8.481692e-13,0
2.15,0.0,1.6467533e-12,0
2.15,0.0,5.9877965e-13,0
2.15,0.0,4.7615834e-13,0
2.15,0.0,3.4104748e-13,0
2.15,0.0,2.5557944e-13,0
2.15,0.0,3.780874e-13,0
2.15,0.0,1.1371926e-12,0
2.15,0.0,3.0391607e-12,0
2.15,0.0,6.1147176e-13,0
2.15,0.0,6.6498814e-13,0
2.15,0.0,3.5215884e-13,0
2.15,0.0,1.3061474e-12,0
2.15,0.0,1.0265824e-12,0
0.6,1.0,1.0,1
0.6,1.0,1.0,1
0.6,1.0,1.0,1
0.6,1.0,1.0,1
0.6,1.0,1.0,1
0.6,1.0,1.0,1
0.6,1.0,1.0,1
0.6,1.0,1.0,1
0.6,1.0,1.0,1
0.6,1.0,1.0,1
0.6,1.0,1.0,1
0.6,1.0,1.0,1
0.6,1.0,1.0,1
0.6,1.0,1.0,1
0.6,1.0,1.0,1
0.6,1.0,1.0,1
0.6,1.0,1.0,1
0.6,1.0,1.0,1
0.6,1.0,1.0,1
0.6,1.0,1.0,1
0.6,1.0,1.0,1
0.6,1.0,1.0,1
0.6,1.0,1.0,1
0.6,1.0,1.0,1
0.6,1.0,1.0,1
0.6,1.0,1.0,1
0.6,1.0,1.0,1
0.6,1.0,1.0,1
0.6,1.0,1.0,1
0.6,1.0,1.0,1
0.6,1.0,1.0,1
0.6,1.0,1.0,1
0.6,1.0,1.0,1
0.6,1.0,1.0,1
0.6,1.0,1.0,1
0.6,1.0,1.0,1
0.6,1.0,1.0,1
0.6,1.0,1.0,1
0.6,1.0,1.0,1
0.6,1.0,1.0,1
0.6,1.0,1.0,1
0.6,1.0,1.0,1
0.6,1.0,1.0,1
0.6,1.0,1.0,1
0.6,1.0,1.0,1
0.6,1.0,1.0,1
0.6,1.0,1.0,1
0.6,1.0,1.0,1
0.6,1.0,1.0,1
0.6,1.0,1.0,1
2.2,0.0,1.0434948e-12,0
2.2,0.0,7.8860925e-13,0
2.2,0.0,9.0914776e-13,0
2.2,0.0,6.5907354e-13,0
2.2,0.0,8.554184e-13,0
2.2,0.0,1.4456243e-12,0
2.2,0.0,4.847826e-13,0
2.2,0.0,4.2637237e-13,0
2.2,0.0,3.9980096e-13,0
2.2,0.0,2.0535104e-12,0
2.2,0.0,1.7489889e-12,0
2.2,0.0,3.230445e-13,0
2.2,0.0,3.8846088e-13,0
2.2,0.0,9.935489e-13,0
2.2,0.0,6.280964e-13,0
2.2,0.0,1.057474e-12,0
2.2,0.0,4.896231e-13,0
2.2,0.0,5.396868e-13,0
2.2,0.0,3.5794e-13,0
2.2,0.0,8.8317006e-13,0
2.2,0.0,9.881627e-13,0
2.2,0.0,5.722582e-13,0
2.2,0.0,3.1577673e-13,0
2.2,0.0,6.9800833e-13,0
2.2,0.0,1.3691676e-12,0
2.2,0.0,9.103485e-13,0
2.2,0.0,8.554625e-13,0
2.2,0.0,2.7447456e-13,0
2.2,0.0,3.1826673e-13,0
2.2,0.0,1.3065653e-13,0
2.2,0.0,2.442154e-13,0
2.2,0.0,2.4641031e-13,0
2.2,0.0,6.22123e-13,0
2.2,0.0,6.014753e-13,0
2.2,0.0,5.943511e-13,0
2.2,0.0,8.5255164e-13,0
2.2,0.0,4.575844e-13,0
2.2,0.0,4.7671724e-13,0
2.2,0.0,3.502023e-13,0
2.2,0.0,6.6833995e-13,0
2.2,0.0,3.2496456e-13,0
2.2,0.0,1.2262071e-12,0
2.2,0.0,6.076652e-13,0
2.2,0.0,5.0437405e-13,0
2.2,0.0,1.2000224e-12,0
2.2,0.0,6.4870955e-13,0
2.2,0.0,5.8555634e-13,0
2.2,0.0,1.2799147e-12,0
2.2,0.0,1.5440366e-12,0
2.2,0.0,3.918685e-13,0
2.2,0.0,5.21581e-13,0
2.2,0.0,1.0192484e-12,0
2.2,0.0,7.8274984e-13,0
2.2,0.0,1.4072055e-12,0
2.2,0.0,1.81147e-12,0
2.2,0.0,9.587525e-13,0
2.2,0.0,6.896724e-13,0
2.2,0.0,3.9063268e-13,0
2.2,0.0,1.8211763e-13,0
2.2,0.0,2.7956904e-13,0
2.2,0.0,1.3962224e-12,0
2.2,0.0,5.03291e-13,0
2.2,0.0,8.953839e-13,0
2.2,0.0,8.6618717e-13,0
2.2,0.0,6.156801e-13,0
2.2,0.0,6.025627e-13,0
2.2,0.0,7.611181e-13,0
2.2,0.0,6.1362146e-13,0
2.2,0.0,1.2011284e-12,0
2.2,0.0,5.6190843e-13,0
2.2,0.0,3.0130187e-13,0
2.2,0.0,3.4142106e-13,0
2.2,0.0,1.1444776e-12,0
2.2,0.0,3.54352e-13,0
2.2,0.0,8.572919e-13,0
2.2,0.0,6.0570266e-13,0
2.2,0.0,1.94049e-12,0
2.2,0.0,1.9805328e-13,0
2.2,0.0,4.3117045e-13,0
2.2,0.0,5.7757103e-13,0
2.2,0.0,2.8622338e-13,0
2.2,0.0,4.1911965e-13,0
2.2,0.0,6.530559e-13,0
2.2,0.0,5.931156e-13,0
2.2,0.0,5.642777e-13,0
2.2,0.0,9.337517e-13,0
2.2,0.0,4.5970313e-13,0
2.2,0.0,2.6132015e-13,0
2.2,0.0,4.1645498e-13,0
2.2,0.0,7.57613e-13,0
2.2,0.0,6.272273e-13,0
2.2,0.0,2.2560313e-13,0
2.2,0.0,6.4241364e-14,0
2.2,0.0,5.3806765e-14,0
2.2,0.0,2.4287156e-13,0
2.2,0.0,3.763089e-13,0
2.2,0.0,1.0575164e-12,0
2.2,0.0,2.8088083e-12,0
2.2,0.0,7.158994e-13,0
2.2,0.0,3.1877888e-13,0
2.2,0.0,9.422157e-13,0
2.2,0.0,4.4573207e-13,0
2.2,0.0,2.2310029e-13,0
2.2,0.0,3.446079e-13,0
2.2,0.0,5.5862986e-13,0
2.2,0.0,4.817822e-13,0
2.2,0.0,5.6725604e-13,0
2.2,0.0,4.1262577e-13,0
2.2,0.0,4.788323e-13,0
2.2,0.0,6.217826e-13,0
2.2,0.0,5.3127007e-13,0
2.2,0.0,5.330778e-13,0
2.2,0.0,5.340823e-13,0
2.2,0.0,6.818078e-13,0
2.2,0.0,4.6079866e-13,0
2.2,0.0,9.110382e-13,0
2.2,0.0,1.1301176e-12,0
2.2,0.0,1.1558633e-12,0
2.2,0.0,4.0373745e-13,0
2.2,0.0,5.773221e-13,0
2.2,0.0,3.9435255e-13,0
2.2,0.0,6.360314e-13,0
2.2,0.0,5.1704447e-13,0
2.2,0.0,2.960874e-13,0
2.2,0.0,3.8347851e-13,0
2.2,0.0,2.5212292e-13,0
2.2,0.0,4.2394772e-13,0
2.2,0.0,3.805625e-13,0
2.2,0.0,6.6469643e-13,0
2.2,0.0,5.8330017e-13,0
2.2,0.0,5.3358343e-13,0
2.2,0.0,5.6963044e-13,0
2.2,0.0,6.3211296e-13,0
2.2,0.0,3.5118758e-13,0
2.2,0.0,9.592464e-13,0
2.2,0.0,2.0670598e-12,0
2.2,0.0,5.3279934e-13,0
2.2,0.0,1.9846962e-13,0
2.2,0.0,2.2473775e-13,0
2.2,0.0,8.210333e-13,0
2.2,0.0,3.1123764e-13,0
2.2,0.0,3.02976e-13,0
2.2,0.0,3.9458053e-13,0
2.2,0.0,1.8897438e-13,0
2.2,0.0,1.5702336e-13,0
2.2,0.0,1.2540023e-13,0
2.2,0.0,2.1500572e-13,0
2.2,0.0,4.4600082e-13,0
2.2,0.0,1.9967795e-12,0
2.2,0.0,9.517035e-13,0
2.2,0.0,4.265432e-13,0
2.2,0.0,6.2898477e-13,0
2.2,0.0,4.6963177e-13,0
2.2,0.0,3.923898e-13,0
2.2,0.0,9.91234e-13,0
2.2,0.0,5.939658e-13,0
2.2,0.0,4.2462184e-13,0
2.2,0.0,9.845768e-13,0
2.2,0.0,5.2868127e-13,0
2.2,0.0,3.3711467e-13,0
2.2,0.0,5.9394877e-13,0
2.2,0.0,4.4421376e-13,0
2.2,0.0,1.3143593e-12,0
2.2,0.0,6.571982e-13,0
2.2,0.0,5.643713e-13,0
2.2,0.0,6.7929484e-13,0
2.2,0.0,5.8930866e-13,0
2.2,0.0,4.1568913e-13,0
2.2,0.0,9.920889e-13,0
2.2,0.0,1.5531992e-12,0
2.2,0.0,1.4328213e-12,0
2.2,0.0,4.3264012e-13,0
2.2,0.0,1.6596498e-12,0
2.2,0.0,1.7036348e-12,0
2.2,0.0,7.484339e-13,0
2.2,0.0,9.785428e-13,0
2.2,0.0,6.9030675e-13,0
2.2,0.0,6.078449e-13,0
2.2,0.0,2.1558924e-13,0
2.2,0.0,6.6701684e-13,0
2.2,0.0,3.2245414e-13,0
2.2,0.0,4.0765056e-13,0
2.2,0.0,1.1000332e-12,0
2.2,0.0,3.7059423e-13,0
2.2,0.0,7.814759e-13,0
2.2,0.0,4.207938e-13,0
2.2,0.0,4.736159e-13,0
2.2,0.0,6.266509e-13,0
2.2,0.0,5.651545e-13,0
2.2,0.0,5.2257775e-13,0
2.2,0.0,5.604495e-13,0
2.2,0.0,7.71591e-13,0
2.2,0.0,1.2559347e-12,0
2.2,0.0,1.504711e-13,0
2.2,0.0,1.0042276e-12,0
2.2,0.0,4.6953413e-13,0
2.2,0.0,6.467822e-13,0
2.2,0.0,5.3858854e-13,0
2.2,0.0,6.268984e-13,0
2.2,0.0,7.486437e-13,0
2.2,0.0,7.7128945e-13,0
2.2,0.0,2.8525167e-13,0
2.2,0.0,3.816681e-13,0
2.2,0.0,5.631358e-13,0
2.2,0.0,1.0637512e-12,0
2.2,0.0,1.6074347e-12,0
2.2,0.0,4.3683414e-13,0
2.2,0.0,6.4166933e-13,0
2.2,0.0,9.501056e-13,0
2.2,0.0,4.8112653e-13,0
2.2,0.0,4.0436477e-13,0
2.2,0.0,1.1698095e-12,0
2.2,0.0,6.414258e-13,0
2.2,0.0,8.177607e-13,0
2.2,0.0,3.1750823e-13,0
2.2,0.0,5.048822e-13,0
2.2,0.0,7.3521885e-13,0
2.2,0.0,7.5451836e-13,0
2.2,0.0,1.1809538e-12,0
2.2,0.0,1.5191449e-12,0
2.2,0.0,7.518449e-13,0
2.2,0.0,1.9814056e-13,0
2.2,0.0,6.720021e-13,0
2.2,0.0,1.4577964e-12,0
2.2,0.0,3.1327214e-13,0
2.2,0.0,3.5193726e-13,0
2.2,0.0,5.77223e-13,0
2.2,0.0,5.569542e-13,0
2.2,0.0,9.674302e-13,0
2.2,0.0,6.1438387e-13,0
2.2,0.0,7.21191e-13,0
2.2,0.0,3.4597246e-13,0
2.2,0.0,3.3723556e-13,0
2.2,0.0,8.701663e-13,0
2.2,0.0,3.6989652e-13,0
2.2,0.0,5.4923324e-13,0
2.2,0.0,4.389581e-13,0
2.2,0.0,5.540649e-13,0
2.2,0.0,1.3062994e-12,0
2.2,0.0,3.463931e-13,0
2.2,0.0,5.26355e-13,0
2.2,0.0,5.362095e-13,0
2.2,0.0,3.6361975e-13,0
2.2,0.0,3.96835e-13,0
2.2,0.0,8.69939e-13,0
2.2,0.0,3.3838825e-13,0
2.2,0.0,3.4881104e-13,0
2.2,0.0,1.2569675e-12,0
2.2,0.0,5.732906e-13,0
2.2,0.0,6.322142e-13,0
2.25,0.0,3.3644214e-13,0
2.25,0.0,7.3645116e-13,0
2.25,0.0,4.6901946e-13,0
2.25,0.0,4.0156176e-13,0
2.25,0.0,5.099711e-13,0
2.25,0.0,4.5731306e-13,0
2.25,0.0,5.814163e-13,0
2.25,0.0,1.6272475e-13,0
2.25,0.0,1.845183e-13,0
2.25,0.0,5.4249704e-13,0
2.25,0.0,4.1010636e-13,0
2.25,0.0,6.164615e-13,0
2.25,0.0,4.6220265e-13,0
2.25,0.0,6.9221327e-13,0
2.25,0.0,4.4643827e-13,0
2.25,0.0,3.2246214e-13,0
2.25,0.0,2.2401705e-13,0
2.25,0.0,2.9541728e-13,0
2.25,0.0,3.547063e-13,0
2.25,0.0,5.313481e-13,0
2.25,0.0,3.0127544e-13,0
2.25,0.0,3.8566882e-13,0
2.25,0.0,4.1825004e-13,0
2.25,0.0,6.298912e-13,0
2.25,0.0,3.5552182e-13,0
2.25,0.0,2.3984796e-13,0
2.25,0.0,3.421721e-13,0
2.25,0.0,4.869911e-13,0
2.25,0.0,2.835381e-13,0
2.25,0.0,5.8758467e-13,0
2.25,0.0,6.964764e-13,0
2.25,0.0,1.0244699e-12,0
2.25,0.0,6.6298204e-13,0
2.25,0.0,4.9765715e-13,0
2.25,0.0,4.7713477e-13,0
2.25,0.0,3.4178855e-13,0
2.25,0.0,4.4780106e-13,0
2.25,0.0,4.274138e-13,0
2.25,0.0,8.9837084e-13,0
2.25,0.0,7.195271e-13,0
2.25,0.0,1.9201035e-13,0
2.25,0.0,2.802166e-13,0
2.25,0.0,2.0524678e-13,0
2.25,0.0,3.7941373e-13,0
2.25,0.0,5.993544e-13,0
2.25,0.0,7.324028e-13,0
2.25,0.0,5.273288e-13,0
2.25,0.0,4.479745e-13,0
2.25,0.0,6.066531e-13,0
2.25,0.0,5.5321795e-13,0
2.25,0.0,2.5285638e-13,0
2.25,0.0,1.7810121e-13,0
2.25,0.0,2.6412227e-13,0
2.25,0.0,4.3882085e-13,0
2.25,0.0,4.1692867e-13,0
2.25,0.0,3.4368824e-13,0
2.25,0.0,4.8979684e-13,0
2.25,0.0,4.3375636e-13,0
2.25,0.0,4.1014783e-13,0
2.25,0.0,4.4052907e-13,0
2.25,0.0,5.525188e-13,0
2.25,0.0,1.1348222e-12,0
2.25,0.0,6.687799e-13,0
2.25,0.0,3.2282705e-13,0
2.25,0.0,3.3794322e-13,0
2.25,0.0,2.7754266e-13,0
2.25,0.0,3.034786e-13,0
2.25,0.0,2.33152e-13,0
2.25,0.0,8.075724e-13,0
2.25,0.0,5.191454e-13,0
2.25,0.0,3.4005624e-13,0
2.25,0.0,3.9474088e-13,0
2.25,0.0,1.7359872e-12,0
2.25,0.0,3.0066927e-13,0
2.25,0.0,9.923917e-13,0
2.25,0.0,3.0764388e-13,0
2.25,0.0,4.8971276e-13,0
2.25,0.0,4.4368873e-13,0
2.25,0.0,1.7521164e-13,0
2.25,0.0,3.640736e-13,0
2.25,0.0,2.7691922e-13,0
2.25,0.0,5.2885273e-13,0
2.25,0.0,5.3299243e-13,0
2.25,0.0,6.4391667e-13,0
2.25,0.0,2.8369334e-13,0
2.25,0.0,3.0270507e-13,0
2.25,0.0,3.4547397e-13,0
2.25,0.0,3.761568e-13,0
2.25,0.0,8.206247e-13,0
2.25,0.0,3.2661376e-13,0
2.25,0.0,5.6099927e-13,0
2.25,0.0,1.6735945e-13,0
2.25,0.0,2.7372538e-13,0
2.25,0.0,3.1913355e-13,0
2.25,0.0,4.77805e-13,0
2.25,0.0,2.4880708e-13,0
2.25,0.0,5.928261e-13,0
2.25,0.0,2.3782945e-13,0
2.25,0.0,1.8809014e-13,0
2.25,0.0,1.9887508e-13,0
2.25,0.0,3.0490064e-13,0
2.25,0.0,2.0673465e-13,0
2.25,0.0,2.4688734e-13,0
2.25,0.0,3.3230688e-13,0
2.25,0.0,2.8075746e-13,0
2.25,0.0,2.4088639e-13,0
2.25,0.0,3.3772282e-13,0
2.25,0.0,2.4508382e-13,0
2.25,0.0,5.51648e-13,0
2.25,0.0,3.4458027e-13,0
2.25,0.0,7.7047635e-13,0
2.25,0.0,4.958021e-13,0
2.25,0.0,2.473417e-13,0
2.25,0.0,7.4488495e-13,0
2.25,0.0,5.207619e-13,0
2.25,0.0,2.7904377e-13,0
2.25,0.0,6.410797e-13,0
2.25,0.0,4.614337e-13,0
2.25,0.0,3.8452442e-13,0
2.25,0.0,1.264549e-13,0
2.25,0.0,1.830059e-13,0
2.25,0.0,1.947408e-13,0
2.25,0.0,4.3990858e-13,0
2.25,0.0,5.7829083e-13,0
2.25,0.0,3.6261478e-13,0
2.25,0.0,5.625325e-13,0
2.25,0.0,9.151464e-13,0
2.25,0.0,5.2274824e-13,0
2.25,0.0,4.779381e-13,0
2.25,0.0,3.110673e-13,0
2.25,0.0,5.524735e-13,0
2.25,0.0,3.2414742e-13,0
2.25,0.0,6.256596e-13,0
2.25,0.0,3.2957624e-13,0
2.25,0.0,6.7682844e-13,0
2.25,0.0,5.0041075e-13,0
2.25,0.0,5.699587e-13,0
2.25,0.0,3.0575962e-13,0
2.25,0.0,7.893014e-13,0
2.25,0.0,2.3788298e-13,0
2.25,0.0,6.0601817e-13,0
2.25,0.0,7.2063547e-13,0
2.25,0.0,3.7527463e-13,0
2.25,0.0,3.818028e-13,0
2.25,0.0,4.1312033e-13,0
2.25,0.0,1.7720836e-13,0
2.25,0.0,1.4702666e-13,0
2.25,0.0,1.874269e-13,0
2.25,0.0,3.7515797e-13,0
2.25,0.0,5.945949e-13,0
2.25,0.0,3.1448983e-13,0
2.25,0.0,2.7773544e-13,0
2.25,0.0,2.299637e-13,0
2.25,0.0,3.6262033e-13,0
2.25,0.0,3.0754414e-13,0
2.25,0.0,3.8016636e-13,0
2.25,0.0,3.706232e-13,0
2.25,0.0,4.3042764e-13,0
2.25,0.0,1.7988572e-13,0
2.25,0.0,1.4443558e-13,0
2.25,0.0,2.427553e-13,0
2.25,0.0,5.6980326e-13,0
2.25,0.0,2.899632e-13,0
2.25,0.0,4.719179e-13,0
2.25,0.0,1.8174572e-12,0
2.25,0.0,6.5796327e-13,0
2.25,0.0,8.937818e-13,0
2.25,0.0,1.0047276e-12,0
2.25,0.0,1.3347869e-13,0
2.25,0.0,2.9165217e-13,0
2.25,0.0,2.2377961e-13,0
2.25,0.0,6.215466e-13,0
2.25,0.0,3.3724266e-13,0
2.25,0.0,3.8332786e-13,0
2.25,0.0,3.245508e-13,0
2.25,0.0,1.2829374e-13,0
2.25,0.0,6.7709835e-13,0
2.25,0.0,1.1399527e-12,0
2.25,0.0,1.1145168e-12,0
2.25,0.0,1.0963906e-12,0
2.25,0.0,7.5860065e-13,0
2.25,0.0,5.925683e-13,0
2.25,0.0,4.8559236e-13,0
2.25,0.0,2.6494621e-13,0
2.25,0.0,4.3192113e-13,0
2.25,0.0,1.9532259e-13,0
2.25,0.0,8.0069e-14,0
2.25,0.0,3.08022e-13,0
2.25,0.0,3.2659818e-13,0
2.25,0.0,4.6846603e-13,0
2.25,0.0,4.7264574e-13,0
2.25,0.0,4.6106066e-13,0
2.25,0.0,7.766644e-13,0
2.25,0.0,7.699856e-13,0
2.25,0.0,1.2851103e-12,0
2.25,0.0,9.863436e-13,0
2.25,0.0,4.7792174e-13,0
2.25,0.0,2.1868918e-13,0
2.25,0.0,1.4101307e-13,0
2.25,0.0,9.000907e-14,0
2.25,0.0,8.162818e-13,0
2.25,0.0,7.5037356e-13,0
2.25,0.0,4.972899e-13,0
2.25,0.0,3.4197832e-13,0
2.25,0.0,2.344689e-13,0
2.25,0.0,7.040413e-13,0
2.25,0.0,9.0737904e-13,0
2.25,0.0,6.162241e-13,0
2.25,0.0,3.47993e-13,0
2.25,0.0,9.648945e-13,0
2.25,0.0,1.339534e-12,0
2.25,0.0,6.905003e-13,0
2.25,0.0,3.582699e-13,0
2.25,0.0,4.407392e-13,0
2.25,0.0,2.3105847e-13,0
2.25,0.0,3.5855837e-13,0
2.25,0.0,2.395339e-13,0
2.25,0.0,3.4928706e-13,0
2.25,0.0,1.7507369e-13,0
2.25,0.0,2.8305881e-13,0
2.25,0.0,3.521407e-13,0
2.25,0.0,9.795698e-13,0
2.25,0.0,5.1914733e-13,0
2.25,0.0,7.0599256e-13,0
2.25,0.0,6.2192965e-13,0
2.25,0.0,1.0331293e-12,0
2.25,0.0,2.519864e-13,0
2.25,0.0,4.1714578e-13,0
2.25,0.0,3.7913596e-13,0
2.25,0.0,4.7242944e-13,0
2.25,0.0,3.8606843e-13,0
2.25,0.0,3.660532e-13,0
2.25,0.0,1.052562e-12,0
2.25,0.0,7.087814e-13,0
2.25,0.0,5.749134e-13,0
2.25,0.0,6.7250865e-13,0
2.25,0.0,6.4051997e-13,0
2.25,0.0,7.039272e-13,0
2.25,0.0,4.1261084e-13,0
2.25,0.0,5.499093e-13,0
2.25,0.0,3.927949e-13,0
2.25,0.0,4.2424536e-13,0
2.25,0.0,4.818493e-13,0
2.25,0.0,6.64168e-13,0
2.25,0.0,6.2430426e-13,0
2.25,0.0,2.7280494e-13,0
2.25,0.0,6.276509e-13,0
2.25,0.0,5.8606586e-13,0
2.25,0.0,1.09522e-12,0
2.25,0.0,5.8612734e-13,0
0.65,1.0,1.0,1
0.65,1.0,1.0,1
0.65,1.0,1.0,1
0.65,1.0,1.0,1
0.65,1.0,1.0,1
0.65,1.0,1.0,1
0.65,1.0,1.0,1
0.65,1.0,1.0,1
0.65,1.0,1.0,1
0.65,1.0,1.0,1
0.65,1.0,1.0,1
0.65,1.0,1.0,1
0.65,1.0,1.0,1
0.65,1.0,1.0,1
0.65,1.0,1.0,1
0.65,1.0,1.0,1
0.65,1.0,1.0,1
0.65,1.0,1.0,1
0.65,1.0,1.0,1
0.65,1.0,1.0,1
0.65,1.0,1.0,1
0.65,1.0,1.0,1
0.65,1.0,1.0,1
0.65,1.0,1.0,1
0.65,1.0,1.0,1
0.65,1.0,1.0,1
0.65,1.0,1.0,1
0.65,1.0,1.0,1
0.65,1.0,1.0,1
0.65,1.0,1.0,1
0.65,1.0,1.0,1
0.65,1.0,1.0,1
0.65,1.0,1.0,1
0.65,1.0,1.0,1
0.65,1.0,1.0,1
0.65,1.0,1.0,1
0.65,1.0,1.0,1
0.65,1.0,1.0,1
0.65,1.0,1.0,1
0.65,1.0,1.0,1
0.65,1.0,1.0,1
0.65,1.0,1.0,1
0.65,1.0,1.0,1
0.65,1.0,1.0,1
0.65,1.0,1.0,1
0.65,1.0,1.0,1
0.65,1.0,1.0,1
0.65,1.0,1.0,1
0.65,1.0,1.0,1
0.65,1.0,1.0,1
0.65,1.0,1.0,1
0.65,1.0,1.0,1
0.65,1.0,1.0,1
0.65,1.0,1.0,1
0.65,1.0,1.0,1
0.65,1.0,1.0,1
0.65,1.0,1.0,1
0.65,1.0,1.0,1
0.65,1.0,1.0,1
0.65,1.0,1.0,1
0.65,1.0,1.0,1
0.65,1.0,1.0,1
0.65,1.0,1.0,1
0.65,1.0,1.0,1
0.65,1.0,1.0,1
0.65,1.0,1.0,1
0.65,1.0,1.0,1
0.65,1.0,1.0,1
0.65,1.0,1.0,1
0.65,1.0,1.0,1
0.65,1.0,1.0,1
0.65,1.0,1.0,1
0.65,1.0,1.0,1
0.65,1.0,1.0,1
0.65,1.0,1.0,1
0.65,1.0,1.0,1
0.65,1.0,1.0,1
0.65,1.0,1.0,1
0.65,1.0,1.0,1
0.65,1.0,1.0,1
0.65,1.0,1.0,1
0.65,1.0,1.0,1
0.65,1.0,1.0,1
0.65,1.0,1.0,1
0.65,1.0,1.0,1
0.65,1.0,1.0,1
0.65,1.0,1.0,1
0.65,1.0,1.0,1
0.65,1.0,1.0,1
0.65,1.0,1.0,1
0.65,1.0,1.0,1
0.65,1.0,1.0,1
0.65,1.0,1.0,1
0.65,1.0,1.0,1
0.65,1.0,1.0,1
0.65,1.0,1.0,1
0.65,1.0,1.0,1
0.65,1.0,1.0,1
0.65,1.0,1.0,1
0.65,1.0,1.0,1
0.65,1.0,1.0,1
0.65,1.0,1.0,1
0.65,1.0,1.0,1
0.65,1.0,1.0,1
0.65,1.0,1.0,1
0.65,1.0,1.0,1
0.65,1.0,1.0,1
0.65,1.0,1.0,1
0.65,1.0,1.0,1
0.65,1.0,1.0,1
0.65,1.0,1.0,1
0.65,1.0,1.0,1
0.65,1.0,1.0,1
0.65,1.0,1.0,1
0.65,1.0,1.0,1
0.65,1.0,1.0,1
0.65,1.0,1.0,1
0.65,1.0,1.0,1
0.65,1.0,1.0,1
0.65,1.0,1.0,1
0.65,1.0,1.0,1
0.65,1.0,1.0,1
0.65,1.0,1.0,1
0.65,1.0,1.0,1
0.65,1.0,1.0,1
0.65,1.0,1.0,1
0.65,1.0,1.0,1
0.65,1.0,1.0,1
0.65,1.0,1.0,1
0.65,1.0,1.0,1
0.65,1.0,1.0,1
0.65,1.0,1.0,1
0.65,1.0,1.0,1
0.65,1.0,1.0,1
0.65,1.0,1.0,1
0.65,1.0,1.0,1
0.65,1.0,1.0,1
0.65,1.0,1.0,1
0.65,1.0,1.0,1
0.65,1.0,1.0,1
0.65,1.0,1.0,1
0.65,1.0,1.0,1
0.65,1.0,1.0,1
0.65,1.0,1.0,1
0.65,1.0,1.0,1
0.65,1.0,1.0,1
0.65,1.0,1.0,1
0.65,1.0,1.0,1
0.65,1.0,1.0,1
0.65,1.0,1.0,1
0.65,1.0,1.0,1
0.65,1.0,1.0,1
0.65,1.0,1.0,1
0.65,1.0,1.0,1
0.65,1.0,1.0,1
0.65,1.0,1.0,1
0.65,1.0,1.0,1
0.65,1.0,1.0,1
0.65,1.0,1.0,1
0.65,1.0,1.0,1
0.65,1.0,1.0,1
0.65,1.0,1.0,1
0.65,1.0,1.0,1
0.65,1.0,1.0,1
0.65,1.0,1.0,1
0.65,1.0,1.0,1
0.65,1.0,1.0,1
0.65,1.0,1.0,1
0.65,1.0,1.0,1
0.65,1.0,1.0,1
0.65,1.0,1.0,1
0.65,1.0,1.0,1
0.65,1.0,1.0,1
0.65,1.0,1.0,1
0.65,1.0,1.0,1
0.65,1.0,1.0,1
0.65,1.0,1.0,1
0.65,1.0,1.0,1
0.65,1.0,1.0,1
0.65,1.0,1.0,1
0.65,1.0,1.0,1
0.65,1.0,1.0,1
0.65,1.0,1.0,1
0.65,1.0,1.0,1
0.65,1.0,1.0,1
0.65,1.0,1.0,1
0.65,1.0,1.0,1
0.65,1.0,1.0,1
0.65,1.0,1.0,1
0.65,1.0,1.0,1
0.65,1.0,1.0,1
0.65,1.0,1.0,1
0.65,1.0,1.0,1
0.65,1.0,1.0,1
0.65,1.0,1.0,1
0.65,1.0,1.0,1
0.65,1.0,1.0,1
0.65,1.0,1.0,1
0.65,1.0,1.0,1
0.65,1.0,1.0,1
0.65,1.0,1.0,1
0.65,1.0,1.0,1
0.65,1.0,1.0,1
0.65,1.0,1.0,1
0.65,1.0,1.0,1
0.65,1.0,1.0,1
0.65,1.0,1.0,1
0.65,1.0,1.0,1
0.65,1.0,1.0,1
0.65,1.0,1.0,1
0.65,1.0,1.0,1
0.65,1.0,1.0,1
0.65,1.0,1.0,1
0.65,1.0,1.0,1
0.65,1.0,1.0,1
0.65,1.0,1.0,1
0.65,1.0,1.0,1
0.65,1.0,1.0,1
0.65,1.0,1.0,1
0.65,1.0,1.0,1
0.65,1.0,1.0,1
0.65,1.0,1.0,1
0.65,1.0,1.0,1
0.65,1.0,1.0,1
0.65,1.0,1.0,1
0.65,1.0,1.0,1
0.65,1.0,1.0,1
0.65,1.0,1.0,1
0.65,1.0,1.0,1
0.65,1.0,1.0,1
0.65,1.0,1.0,1
0.65,1.0,1.0,1
0.65,1.0,1.0,1
0.65,1.0,1.0,1
0.65,1.0,1.0,1
0.65,1.0,1.0,1
0.65,1.0,1.0,1
0.65,1.0,1.0,1
0.65,1.0,1.0,1
0.65,1.0,1.0,1
0.65,1.0,1.0,1
0.65,1.0,1.0,1
0.65,1.0,1.0,1
0.65,1.0,1.0,1
0.65,1.0,1.0,1
0.65,1.0,1.0,1
0.65,1.0,1.0,1
0.65,1.0,1.0,1
0.65,1.0,1.0,1
0.65,1.0,1.0,1
0.5,1.0,1.0,1
0.5,1.0,1.0,1
0.5,1.0,1.0,1
0.5,1.0,1.0,1
0.5,1.0,1.0,1
0.5,1.0,1.0,1
0.5,1.0,1.0,1
0.5,1.0,1.0,1
0.5,1.0,1.0,1
0.5,1.0,1.0,1
0.5,1.0,1.0,1
0.5,1.0,1.0,1
0.5,1.0,1.0,1
0.5,1.0,1.0,1
0.5,1.0,1.0,1
0.5,1.0,1.0,1
0.5,1.0,1.0,1
0.5,1.0,1.0,1
0.5,1.0,1.0,1
0.5,1.0,1.0,1
0.5,1.0,1.0,1
0.5,1.0,1.0,1
0.5,1.0,1.0,1
0.5,1.0,1.0,1
0.5,1.0,1.0,1
0.5,1.0,1.0,1
0.5,1.0,1.0,1
0.5,1.0,1.0,1
0.5,1.0,1.0,1
0.5,1.0,1.0,1
0.5,1.0,1.0,1
0.5,1.0,1.0,1
0.5,1.0,1.0,1
0.5,1.0,1.0,1
0.5,1.0,1.0,1
0.5,1.0,1.0,1
0.5,1.0,1.0,1
0.5,1.0,1.0,1
0.5,1.0,1.0,1
0.5,1.0,1.0,1
0.5,1.0,1.0,1
0.5,1.0,1.0,1
0.5,1.0,1.0,1
0.5,1.0,1.0,1
0.5,1.0,1.0,1
0.5,1.0,1.0,1
0.5,1.0,1.0,1
0.5,1.0,1.0,1
0.5,1.0,1.0,1
0.5,1.0,1.0,1
0.7,1.0,1.0,1
0.7,1.0,1.0,1
0.7,1.0,1.0,1
0.7,1.0,1.0,1
0.7,1.0,1.0,1
0.7,1.0,1.0,1
0.7,1.0,1.0,1
0.7,1.0,1.0,1
0.7,1.0,1.0,1
0.7,1.0,1.0,1
0.7,1.0,1.0,1
0.7,1.0,1.0,1
0.7,1.0,1.0,1
0.7,1.0,1.0,1
0.7,1.0,1.0,1
0.7,1.0,1.0,1
0.7,1.0,1.0,1
0.7,1.0,1.0,1
0.7,1.0,1.0,1
0.7,1.0,1.0,1
0.7,1.0,1.0,1
0.7,1.0,1.0,1
0.7,1.0,1.0,1
0.7,1.0,1.0,1
0.7,1.0,1.0,1
0.7,1.0,1.0,1
0.7,1.0,1.0,1
0.7,1.0,1.0,1
0.7,1.0,1.0,1
0.7,1.0,1.0,1
0.7,1.0,1.0,1
0.7,1.0,1.0,1
0.7,1.0,1.0,1
0.7,1.0,1.0,1
0.7,1.0,1.0,1
0.7,1.0,1.0,1
0.7,1.0,1.0,1
0.7,1.0,1.0,1
0.7,1.0,1.0,1
0.7,1.0,1.0,1
0.7,1.0,1.0,1
0.7,1.0,1.0,1
0.7,1.0,1.0,1
0.7,1.0,1.0,1
0.7,1.0,1.0,1
0.7,1.0,1.0,1
0.7,1.0,1.0,1
0.7,1.0,1.0,1
0.7,1.0,1.0,1
0.7,1.0,1.0,1
0.7,1.0,1.0,1
0.7,1.0,1.0,1
0.7,1.0,1.0,1
0.7,1.0,1.0,1
0.7,1.0,1.0,1
0.7,1.0,1.0,1
0.7,1.0,1.0,1
0.7,1.0,1.0,1
0.7,1.0,1.0,1
0.7,1.0,1.0,1
0.7,1.0,1.0,1
0.7,1.0,1.0,1
0.7,1.0,1.0,1
0.7,1.0,1.0,1
0.7,1.0,1.0,1
0.7,1.0,1.0,1
0.7,1.0,1.0,1
0.7,1.0,1.0,1
0.7,1.0,1.0,1
0.7,1.0,1.0,1
0.7,1.0,1.0,1
0.7,1.0,1.0,1
0.7,1.0,1.0,1
0.7,1.0,1.0,1
0.7,1.0,1.0,1
0.7,1.0,1.0,1
0.7,1.0,1.0,1
0.7,1.0,1.0,1
0.7,1.0,1.0,1
0.7,1.0,1.0,1
0.7,1.0,1.0,1
0.7,1.0,1.0,1
0.7,1.0,1.0,1
0.7,1.0,1.0,1
0.7,1.0,1.0,1
0.7,1.0,1.0,1
0.7,1.0,1.0,1
0.7,1.0,1.0,1
0.7,1.0,1.0,1
0.7,1.0,1.0,1
0.7,1.0,1.0,1
0.7,1.0,1.0,1
0.7,1.0,1.0,1
0.7,1.0,1.0,1
0.7,1.0,1.0,1
0.7,1.0,1.0,1
0.7,1.0,1.0,1
0.7,1.0,1.0,1
0.7,1.0,1.0,1
0.7,1.0,1.0,1
0.7,1.0,1.0,1
0.7,1.0,1.0,1
0.7,1.0,1.0,1
0.7,1.0,1.0,1
0.7,1.0,1.0,1
0.7,1.0,1.0,1
0.7,1.0,1.0,1
0.7,1.0,1.0,1
0.7,1.0,1.0,1
0.7,1.0,1.0,1
0.7,1.0,1.0,1
0.7,1.0,1.0,1
0.7,1.0,1.0,1
0.7,1.0,1.0,1
0.7,1.0,1.0,1
0.7,1.0,1.0,1
0.7,1.0,1.0,1
0.7,1.0,1.0,1
0.7,1.0,1.0,1
0.7,1.0,1.0,1
0.7,1.0,1.0,1
0.7,1.0,1.0,1
0.7,1.0,1.0,1
0.7,1.0,1.0,1
0.7,1.0,1.0,1
0.7,1.0,1.0,1
0.7,1.0,1.0,1
0.7,1.0,1.0,1
0.7,1.0,1.0,1
0.7,1.0,1.0,1
0.7,1.0,1.0,1
0.7,1.0,1.0,1
0.7,1.0,1.0,1
0.7,1.0,1.0,1
0.7,1.0,1.0,1
0.7,1.0,1.0,1
0.7,1.0,1.0,1
0.7,1.0,1.0,1
0.7,1.0,1.0,1
0.7,1.0,1.0,1
0.7,1.0,1.0,1
0.7,1.0,1.0,1
0.7,1.0,1.0,1
0.7,1.0,1.0,1
0.7,1.0,1.0,1
0.7,1.0,1.0,1
0.7,1.0,1.0,1
0.7,1.0,1.0,1
0.7,1.0,1.0,1
0.7,1.0,1.0,1
0.7,1.0,1.0,1
0.7,1.0,1.0,1
0.7,1.0,1.0,1
0.7,1.0,1.0,1
0.7,1.0,1.0,1
0.7,1.0,1.0,1
0.7,1.0,1.0,1
0.7,1.0,1.0,1
0.7,1.0,1.0,1
0.7,1.0,1.0,1
0.7,1.0,1.0,1
0.7,1.0,1.0,1
0.7,1.0,1.0,1
0.7,1.0,1.0,1
0.7,1.0,1.0,1
0.7,1.0,1.0,1
0.7,1.0,1.0,1
0.7,1.0,1.0,1
0.7,1.0,1.0,1
0.7,1.0,1.0,1
0.7,1.0,1.0,1
0.7,1.0,1.0,1
0.7,1.0,1.0,1
0.7,1.0,1.0,1
0.7,1.0,1.0,1
0.7,1.0,1.0,1
0.7,1.0,1.0,1
0.7,1.0,1.0,1
0.7,1.0,1.0,1
0.7,1.0,1.0,1
0.7,1.0,1.0,1
0.7,1.0,1.0,1
0.7,1.0,1.0,1
0.7,1.0,1.0,1
0.7,1.0,1.0,1
0.7,1.0,1.0,1
0.7,1.0,1.0,1
0.7,1.0,1.0,1
0.7,1.0,1.0,1
0.7,1.0,1.0,1
0.7,1.0,1.0,1
0.7,1.0,1.0,1
0.7,1.0,1.0,1
0.7,1.0,1.0,1
0.7,1.0,1.0,1
0.7,1.0,1.0,1
0.7,1.0,1.0,1
0.7,1.0,1.0,1
0.7,1.0,1.0,1
0.7,1.0,1.0,1
0.7,1.0,1.0,1
0.7,1.0,1.0,1
0.7,1.0,1.0,1
0.7,1.0,1.0,1
0.7,1.0,1.0,1
0.7,1.0,1.0,1
0.7,1.0,1.0,1
0.7,1.0,1.0,1
0.7,1.0,1.0,1
0.7,1.0,1.0,1
0.7,1.0,1.0,1
0.7,1.0,1.0,1
0.7,1.0,1.0,1
0.7,1.0,1.0,1
0.7,1.0,1.0,1
0.7,1.0,1.0,1
0.7,1.0,1.0,1
0.7,1.0,1.0,1
0.7,1.0,1.0,1
0.7,1.0,1.0,1
0.7,1.0,1.0,1
0.7,1.0,1.0,1
0.7,1.0,1.0,1
0.7,1.0,1.0,1
0.7,1.0,1.0,1
0.7,1.0,1.0,1
0.7,1.0,1.0,1
0.7,1.0,1.0,1
0.7,1.0,1.0,1
0.7,1.0,1.0,1
0.7,1.0,1.0,1
0.7,1.0,1.0,1
0.7,1.0,1.0,1
0.7,1.0,1.0,1
0.7,1.0,1.0,1
0.7,1.0,1.0,1
0.7,1.0,1.0,1
0.7,1.0,1.0,1
0.7,1.0,1.0,1
0.7,1.0,1.0,1
0.7,1.0,1.0,1
0.7,1.0,1.0,1
0.7,1.0,1.0,1
0.7,1.0,1.0,1
0.7,1.0,1.0,1
0.7,1.0,1.0,1
0.7,1.0,1.0,1
0.7,1.0,1.0,1
0.7,1.0,1.0,1
0.7,1.0,1.0,1
0.75,1.0,1.0,1
0.75,1.0,1.0,1
0.75,1.0,1.0,1
0.75,1.0,1.0,1
0.75,1.0,1.0,1
0.75,1.0,1.0,1
0.75,1.0,1.0,1
0.75,1.0,1.0,1
0.75,1.0,1.0,1
0.75,1.0,1.0,1
0.75,1.0,1.0,1
0.75,1.0,1.0,1
0.75,1.0,1.0,1
0.75,1.0,1.0,1
0.75,1.0,1.0,1
0.75,1.0,1.0,1
0.75,1.0,1.0,1
0.75,1.0,1.0,1
0.75,1.0,1.0,1
0.75,1.0,1.0,1
0.75,1.0,1.0,1
0.75,1.0,1.0,1
0.75,1.0,1.0,1
0.75,1.0,1.0,1
0.75,1.0,1.0,1
0.75,1.0,1.0,1
0.75,1.0,1.0,1
0.75,1.0,1.0,1
0.75,1.0,1.0,1
0.75,1.0,1.0,1
0.75,1.0,1.0,1
0.75,1.0,1.0,1
0.75,1.0,1.0,1
0.75,1.0,1.0,1
0.75,1.0,1.0,1
0.75,1.0,1.0,1
0.75,1.0,1.0,1
0.75,1.0,1.0,1
0.75,1.0,1.0,1
0.75,1.0,1.0,1
0.75,1.0,1.0,1
0.75,1.0,1.0,1
0.75,1.0,1.0,1
0.75,1.0,1.0,1
0.75,1.0,1.0,1
0.75,1.0,1.0,1
0.75,1.0,1.0,1
0.75,1.0,1.0,1
0.75,1.0,1.0,1
0.75,1.0,1.0,1
0.75,1.0,1.0,1
0.75,1.0,1.0,1
0.75,1.0,1.0,1
0.75,1.0,1.0,1
0.75,1.0,1.0,1
0.75,1.0,1.0,1
0.75,1.0,1.0,1
0.75,1.0,1.0,1
0.75,1.0,1.0,1
0.75,1.0,1.0,1
0.75,1.0,1.0,1
0.75,1.0,1.0,1
0.75,1.0,1.0,1
0.75,1.0,1.0,1
0.75,1.0,1.0,1
0.75,1.0,1.0,1
0.75,1.0,1.0,1
0.75,1.0,1.0,1
0.75,1.0,1.0,1
0.75,1.0,1.0,1
0.75,1.0,1.0,1
0.75,1.0,1.0,1
0.75,1.0,1.0,1
0.75,1.0,1.0,1
0.75,1.0,1.0,1
0.75,1.0,1.0,1
0.75,1.0,1.0,1
0.75,1.0,1.0,1
0.75,1.0,1.0,1
0.75,1.0,1.0,1
0.75,1.0,1.0,1
0.75,1.0,1.0,1
0.75,1.0,1.0,1
0.75,1.0,1.0,1
0.75,1.0,1.0,1
0.75,1.0,1.0,1
0.75,1.0,1.0,1
0.75,1.0,1.0,1
0.75,1.0,1.0,1
0.75,1.0,1.0,1
0.75,1.0,1.0,1
0.75,1.0,1.0,1
0.75,1.0,1.0,1
0.75,1.0,1.0,1
0.75,1.0,1.0,1
0.75,1.0,1.0,1
0.75,1.0,1.0,1
0.75,1.0,1.0,1
0.75,1.0,1.0,1
0.75,1.0,1.0,1
0.75,1.0,1.0,1
0.75,1.0,1.0,1
0.75,1.0,1.0,1
0.75,1.0,1.0,1
0.75,1.0,1.0,1
0.75,1.0,1.0,1
0.75,1.0,1.0,1
0.75,1.0,1.0,1
0.75,1.0,1.0,1
0.75,1.0,1.0,1
0.75,1.0,1.0,1
0.75,1.0,1.0,1
0.75,1.0,1.0,1
0.75,1.0,1.0,1
0.75,1.0,1.0,1
0.75,1.0,1.0,1
0.75,1.0,1.0,1
0.75,1.0,1.0,1
0.75,1.0,1.0,1
0.75,1.0,1.0,1
0.75,1.0,1.0,1
0.75,1.0,1.0,1
0.75,1.0,1.0,1
0.75,1.0,1.0,1
0.75,1.0,1.0,1
0.75,1.0,1.0,1
0.75,1.0,1.0,1
0.75,1.0,1.0,1
0.75,1.0,1.0,1
0.75,1.0,1.0,1
0.75,1.0,1.0,1
0.75,1.0,1.0,1
0.75,1.0,1.0,1
0.75,1.0,1.0,1
0.75,1.0,1.0,1
0.75,1.0,1.0,1
0.75,1.0,1.0,1
0.75,1.0,1.0,1
0.75,1.0,1.0,1
0.75,1.0,1.0,1
0.75,1.0,1.0,1
0.75,1.0,1.0,1
0.75,1.0,1.0,1
0.75,1.0,1.0,1
0.75,1.0,1.0,1
0.75,1.0,1.0,1
0.75,1.0,1.0,1
0.75,1.0,1.0,1
0.75,1.0,1.0,1
0.75,1.0,1.0,1
0.75,1.0,1.0,1
0.75,1.0,1.0,1
0.75,1.0,1.0,1
0.75,1.0,1.0,1
0.75,1.0,1.0,1
0.75,1.0,1.0,1
0.75,1.0,1.0,1
0.75,1.0,1.0,1
0.75,1.0,1.0,1
0.75,1.0,1.0,1
0.75,1.0,1.0,1
0.75,1.0,1.0,1
0.75,1.0,1.0,1
0.75,1.0,1.0,1
0.75,1.0,1.0,1
0.75,1.0,1.0,1
0.75,1.0,1.0,1
0.75,1.0,1.0,1
0.75,1.0,1.0,1
0.75,1.0,1.0,1
0.75,1.0,1.0,1
0.75,1.0,1.0,1
0.75,1.0,1.0,1
0.75,1.0,1.0,1
0.75,1.0,1.0,1
0.75,1.0,1.0,1
0.75,1.0,1.0,1
0.75,1.0,1.0,1
0.75,1.0,1.0,1
0.75,1.0,1.0,1
0.75,1.0,1.0,1
0.75,1.0,1.0,1
0.75,1.0,1.0,1
0.75,1.0,1.0,1
0.75,1.0,1.0,1
0.75,1.0,1.0,1
0.75,1.0,1.0,1
0.75,1.0,1.0,1
0.75,1.0,1.0,1
0.75,1.0,1.0,1
0.75,1.0,1.0,1
0.75,1.0,1.0,1
0.75,1.0,1.0,1
0.75,1.0,1.0,1
0.75,1.0,1.0,1
0.75,1.0,1.0,1
0.75,1.0,1.0,1
0.75,1.0,1.0,1
0.75,1.0,1.0,1
0.75,1.0,1.0,1
0.75,1.0,1.0,1
0.75,1.0,1.0,1
0.75,1.0,1.0,1
0.75,1.0,1.0,1
0.75,1.0,1.0,1
0.75,1.0,1.0,1
0.75,1.0,1.0,1
0.75,1.0,1.0,1
0.75,1.0,1.0,1
0.75,1.0,1.0,1
0.75,1.0,1.0,1
0.75,1.0,1.0,1
0.75,1.0,1.0,1
0.75,1.0,1.0,1
0.75,1.0,1.0,1
0.75,1.0,1.0,1
0.75,1.0,1.0,1
0.75,1.0,1.0,1
0.75,1.0,1.0,1
0.75,1.0,1.0,1
0.75,1.0,1.0,1
0.75,1.0,1.0,1
0.75,1.0,1.0,1
0.75,1.0,1.0,1
0.75,1.0,1.0,1
0.75,1.0,1.0,1
0.75,1.0,1.0,1
0.75,1.0,1.0,1
0.75,1.0,1.0,1
0.75,1.0,1.0,1
0.75,1.0,1.0,1
0.75,1.0,1.0,1
0.75,1.0,1.0,1
0.75,1.0,1.0,1
0.75,1.0,1.0,1
0.75,1.0,1.0,1
0.75,1.0,1.0,1
0.75,1.0,1.0,1
0.75,1.0,1.0,1
0.75,1.0,1.0,1
0.75,1.0,1.0,1
0.75,1.0,1.0,1
0.75,1.0,1.0,1
0.75,1.0,1.0,1
0.75,1.0,1.0,1
0.75,1.0,1.0,1
0.75,1.0,1.0,1
0.75,1.0,1.0,1
0.75,1.0,1.0,1
0.75,1.0,1.0,1
0.5,1.0,1.0,1
0.5,1.0,1.0,1
0.5,1.0,1.0,1
0.5,1.0,1.0,1
0.5,1.0,1.0,1
0.5,1.0,1.0,1
0.5,1.0,1.0,1
0.5,1.0,1.0,1
0.5,1.0,1.0,1
0.5,1.0,1.0,1
0.5,1.0,1.0,1
0.5,1.0,1.0,1
0.5,1.0,1.0,1
0.5,1.0,1.0,1
0.5,1.0,1.0,1
0.5,1.0,1.0,1
0.5,1.0,1.0,1
0.5,1.0,1.0,1
0.5,1.0,1.0,1
0.5,1.0,1.0,1
0.5,1.0,1.0,1
0.5,1.0,1.0,1
0.5,1.0,1.0,1
0.5,1.0,1.0,1
0.5,1.0,1.0,1
0.5,1.0,1.0,1
0.5,1.0,1.0,1
0.5,1.0,1.0,1
0.5,1.0,1.0,1
0.5,1.0,1.0,1
0.5,1.0,1.0,1
0.5,1.0,1.0,1
0.5,1.0,1.0,1
0.5,1.0,1.0,1
0.5,1.0,1.0,1
0.5,1.0,1.0,1
0.5,1.0,1.0,1
0.5,1.0,1.0,1
0.5,1.0,1.0,1
0.5,1.0,1.0,1
0.5,1.0,1.0,1
0.5,1.0,1.0,1
0.5,1.0,1.0,1
0.5,1.0,1.0,1
0.5,1.0,1.0,1
0.5,1.0,1.0,1
0.5,1.0,1.0,1
0.5,1.0,1.0,1
0.5,1.0,1.0,1
0.5,1.0,1.0,1
0.8,1.0,1.0,1
0.8,1.0,1.0,1
0.8,1.0,1.0,1
0.8,1.0,1.0,1
0.8,1.0,1.0,1
0.8,1.0,1.0,1
0.8,1.0,1.0,1
0.8,1.0,1.0,1
0.8,1.0,1.0,1
0.8,1.0,1.0,1
0.8,1.0,1.0,1
0.8,1.0,1.0,1
0.8,1.0,1.0,1
0.8,1.0,1.0,1
0.8,1.0,1.0,1
0.8,1.0,1.0,1
0.8,1.0,1.0,1
0.8,1.0,1.0,1
0.8,1.0,1.0,1
0.8,1.0,1.0,1
0.8,1.0,1.0,1
0.8,1.0,1.0,1
0.8,1.0,1.0,1
0.8,1.0,1.0,1
0.8,1.0,1.0,1
0.8,1.0,1.0,1
0.8,1.0,1.0,1
0.8,1.0,1.0,1
0.8,1.0,1.0,1
0.8,1.0,1.0,1
0.8,1.0,1.0,1
0.8,1.0,1.0,1
0.8,1.0,1.0,1
0.8,1.0,1.0,1
0.8,1.0,1.0,1
0.8,1.0,1.0,1
0.8,1.0,1.0,1
0.8,1.0,1.0,1
0.8,1.0,1.0,1
0.8,1.0,1.0,1
0.8,1.0,1.0,1
0.8,1.0,1.0,1
0.8,1.0,1.0,1
0.8,1.0,1.0,1
0.8,1.0,1.0,1
0.8,1.0,1.0,1
0.8,1.0,1.0,1
0.8,1.0,1.0,1
0.8,1.0,1.0,1
0.8,1.0,1.0,1
0.8,1.0,1.0,1
0.8,1.0,1.0,1
0.8,1.0,1.0,1
0.8,1.0,1.0,1
0.8,1.0,1.0,1
0.8,1.0,1.0,1
0.8,1.0,1.0,1
0.8,1.0,1.0,1
0.8,1.0,1.0,1
0.8,1.0,1.0,1
0.8,1.0,1.0,1
0.8,1.0,1.0,1
0.8,1.0,1.0,1
0.8,1.0,1.0,1
0.8,1.0,1.0,1
0.8,1.0,1.0,1
0.8,1.0,1.0,1
0.8,1.0,1.0,1
0.8,1.0,1.0,1
0.8,1.0,1.0,1
0.8,1.0,1.0,1
0.8,1.0,1.0,1
0.8,1.0,1.0,1
0.8,1.0,1.0,1
0.8,1.0,1.0,1
0.8,1.0,1.0,1
0.8,1.0,1.0,1
0.8,1.0,1.0,1
0.8,1.0,1.0,1
0.8,1.0,1.0,1
0.8,1.0,1.0,1
0.8,1.0,1.0,1
0.8,1.0,1.0,1
0.8,1.0,1.0,1
0.8,1.0,1.0,1
0.8,1.0,1.0,1
0.8,1.0,1.0,1
0.8,1.0,1.0,1
0.8,1.0,1.0,1
0.8,1.0,1.0,1
0.8,1.0,1.0,1
0.8,1.0,1.0,1
0.8,1.0,1.0,1
0.8,1.0,1.0,1
0.8,1.0,1.0,1
0.8,1.0,1.0,1
0.8,1.0,1.0,1
0.8,1.0,1.0,1
0.8,1.0,1.0,1
0.8,1.0,1.0,1
0.8,1.0,1.0,1
0.8,1.0,1.0,1
0.8,1.0,1.0,1
0.8,1.0,1.0,1
0.8,1.0,1.0,1
0.8,1.0,1.0,1
0.8,1.0,1.0,1
0.8,1.0,1.0,1
0.8,1.0,1.0,1
0.8,1.0,1.0,1
0.8,1.0,1.0,1
0.8,1.0,1.0,1
0.8,1.0,1.0,1
0.8,1.0,1.0,1
0.8,1.0,1.0,1
0.8,1.0,1.0,1
0.8,1.0,1.0,1
0.8,1.0,1.0,1
0.8,1.0,1.0,1
0.8,1.0,1.0,1
0.8,1.0,1.0,1
0.8,1.0,1.0,1
0.8,1.0,1.0,1
0.8,1.0,1.0,1
0.8,1.0,1.0,1
0.8,1.0,1.0,1
0.8,1.0,1.0,1
0.8,1.0,1.0,1
0.8,1.0,1.0,1
0.8,1.0,1.0,1
0.8,1.0,1.0,1
0.8,1.0,1.0,1
0.8,1.0,1.0,1
0.8,1.0,1.0,1
0.8,1.0,1.0,1
0.8,1.0,1.0,1
0.8,1.0,1.0,1
0.8,1.0,1.0,1
0.8,1.0,1.0,1
0.8,1.0,1.0,1
0.8,1.0,1.0,1
0.8,1.0,1.0,1
0.8,1.0,1.0,1
0.8,1.0,1.0,1
0.8,1.0,1.0,1
0.8,1.0,1.0,1
0.8,1.0,1.0,1
0.8,1.0,1.0,1
0.8,1.0,1.0,1
0.8,1.0,1.0,1
0.8,1.0,1.0,1
0.8,1.0,1.0,1
0.8,1.0,1.0,1
0.8,1.0,1.0,1
0.8,1.0,1.0,1
0.8,1.0,1.0,1
0.8,1.0,1.0,1
0.8,1.0,1.0,1
0.8,1.0,1.0,1
0.8,1.0,1.0,1
0.8,1.0,1.0,1
0.8,1.0,1.0,1
0.8,1.0,1.0,1
0.8,1.0,1.0,1
0.8,1.0,1.0,1
0.8,1.0,1.0,1
0.8,1.0,1.0,1
0.8,1.0,1.0,1
0.8,1.0,1.0,1
0.8,1.0,1.0,1
0.8,1.0,1.0,1
0.8,1.0,1.0,1
0.8,1.0,1.0,1
0.8,1.0,1.0,1
0.8,1.0,1.0,1
0.8,1.0,1.0,1
0.8,1.0,1.0,1
0.8,1.0,1.0,1
0.8,1.0,1.0,1
0.8,1.0,1.0,1
0.8,1.0,1.0,1
0.8,1.0,1.0,1
0.8,1.0,1.0,1
0.8,1.0,1.0,1
0.8,1.0,1.0,1
0.8,1.0,1.0,1
0.8,1.0,1.0,1
0.8,1.0,1.0,1
0.8,1.0,1.0,1
0.8,1.0,1.0,1
0.8,1.0,1.0,1
0.8,1.0,1.0,1
0.8,1.0,1.0,1
0.8,1.0,1.0,1
0.8,1.0,1.0,1
0.8,1.0,1.0,1
0.8,1.0,1.0,1
0.8,1.0,1.0,1
0.8,1.0,1.0,1
0.8,1.0,1.0,1
0.8,1.0,1.0,1
0.8,1.0,1.0,1
0.8,1.0,1.0,1
0.8,1.0,1.0,1
0.8,1.0,1.0,1
0.8,1.0,1.0,1
0.8,1.0,1.0,1
0.8,1.0,1.0,1
0.8,1.0,1.0,1
0.8,1.0,1.0,1
0.8,1.0,1.0,1
0.8,1.0,1.0,1
0.8,1.0,1.0,1
0.8,1.0,1.0,1
0.8,1.0,1.0,1
0.8,1.0,1.0,1
0.8,1.0,1.0,1
0.8,1.0,1.0,1
0.8,1.0,1.0,1
0.8,1.0,1.0,1
0.8,1.0,1.0,1
0.8,1.0,1.0,1
0.8,1.0,1.0,1
0.8,1.0,1.0,1
0.8,1.0,1.0,1
0.8,1.0,1.0,1
0.8,1.0,1.0,1
0.8,1.0,1.0,1
0.8,1.0,1.0,1
0.8,1.0,1.0,1
0.8,1.0,1.0,1
0.8,1.0,1.0,1
0.8,1.0,1.0,1
0.8,1.0,1.0,1
0.8,1.0,1.0,1
0.8,1.0,1.0,1
0.8,1.0,1.0,1
0.8,1.0,1.0,1
0.8,1.0,1.0,1
0.8,1.0,1.0,1
0.8,1.0,1.0,1
0.8,1.0,1.0,1
0.8,1.0,1.0,1
0.8,1.0,1.0,1
0.8,1.0,1.0,1
0.8,1.0,1.0,1
0.8,1.0,1.0,1
0.8,1.0,1.0,1
0.8,1.0,1.0,1
0.8,1.0,1.0,1
0.85,1.0,1.0,1
0.85,1.0,1.0,1
0.85,1.0,1.0,1
0.85,1.0,1.0,1
0.85,1.0,1.0,1
0.85,1.0,1.0,1
0.85,1.0,1.0,1
0.85,1.0,1.0,1
0.85,1.0,1.0,1
0.85,1.0,1.0,1
0.85,1.0,1.0,1
0.85,1.0,1.0,1
0.85,1.0,1.0,1
0.85,1.0,1.0,1
0.85,1.0,1.0,1
0.85,1.0,1.0,1
0.85,1.0,1.0,1
0.85,1.0,1.0,1
0.85,1.0,1.0,1
0.85,1.0,1.0,1
0.85,1.0,1.0,1
0.85,1.0,1.0,1
0.85,1.0,1.0,1
0.85,1.0,1.0,1
0.85,1.0,1.0,1
0.85,1.0,1.0,1
0.85,1.0,1.0,1
0.85,1.0,1.0,1
0.85,1.0,1.0,1
0.85,1.0,1.0,1
0.85,1.0,1.0,1
0.85,1.0,1.0,1
0.85,1.0,1.0,1
0.85,1.0,1.0,1
0.85,1.0,1.0,1
0.85,1.0,1.0,1
0.85,1.0,1.0,1
0.85,1.0,1.0,1
0.85,1.0,1.0,1
0.85,1.0,1.0,1
0.85,1.0,1.0,1
0.85,1.0,1.0,1
0.85,1.0,1.0,1
0.85,1.0,1.0,1
0.85,1.0,1.0,1
0.85,1.0,1.0,1
0.85,1.0,1.0,1
0.85,1.0,1.0,1
0.85,1.0,1.0,1
0.85,1.0,1.0,1
0.85,1.0,1.0,1
0.85,1.0,1.0,1
0.85,1.0,1.0,1
0.85,1.0,1.0,1
0.85,1.0,1.0,1
0.85,1.0,1.0,1
0.85,1.0,1.0,1
0.85,1.0,1.0,1
0.85,1.0,1.0,1
0.85,1.0,1.0,1
0.85,1.0,1.0,1
0.85,1.0,1.0,1
0.85,1.0,1.0,1
0.85,1.0,1.0,1
0.85,1.0,1.0,1
0.85,1.0,1.0,1
0.85,1.0,1.0,1
0.85,1.0,1.0,1
0.85,1.0,1.0,1
0.85,1.0,1.0,1
0.85,1.0,1.0,1
0.85,1.0,1.0,1
0.85,1.0,1.0,1
0.85,1.0,1.0,1
0.85,1.0,1.0,1
0.85,1.0,1.0,1
0.85,1.0,1.0,1
0.85,1.0,1.0,1
0.85,1.0,1.0,1
0.85,1.0,1.0,1
0.85,1.0,1.0,1
0.85,1.0,1.0,1
0.85,1.0,1.0,1
0.85,1.0,1.0,1
0.85,1.0,1.0,1
0.85,1.0,1.0,1
0.85,1.0,1.0,1
0.85,1.0,1.0,1
0.85,1.0,1.0,1
0.85,1.0,1.0,1
0.85,1.0,1.0,1
0.85,1.0,1.0,1
0.85,1.0,1.0,1
0.85,1.0,1.0,1
0.85,1.0,1.0,1
0.85,1.0,1.0,1
0.85,1.0,1.0,1
0.85,1.0,1.0,1
0.85,1.0,1.0,1
0.85,1.0,1.0,1
0.85,1.0,1.0,1
0.85,1.0,1.0,1
0.85,1.0,1.0,1
0.85,1.0,1.0,1
0.85,1.0,1.0,1
0.85,1.0,1.0,1
0.85,1.0,1.0,1
0.85,1.0,1.0,1
0.85,1.0,1.0,1
0.85,1.0,1.0,1
0.85,1.0,1.0,1
0.85,1.0,1.0,1
0.85,1.0,1.0,1
0.85,1.0,1.0,1
0.85,1.0,1.0,1
0.85,1.0,1.0,1
0.85,1.0,1.0,1
0.85,1.0,1.0,1
0.85,1.0,1.0,1
0.85,1.0,1.0,1
0.85,1.0,1.0,1
0.85,1.0,1.0,1
0.85,1.0,1.0,1
0.85,1.0,1.0,1
0.85,1.0,1.0,1
0.85,1.0,1.0,1
0.85,1.0,1.0,1
0.85,1.0,1.0,1
0.85,1.0,1.0,1
0.85,1.0,1.0,1
0.85,1.0,1.0,1
0.85,1.0,1.0,1
0.85,1.0,1.0,1
0.85,1.0,1.0,1
0.85,1.0,1.0,1
0.85,1.0,1.0,1
0.85,1.0,1.0,1
0.85,1.0,1.0,1
0.85,1.0,1.0,1
0.85,1.0,1.0,1
0.85,1.0,1.0,1
0.85,1.0,1.0,1
0.85,1.0,1.0,1
0.85,1.0,1.0,1
0.85,1.0,1.0,1
0.85,1.0,1.0,1
0.85,1.0,1.0,1
0.85,1.0,1.0,1
0.85,1.0,1.0,1
0.85,1.0,1.0,1
0.85,1.0,1.0,1
0.85,1.0,1.0,1
0.85,1.0,1.0,1
0.85,1.0,1.0,1
0.85,1.0,1.0,1
0.85,1.0,1.0,1
0.85,1.0,1.0,1
0.85,1.0,1.0,1
0.85,1.0,1.0,1
0.85,1.0,1.0,1
0.85,1.0,1.0,1
0.85,1.0,1.0,1
0.85,1.0,1.0,1
0.85,1.0,1.0,1
0.85,1.0,1.0,1
0.85,1.0,1.0,1
0.85,1.0,1.0,1
0.85,1.0,1.0,1
0.85,1.0,1.0,1
0.85,1.0,1.0,1
0.85,1.0,1.0,1
0.85,1.0,1.0,1
0.85,1.0,1.0,1
0.85,1.0,1.0,1
0.85,1.0,1.0,1
0.85,1.0,1.0,1
0.85,1.0,1.0,1
0.85,1.0,1.0,1
0.85,1.0,1.0,1
0.85,1.0,1.0,1
0.85,1.0,1.0,1
0.85,1.0,1.0,1
0.85,1.0,1.0,1
0.85,1.0,1.0,1
0.85,1.0,1.0,1
0.85,1.0,1.0,1
0.85,1.0,1.0,1
0.85,1.0,1.0,1
0.85,1.0,1.0,1
0.85,1.0,1.0,1
0.85,1.0,1.0,1
0.85,1.0,1.0,1
0.85,1.0,1.0,1
0.85,1.0,1.0,1
0.85,1.0,1.0,1
0.85,1.0,1.0,1
0.85,1.0,1.0,1
0.85,1.0,1.0,1
0.85,1.0,1.0,1
0.85,1.0,1.0,1
0.85,1.0,1.0,1
0.85,1.0,1.0,1
0.85,1.0,1.0,1
0.85,1.0,1.0,1
0.85,1.0,1.0,1
0.85,1.0,1.0,1
0.85,1.0,1.0,1
0.85,1.0,1.0,1
0.85,1.0,1.0,1
0.85,1.0,1.0,1
0.85,1.0,1.0,1
0.85,1.0,1.0,1
0.85,1.0,1.0,1
0.85,1.0,1.0,1
0.85,1.0,1.0,1
0.85,1.0,1.0,1
0.85,1.0,1.0,1
0.85,1.0,1.0,1
0.85,1.0,1.0,1
0.85,1.0,1.0,1
0.85,1.0,1.0,1
0.85,1.0,1.0,1
0.85,1.0,1.0,1
0.85,1.0,1.0,1
0.85,1.0,1.0,1
0.85,1.0,1.0,1
0.85,1.0,1.0,1
0.85,1.0,1.0,1
0.85,1.0,1.0,1
0.85,1.0,1.0,1
0.85,1.0,1.0,1
0.85,1.0,1.0,1
0.85,1.0,1.0,1
0.85,1.0,1.0,1
0.85,1.0,1.0,1
0.85,1.0,1.0,1
0.85,1.0,1.0,1
0.85,1.0,1.0,1
0.85,1.0,1.0,1
0.85,1.0,1.0,1
0.85,1.0,1.0,1
0.85,1.0,1.0,1
0.85,1.0,1.0,1
0.85,1.0,1.0,1
0.85,1.0,1.0,1
0.85,1.0,1.0,1
0.85,1.0,1.0,1
0.85,1.0,1.0,1
0.85,1.0,1.0,1
0.85,1.0,1.0,1
0.5,1.0,1.0,1
0.5,1.0,1.0,1
0.5,1.0,1.0,1
0.5,1.0,1.0,1
0.5,1.0,1.0,1
0.5,1.0,1.0,1
0.5,1.0,1.0,1
0.5,1.0,1.0,1
0.5,1.0,1.0,1
0.5,1.0,1.0,1
0.5,1.0,1.0,1
0.5,1.0,1.0,1
0.5,1.0,1.0,1
0.5,1.0,1.0,1
0.5,1.0,1.0,1
0.5,1.0,1.0,1
0.5,1.0,1.0,1
0.5,1.0,1.0,1
0.5,1.0,1.0,1
0.5,1.0,1.0,1
0.5,1.0,1.0,1
0.5,1.0,1.0,1
0.5,1.0,1.0,1
0.5,1.0,1.0,1
0.5,1.0,1.0,1
0.5,1.0,1.0,1
0.5,1.0,1.0,1
0.5,1.0,1.0,1
0.5,1.0,1.0,1
0.5,1.0,1.0,1
0.5,1.0,1.0,1
0.5,1.0,1.0,1
0.5,1.0,1.0,1
0.5,1.0,1.0,1
0.5,1.0,1.0,1
0.5,1.0,1.0,1
0.5,1.0,1.0,1
0.5,1.0,1.0,1
0.5,1.0,1.0,1
0.5,1.0,1.0,1
0.5,1.0,1.0,1
0.5,1.0,1.0,1
0.5,1.0,1.0,1
0.5,1.0,1.0,1
0.5,1.0,1.0,1
0.5,1.0,1.0,1
0.5,1.0,1.0,1
0.5,1.0,1.0,1
0.5,1.0,1.0,1
0.5,1.0,1.0,1
0.9,1.0,1.0,1
0.9,1.0,1.0,1
0.9,1.0,1.0,1
0.9,1.0,1.0,1
0.9,1.0,1.0,1
0.9,1.0,1.0,1
0.9,1.0,1.0,1
0.9,1.0,1.0,1
0.9,1.0,1.0,1
0.9,1.0,1.0,1
0.9,1.0,1.0,1
0.9,1.0,1.0,1
0.9,1.0,1.0,1
0.9,1.0,1.0,1
0.9,1.0,1.0,1
0.9,1.0,1.0,1
0.9,1.0,1.0,1
0.9,1.0,1.0,1
0.9,1.0,1.0,1
0.9,1.0,1.0,1
0.9,1.0,1.0,1
0.9,1.0,1.0,1
0.9,1.0,1.0,1
0.9,1.0,1.0,1
0.9,1.0,1.0,1
0.9,1.0,1.0,1
0.9,1.0,1.0,1
0.9,1.0,1.0,1
0.9,1.0,1.0,1
0.9,1.0,1.0,1
0.9,1.0,1.0,1
0.9,1.0,1.0,1
0.9,1.0,1.0,1
0.9,1.0,1.0,1
0.9,1.0,1.0,1
0.9,1.0,1.0,1
0.9,1.0,1.0,1
0.9,1.0,1.0,1
0.9,1.0,1.0,1
0.9,1.0,1.0,1
0.9,1.0,1.0,1
0.9,1.0,1.0,1
0.9,1.0,1.0,1
0.9,1.0,1.0,1
0.9,1.0,1.0,1
0.9,1.0,1.0,1
0.9,1.0,1.0,1
0.9,1.0,1.0,1
0.9,1.0,1.0,1
0.9,1.0,1.0,1
0.9,1.0,1.0,1
0.9,1.0,1.0,1
0.9,1.0,1.0,1
0.9,1.0,1.0,1
0.9,1.0,1.0,1
0.9,1.0,1.0,1
0.9,1.0,1.0,1
0.9,1.0,1.0,1
0.9,1.0,1.0,1
0.9,1.0,1.0,1
0.9,1.0,1.0,1
0.9,1.0,1.0,1
0.9,1.0,1.0,1
0.9,1.0,1.0,1
0.9,1.0,1.0,1
0.9,1.0,1.0,1
0.9,1.0,1.0,1
0.9,1.0,1.0,1
0.9,1.0,1.0,1
0.9,1.0,1.0,1
0.9,1.0,1.0,1
0.9,1.0,1.0,1
0.9,1.0,1.0,1
0.9,1.0,1.0,1
0.9,1.0,1.0,1
0.9,1.0,1.0,1
0.9,1.0,1.0,1
0.9,1.0,1.0,1
0.9,1.0,1.0,1
0.9,1.0,1.0,1
0.9,1.0,1.0,1
0.9,1.0,1.0,1
0.9,1.0,1.0,1
0.9,1.0,1.0,1
0.9,1.0,1.0,1
0.9,1.0,1.0,1
0.9,1.0,1.0,1
0.9,1.0,1.0,1
0.9,1.0,1.0,1
0.9,1.0,1.0,1
0.9,1.0,1.0,1
0.9,1.0,1.0,1
0.9,1.0,1.0,1
0.9,1.0,1.0,1
0.9,1.0,1.0,1
0.9,1.0,1.0,1
0.9,1.0,1.0,1
0.9,1.0,1.0,1
0.9,1.0,1.0,1
0.9,1.0,1.0,1
0.9,1.0,1.0,1
0.9,1.0,1.0,1
0.9,1.0,1.0,1
0.9,1.0,1.0,1
0.9,1.0,1.0,1
0.9,1.0,1.0,1
0.9,1.0,1.0,1
0.9,1.0,1.0,1
0.9,1.0,1.0,1
0.9,1.0,1.0,1
0.9,1.0,1.0,1
0.9,1.0,1.0,1
0.9,1.0,1.0,1
0.9,1.0,1.0,1
0.9,1.0,1.0,1
0.9,1.0,1.0,1
0.9,1.0,1.0,1
0.9,1.0,1.0,1
0.9,1.0,1.0,1
0.9,1.0,1.0,1
0.9,1.0,1.0,1
0.9,1.0,1.0,1
0.9,1.0,1.0,1
0.9,1.0,1.0,1
0.9,1.0,1.0,1
0.9,1.0,1.0,1
0.9,1.0,1.0,1
0.9,1.0,1.0,1
0.9,1.0,1.0,1
0.9,1.0,1.0,1
0.9,1.0,1.0,1
0.9,1.0,1.0,1
0.9,1.0,1.0,1
0.9,1.0,1.0,1
0.9,1.0,1.0,1
0.9,1.0,1.0,1
0.9,1.0,1.0,1
0.9,1.0,1.0,1
0.9,1.0,1.0,1
0.9,1.0,1.0,1
0.9,1.0,1.0,1
0.9,1.0,1.0,1
0.9,1.0,1.0,1
0.9,1.0,1.0,1
0.9,1.0,1.0,1
0.9,1.0,1.0,1
0.9,1.0,1.0,1
0.9,1.0,1.0,1
0.9,1.0,1.0,1
0.9,1.0,1.0,1
0.9,1.0,1.0,1
0.9,1.0,1.0,1
0.9,1.0,1.0,1
0.9,1.0,1.0,1
0.9,1.0,1.0,1
0.9,1.0,1.0,1
0.9,1.0,1.0,1
0.9,1.0,1.0,1
0.9,1.0,1.0,1
0.9,1.0,1.0,1
0.9,1.0,1.0,1
0.9,1.0,1.0,1
0.9,1.0,1.0,1
0.9,1.0,1.0,1
0.9,1.0,1.0,1
0.9,1.0,1.0,1
0.9,1.0,1.0,1
0.9,1.0,1.0,1
0.9,1.0,1.0,1
0.9,1.0,1.0,1
0.9,1.0,1.0,1
0.9,1.0,1.0,1
0.9,1.0,1.0,1
0.9,1.0,1.0,1
0.9,1.0,1.0,1
0.9,1.0,1.0,1
0.9,1.0,1.0,1
0.9,1.0,1.0,1
0.9,1.0,1.0,1
0.9,1.0,1.0,1
0.9,1.0,1.0,1
0.9,1.0,1.0,1
0.9,1.0,1.0,1
0.9,1.0,1.0,1
0.9,1.0,1.0,1
0.9,1.0,1.0,1
0.9,1.0,1.0,1
0.9,1.0,1.0,1
0.9,1.0,1.0,1
0.9,1.0,1.0,1
0.9,1.0,1.0,1
0.9,1.0,1.0,1
0.9,1.0,1.0,1
0.9,1.0,1.0,1
0.9,1.0,1.0,1
0.9,1.0,1.0,1
0.9,1.0,1.0,1
0.9,1.0,1.0,1
0.9,1.0,1.0,1
0.9,1.0,1.0,1
0.9,1.0,1.0,1
0.9,1.0,1.0,1
0.9,1.0,1.0,1
0.9,1.0,1.0,1
0.9,1.0,1.0,1
0.9,1.0,1.0,1
0.9,1.0,1.0,1
0.9,1.0,1.0,1
0.9,1.0,1.0,1
0.9,1.0,1.0,1
0.9,1.0,1.0,1
0.9,1.0,1.0,1
0.9,1.0,1.0,1
0.9,1.0,1.0,1
0.9,1.0,1.0,1
0.9,1.0,1.0,1
0.9,1.0,1.0,1
0.9,1.0,1.0,1
0.9,1.0,1.0,1
0.9,1.0,1.0,1
0.9,1.0,1.0,1
0.9,1.0,1.0,1
0.9,1.0,1.0,1
0.9,1.0,1.0,1
0.9,1.0,1.0,1
0.9,1.0,1.0,1
0.9,1.0,1.0,1
0.9,1.0,1.0,1
0.9,1.0,1.0,1
0.9,1.0,1.0,1
0.9,1.0,1.0,1
0.9,1.0,1.0,1
0.9,1.0,1.0,1
0.9,1.0,1.0,1
0.9,1.0,1.0,1
0.9,1.0,1.0,1
0.9,1.0,1.0,1
0.9,1.0,1.0,1
0.9,1.0,1.0,1
0.9,1.0,1.0,1
0.9,1.0,1.0,1
0.9,1.0,1.0,1
0.9,1.0,1.0,1
0.9,1.0,1.0,1
0.9,1.0,1.0,1
0.9,1.0,1.0,1
0.9,1.0,1.0,1
0.9,1.0,1.0,1
0.9,1.0,1.0,1
0.9,1.0,1.0,1
0.95,1.0,1.0,1
0.95,1.0,1.0,1
0.95,1.0,1.0,1
0.95,1.0,1.0,1
0.95,1.0,1.0,1
0.95,1.0,1.0,1
0.95,1.0,1.0,1
0.95,1.0,1.0,1
0.95,1.0,1.0,1
0.95,1.0,1.0,1
0.95,1.0,1.0,1
0.95,1.0,1.0,1
0.95,1.0,1.0,1
0.95,1.0,1.0,1
0.95,1.0,1.0,1
0.95,1.0,1.0,1
0.95,1.0,1.0,1
0.95,1.0,1.0,1
0.95,1.0,1.0,1
0.95,1.0,1.0,1
0.95,1.0,1.0,1
0.95,1.0,1.0,1
0.95,1.0,1.0,1
0.95,1.0,1.0,1
0.95,1.0,1.0,1
0.95,1.0,1.0,1
0.95,1.0,1.0,1
0.95,1.0,1.0,1
0.95,1.0,1.0,1
0.95,1.0,1.0,1
0.95,1.0,1.0,1
0.95,1.0,1.0,1
0.95,1.0,1.0,1
0.95,1.0,1.0,1
0.95,1.0,1.0,1
0.95,1.0,1.0,1
0.95,1.0,1.0,1
0.95,1.0,1.0,1
0.95,1.0,1.0,1
0.95,1.0,1.0,1
0.95,1.0,1.0,1
0.95,1.0,1.0,1
0.95,1.0,1.0,1
0.95,1.0,1.0,1
0.95,1.0,1.0,1
0.95,1.0,1.0,1
0.95,1.0,1.0,1
0.95,1.0,1.0,1
0.95,1.0,1.0,1
0.95,1.0,1.0,1
0.95,1.0,1.0,1
0.95,1.0,1.0,1
0.95,1.0,1.0,1
0.95,1.0,1.0,1
0.95,1.0,1.0,1
0.95,1.0,1.0,1
0.95,1.0,1.0,1
0.95,1.0,1.0,1
0.95,1.0,1.0,1
0.95,1.0,1.0,1
0.95,1.0,1.0,1
0.95,1.0,1.0,1
0.95,1.0,1.0,1
0.95,1.0,1.0,1
0.95,1.0,1.0,1
0.95,1.0,1.0,1
0.95,1.0,1.0,1
0.95,1.0,1.0,1
0.95,1.0,1.0,1
0.95,1.0,1.0,1
0.95,1.0,1.0,1
0.95,1.0,1.0,1
0.95,1.0,1.0,1
0.95,1.0,1.0,1
0.95,1.0,1.0,1
0.95,1.0,1.0,1
0.95,1.0,1.0,1
0.95,1.0,1.0,1
0.95,1.0,1.0,1
0.95,1.0,1.0,1
0.95,1.0,1.0,1
0.95,1.0,1.0,1
0.95,1.0,1.0,1
0.95,1.0,1.0,1
0.95,1.0,1.0,1
0.95,1.0,1.0,1
0.95,1.0,1.0,1
0.95,1.0,1.0,1
0.95,1.0,1.0,1
0.95,1.0,1.0,1
0.95,1.0,1.0,1
0.95,1.0,1.0,1
0.95,1.0,1.0,1
0.95,1.0,1.0,1
0.95,1.0,1.0,1
0.95,1.0,1.0,1
0.95,1.0,1.0,1
0.95,1.0,1.0,1
0.95,1.0,1.0,1
0.95,1.0,1.0,1
0.95,1.0,1.0,1
0.95,1.0,1.0,1
0.95,1.0,1.0,1
0.95,1.0,1.0,1
0.95,1.0,1.0,1
0.95,1.0,1.0,1
0.95,1.0,1.0,1
0.95,1.0,1.0,1
0.95,1.0,1.0,1
0.95,1.0,1.0,1
0.95,1.0,1.0,1
0.95,1.0,1.0,1
0.95,1.0,1.0,1
0.95,1.0,1.0,1
0.95,1.0,1.0,1
0.95,1.0,1.0,1
0.95,1.0,1.0,1
0.95,1.0,1.0,1
0.95,1.0,1.0,1
0.95,1.0,1.0,1
0.95,1.0,1.0,1
0.95,1.0,1.0,1
0.95,1.0,1.0,1
0.95,1.0,1.0,1
0.95,1.0,1.0,1
0.95,1.0,1.0,1
0.95,1.0,1.0,1
0.95,1.0,1.0,1
0.95,1.0,1.0,1
0.95,1.0,1.0,1
0.95,1.0,1.0,1
0.95,1.0,1.0,1
0.95,1.0,1.0,1
0.95,1.0,1.0,1
0.95,1.0,1.0,1
0.95,1.0,1.0,1
0.95,1.0,1.0,1
0.95,1.0,1.0,1
0.95,1.0,1.0,1
0.95,1.0,1.0,1
0.95,1.0,1.0,1
0.95,1.0,1.0,1
0.95,1.0,1.0,1
0.95,1.0,1.0,1
0.95,1.0,1.0,1
0.95,1.0,1.0,1
0.95,1.0,1.0,1
0.95,1.0,1.0,1
0.95,1.0,1.0,1
0.95,1.0,1.0,1
0.95,1.0,1.0,1
0.95,1.0,1.0,1
0.95,1.0,1.0,1
0.95,1.0,1.0,1
0.95,1.0,1.0,1
0.95,1.0,1.0,1
0.95,1.0,1.0,1
0.95,1.0,1.0,1
0.95,1.0,1.0,1
0.95,1.0,1.0,1
0.95,1.0,1.0,1
0.95,1.0,1.0,1
0.95,1.0,1.0,1
0.95,1.0,1.0,1
0.95,1.0,1.0,1
0.95,1.0,1.0,1
0.95,1.0,1.0,1
0.95,1.0,1.0,1
0.95,1.0,1.0,1
0.95,1.0,1.0,1
0.95,1.0,1.0,1
0.95,1.0,1.0,1
0.95,1.0,1.0,1
0.95,1.0,1.0,1
0.95,1.0,1.0,1
0.95,1.0,1.0,1
0.95,1.0,1.0,1
0.95,1.0,1.0,1
0.95,1.0,1.0,1
0.95,1.0,1.0,1
0.95,1.0,1.0,1
0.95,1.0,1.0,1
0.95,1.0,1.0,1
0.95,1.0,1.0,1
0.95,1.0,1.0,1
0.95,1.0,1.0,1
0.95,1.0,1.0,1
0.95,1.0,1.0,1
0.95,1.0,1.0,1
0.95,1.0,1.0,1
0.95,1.0,1.0,1
0.95,1.0,1.0,1
0.95,1.0,1.0,1
0.95,1.0,1.0,1
0.95,1.0,1.0,1
0.95,1.0,1.0,1
0.95,1.0,1.0,1
0.95,1.0,1.0,1
0.95,1.0,1.0,1
0.95,1.0,1.0,1
0.95,1.0,1.0,1
0.95,1.0,1.0,1
0.95,1.0,1.0,1
0.95,1.0,1.0,1
0.95,1.0,1.0,1
0.95,1.0,1.0,1
0.95,1.0,1.0,1
0.95,1.0,1.0,1
0.95,1.0,1.0,1
0.95,1.0,1.0,1
0.95,1.0,1.0,1
0.95,1.0,1.0,1
0.95,1.0,1.0,1
0.95,1.0,1.0,1
0.95,1.0,1.0,1
0.95,1.0,1.0,1
0.95,1.0,1.0,1
0.95,1.0,1.0,1
0.95,1.0,1.0,1
0.95,1.0,1.0,1
0.95,1.0,1.0,1
0.95,1.0,1.0,1
0.95,1.0,1.0,1
0.95,1.0,1.0,1
0.95,1.0,1.0,1
0.95,1.0,1.0,1
0.95,1.0,1.0,1
0.95,1.0,1.0,1
0.95,1.0,1.0,1
0.95,1.0,1.0,1
0.95,1.0,1.0,1
0.95,1.0,1.0,1
0.95,1.0,1.0,1
0.95,1.0,1.0,1
0.95,1.0,1.0,1
0.95,1.0,1.0,1
0.95,1.0,1.0,1
0.95,1.0,1.0,1
0.95,1.0,1.0,1
0.95,1.0,1.0,1
0.95,1.0,1.0,1
0.95,1.0,1.0,1
0.95,1.0,1.0,1
0.95,1.0,1.0,1
0.95,1.0,1.0,1
0.95,1.0,1.0,1
0.95,1.0,1.0,1
0.95,1.0,1.0,1
0.95,1.0,1.0,1
0.95,1.0,1.0,1
0.55,1.0,1.0,1
0.55,1.0,1.0,1
0.55,1.0,1.0,1
0.55,1.0,1.0,1
0.55,1.0,1.0,1
0.55,1.0,1.0,1
0.55,1.0,1.0,1
0.55,1.0,1.0,1
0.55,1.0,1.0,1
0.55,1.0,1.0,1
0.55,1.0,1.0,1
0.55,1.0,1.0,1
0.55,1.0,1.0,1
0.55,1.0,1.0,1
0.55,1.0,1.0,1
0.55,1.0,1.0,1
0.55,1.0,1.0,1
0.55,1.0,1.0,1
0.55,1.0,1.0,1
0.55,1.0,1.0,1
0.55,1.0,1.0,1
0.55,1.0,1.0,1
0.55,1.0,1.0,1
0.55,1.0,1.0,1
0.55,1.0,1.0,1
0.55,1.0,1.0,1
0.55,1.0,1.0,1
0.55,1.0,1.0,1
0.55,1.0,1.0,1
0.55,1.0,1.0,1
0.55,1.0,1.0,1
0.55,1.0,1.0,1
0.55,1.0,1.0,1
0.55,1.0,1.0,1
0.55,1.0,1.0,1
0.55,1.0,1.0,1
0.55,1.0,1.0,1
0.55,1.0,1.0,1
0.55,1.0,1.0,1
0.55,1.0,1.0,1
0.55,1.0,1.0,1
0.55,1.0,1.0,1
0.55,1.0,1.0,1
0.55,1.0,1.0,1
0.55,1.0,1.0,1
0.55,1.0,1.0,1
0.55,1.0,1.0,1
0.55,1.0,1.0,1
0.55,1.0,1.0,1
0.55,1.0,1.0,1
1.05,-1.0,0.9996203,1
1.05,-1.0,0.99995434,1
1.05,-1.0,0.99952495,1
1.05,-1.0,0.99978703,1
1.05,-1.0,0.9997004,1
1.05,-1.0,0.99590474,1
1.05,-1.0,0.99902475,1
1.05,-1.0,0.9979449,1
1.05,-1.0,0.9907007,1
1.05,-1.0,0.9942034,1
1.05,-1.0,0.9974989,1
1.05,-1.0,0.9990816,1
1.05,-1.0,0.9996375,1
1.05,-1.0,0.99931407,1
1.05,-1.0,0.9995467,1
1.05,-1.0,0.9988199,1
1.05,-1.0,0.9963863,1
1.05,-1.0,0.9984156,1
1.05,-1.0,0.99019766,1
1.05,-1.0,0.9808461,1
1.05,-1.0,0.92447037,1
1.05,-1.0,0.96729773,1
1.05,-1.0,0.8259156,1
1.05,-1.0,0.9354372,1
1.05,-1.0,0.9778389,1
1.05,-1.0,0.9559825,1
1.05,-1.0,0.9890014,1
1.05,-1.0,0.96170574,1
1.05,-1.0,0.94449925,1
1.05,-1.0,0.9143754,1
1.05,-1.0,0.7578197,1
1.05,-1.0,0.89103407,1
1.05,-1.0,0.97729653,1
1.05,-1.0,0.99498194,1
1.05,-1.0,0.79268724,1
1.05,-1.0,0.8587257,1
1.05,-1.0,0.9317984,1
1.05,-1.0,0.9526036,1
1.05,-1.0,0.94369364,1
1.05,-1.0,0.98258305,1
1.05,-1.0,0.89230436,1
1.05,-1.0,0.90726376,1
1.05,-1.0,0.7739319,1
1.05,-1.0,0.46713528,0
1.05,-1.0,0.69999087,1
1.05,-1.0,0.8304981,1
1.05,-1.0,0.51633185,1
1.05,-1.0,0.36293325,0
1.05,-1.0,0.45799044,0
1.05,-1.0,0.25699994,0
1.05,-1.0,0.99999845,1
1.05,-1.0,0.9999962,1
1.05,-1.0,0.9999924,1
1.05,-1.0,0.9999968,1
1.05,-1.0,0.99997985,1
1.05,-1.0,0.99987864,1
1.05,-1.0,0.9998809,1
1.05,-1.0,0.9997459,1
1.05,-1.0,0.9999646,1
1.05,-1.0,0.99985003,1
1.05,-1.0,0.9998197,1
1.05,-1.0,0.9993793,1
1.05,-1.0,0.9996382,1
1.05,-1.0,0.99996316,1
1.05,-1.0,0.9999244,1
1.05,-1.0,0.99996114,1
1.05,-1.0,0.99852705,1
1.05,-1.0,0.99985504,1
1.05,-1.0,0.9999566,1
1.05,-1.0,0.9998646,1
1.05,-1.0,0.999881,1
1.05,-1.0,0.9999403,1
1.05,-1.0,0.99999404,1
1.05,-1.0,0.99993646,1
1.05,-1.0,0.9999635,1
1.05,-1.0,0.9999777,1
1.05,-1.0,0.9999287,1
1.05,-1.0,0.99997175,1
1.05,-1.0,0.9999895,1
1.05,-1.0,0.9999931,1
1.05,-1.0,0.9998927,1
1.05,-1.0,0.9998847,1
1.05,-1.0,0.99996674,1
1.05,-1.0,0.9998822,1
1.05,-1.0,0.9999883,1
1.05,-1.0,0.99990094,1
1.05,-1.0,0.998877,1
1.05,-1.0,0.99953806,1
1.05,-1.0,0.99990475,1
1.05,-1.0,0.9994615,1
1.05,-1.0,0.9989598,1
1.05,-1.0,0.9993875,1
1.05,-1.0,0.99961,1
1.05,-1.0,0.9998596,1
1.05,-1.0,0.99961144,1
1.05,-1.0,0.9989241,1
1.05,-1.0,0.99854773,1
1.05,-1.0,0.999143,1
1.05,-1.0,0.9934227,1
1.05,-1.0,0.9970431,1
1.05,-1.0,1.0,1
1.05,-1.0,1.0,1
1.05,-1.0,1.0,1
1.05,-1.0,0.99999976,1
1.05,-1.0,0.9999999,1
1.05,-1.0,0.99999976,1
1.05,-1.0,0.99999964,1
1.05,-1.0,0.9999999,1
1.05,-1.0,0.9999999,1
1.05,-1.0,0.9999999,1
1.05,-1.0,0.9999999,1
1.05,-1.0,0.9999994,1
1.05,-1.0,0.99999964,1
1.05,-1.0,0.9999989,1
1.05,-1.0,0.99999976,1
1.05,-1.0,0.9999958,1
1.05,-1.0,0.9999907,1
1.05,-1.0,0.99999905,1
1.05,-1.0,0.9999883,1
1.05,-1.0,0.99998796,1
1.05,-1.0,0.99999464,1
1.05,-1.0,0.9999832,1
1.05,-1.0,0.99998665,1
1.05,-1.0,0.99997115,1
1.05,-1.0,0.99999523,1
1.05,-1.0,0.99999785,1
1.05,-1.0,0.9999944,1
1.05,-1.0,0.99999404,1
1.05,-1.0,0.9999976,1
1.05,-1.0,0.99999714,1
1.05,-1.0,0.9999976,1
1.05,-1.0,0.9999709,1
1.05,-1.0,0.9999937,1
1.05,-1.0,0.9999956,1
1.05,-1.0,0.99999595,1
1.05,-1.0,0.9999969,1
1.05,-1.0,0.9999498,1
1.05,-1.0,0.99997663,1
1.05,-1.0,0.99999475,1
1.05,-1.0,0.9999783,1
1.05,-1.0,0.9999877,1
1.05,-1.0,0.99998724,1
1.05,-1.0,0.99999285,1
1.05,-1.0,0.9998523,1
1.05,-1.0,0.9995053,1
1.05,-1.0,0.9999671,1
1.05,-1.0,0.9999746,1
1.05,-1.0,0.9998566,1
1.05,-1.0,0.9999932,1
1.05,-1.0,0.9999994,1
1.05,-1.0,0.9999863,1
1.05,-1.0,0.9999933,1
1.05,-1.0,0.9999958,1
1.05,-1.0,0.99999094,1
1.05,-1.0,0.99998975,1
1.05,-1.0,0.99998605,1
1.05,-1.0,0.9999951,1
1.05,-1.0,0.99999285,1
1.05,-1.0,0.9999862,1
1.05,-1.0,0.99992204,1
1.05,-1.0,0.99998283,1
1.05,-1.0,0.999956,1
1.05,-1.0,0.9999869,1
1.05,-1.0,0.9999602,1
1.05,-1.0,0.9998092,1
1.05,-1.0,0.9996785,1
1.05,-1.0,0.9998828,1
1.05,-1.0,0.99964845,1
1.05,-1.0,0.9995814,1
1.05,-1.0,0.99806255,1
1.05,-1.0,0.9951251,1
1.05,-1.0,0.996992,1
1.05,-1.0,0.99883205,1
1.05,-1.0,0.99750346,1
1.05,-1.0,0.996333,1
1.05,-1.0,0.9980901,1
1.05,-1.0,0.99436706,1
1.05,-1.0,0.998769,1
1.05,-1.0,0.99698514,1
1.05,-1.0,0.99731916,1
1.05,-1.0,0.9944981,1
1.05,-1.0,0.984729,1
1.05,-1.0,0.9796408,1
1.05,-1.0,0.99425334,1
1.05,-1.0,0.9895238,1
1.05,-1.0,0.99961156,1
1.05,-1.0,0.9974388,1
1.05,-1.0,0.99629396,1
1.05,-1.0,0.9978605,1
1.05,-1.0,0.99474335,1
1.05,-1.0,0.9989195,1
1.05,-1.0,0.98420066,1
1.05,-1.0,0.9886783,1
1.05,-1.0,0.99732983,1
1.05,-1.0,0.9977112,1
1.05,-1.0,0.9865905,1
1.05,-1.0,0.9543965,1
1.05,-1.0,0.9158432,1
1.05,-1.0,0.9904088,1
1.05,-1.0,0.99280214,1
1.05,-1.0,1.0,1
1.05,-1.0,1.0,1
1.05,-1.0,1.0,1
1.05,-1.0,1.0,1
1.05,-1.0,1.0,1
1.05,-1.0,1.0,1
1.05,-1.0,1.0,1
1.05,-1.0,1.0,1
1.05,-1.0,1.0,1
1.05,-1.0,0.99999976,1
1.05,-1.0,0.9999995,1
1.05,-1.0,0.99999857,1
1.05,-1.0,0.9999988,1
1.05,-1.0,0.9999944,1
1.05,-1.0,0.99999595,1
1.05,-1.0,0.9999975,1
1.05,-1.0,0.9999988,1
1.05,-1.0,0.9999975,1
1.05,-1.0,0.99999774,1
1.05,-1.0,0.9999938,1
1.05,-1.0,0.9999939,1
1.05,-1.0,0.999998,1
1.05,-1.0,0.99997675,1
1.05,-1.0,0.9999956,1
1.05,-1.0,0.9999652,1
1.05,-1.0,0.9999901,1
1.05,-1.0,0.999995,1
1.05,-1.0,0.9999778,1
1.05,-1.0,0.9999759,1
1.05,-1.0,0.9999727,1
1.05,-1.0,0.99996495,1
1.05,-1.0,0.9999863,1
1.05,-1.0,0.99998605,1
1.05,-1.0,0.9999832,1
1.05,-1.0,0.99998426,1
1.05,-1.0,0.99999166,1
1.05,-1.0,0.99998033,1
1.05,-1.0,0.9999292,1
1.05,-1.0,0.9998958,1
1.05,-1.0,0.9997098,1
1.05,-1.0,0.9976139,1
1.05,-1.0,0.9992015,1
1.05,-1.0,0.9998093,1
1.05,-1.0,0.9998281,1
1.05,-1.0,0.9993942,1
1.05,-1.0,0.9994771,1
1.05,-1.0,0.99987924,1
1.05,-1.0,0.99996126,1
1.05,-1.0,0.99998903,1
1.05,-1.0,0.99998724,1
1.1,-1.0,0.94270283,1
1.1,-1.0,0.70792204,1
1.1,-1.0,0.9643154,1
1.1,-1.0,0.94436425,1
1.1,-1.0,0.85179603,1
1.1,-1.0,0.6559409,1
1.1,-1.0,0.83675754,1
1.1,-1.0,0.3386214,0
1.1,-1.0,0.84733725,1
1.1,-1.0,0.6691716,1
1.1,-1.0,0.8933432,1
1.1,-1.0,0.9845175,1
1.1,-1.0,0.91607624,1
1.1,-1.0,0.94399905,1
1.1,-1.0,0.9666762,1
1.1,-1.0,0.95944786,1
1.1,-1.0,0.7469592,1
1.1,-1.0,0.9857442,1
1.1,-1.0,0.9936312,1
1.1,-1.0,0.9944225,1
1.1,-1.0,0.9870452,1
1.1,-1.0,0.93732834,1
1.1,-1.0,0.90956247,1
1.1,-1.0,0.9313985,1
1.1,-1.0,0.93527615,1
1.1,-1.0,0.9773621,1
1.1,-1.0,0.97656584,1
1.1,-1.0,0.9425608,1
1.1,-1.0,0.9850751,1
1.1,-1.0,0.99284744,1
1.1,-1.0,0.89022887,1
1.1,-1.0,0.9622616,1
1.1,-1.0,0.91499746,1
1.1,-1.0,0.9939002,1
1.1,-1.0,0.9836437,1
1.1,-1.0,0.7059756,1
1.1,-1.0,0.93040234,1
1.1,-1.0,0.985037,1
1.1,-1.0,0.9176871,1
1.1,-1.0,0.7943216,1
1.1,-1.0,0.96748793,1
1.1,-1.0,0.9225779,1
1.1,-1.0,0.4550962,0
1.1,-1.0,0.4867041,0
1.1,-1.0,0.6471115,1
1.1,-1.0,0.6930626,1
1.1,-1.0,0.7179541,1
1.1,-1.0,0.94027805,1
1.1,-1.0,0.67409945,1
1.1,-1.0,0.45513165,0
1.1,-1.0,0.99989736,1
1.1,-1.0,0.99978775,1
1.1,-1.0,0.99943703,1
1.1,-1.0,0.99769187,1
1.1,-1.0,0.99820614,1
1.1,-1.0,0.99798006,1
1.1,-1.0,0.99931,1
1.1,-1.0,0.997832,1
1.1,-1.0,0.9975712,1
1.1,-1.0,0.99074453,1
1.1,-1.0,0.97213924,1
1.1,-1.0,0.9900686,1
1.1,-1.0,0.9353671,1
1.1,-1.0,0.95832515,1
1.1,-1.0,0.93500304,1
1.1,-1.0,0.98750985,1
1.1,-1.0,0.8268083,1
1.1,-1.0,0.89160854,1
1.1,-1.0,0.7276452,1
1.1,-1.0,0.68777096,1
1.1,-1.0,0.71532834,1
1.1,-1.0,0.72609836,1
1.1,-1.0,0.63206965,1
1.1,-1.0,0.9005357,1
1.1,-1.0,0.81916773,1
1.1,-1.0,0.97769505,1
1.1,-1.0,0.84543014,1
1.1,-1.0,0.8676067,1
1.1,-1.0,0.9558245,1
1.1,-1.0,0.6703304,1
1.1,-1.0,0.9256816,1
1.1,-1.0,0.9272826,1
1.1,-1.0,0.98374647,1
1.1,-1.0,0.98613656,1
1.1,-1.0,0.94626737,1
1.1,-1.0,0.9770213,1
1.1,-1.0,0.967839,1
1.1,-1.0,0.90593547,1
1.1,-1.0,0.9857224,1
1.1,-1.0,0.8018199,1
1.1,-1.0,0.90451056,1
1.1,-1.0,0.98737967,1
1.1,-1.0,0.9430716,1
1.1,-1.0,0.9439693,1
1.1,-1.0,0.9629772,1
1.1,-1.0,0.9654868,1
1.1,-1.0,0.9708881,1
1.1,-1.0,0.9764266,1
1.1,-1.0,0.9966397,1
1.1,-1.0,0.9859097,1
1.1,-1.0,0.7795969,1
1.1,-1.0,0.6262121,1
1.1,-1.0,0.36712816,0
1.1,-1.0,0.2546743,0
1.1,-1.0,0.43598348,0
1.1,-1.0,0.19970047,0
1.1,-1.0,0.2015797,0
1.1,-1.0,0.55987597,1
1.1,-1.0,0.06573801,0
1.1,-1.0,0.26689383,0
1.1,-1.0,0.20636445,0
1.1,-1.0,0.17911275,0
1.1,-1.0,0.11708968,0
1.1,-1.0,0.0737449,0
1.1,-1.0,0.071871206,0
1.1,-1.0,0.007643259,0
1.1,-1.0,0.066649266,0
1.1,-1.0,0.08403903,0
1.1,-1.0,0.30329338,0
1.1,-1.0,0.043464776,0
1.1,-1.0,0.18360189,0
1.1,-1.0,0.039839506,0
1.1,-1.0,0.10712597,0
1.1,-1.0,0.11606586,0
1.1,-1.0,0.21966507,0
1.1,-1.0,0.2531519,0
1.1,-1.0,0.29170805,0
1.1,-1.0,0.17464508,0
1.1,-1.0,0.07511554,0
1.1,-1.0,0.0886946,0
1.1,-1.0,0.22995234,0
1.1,-1.0,0.12737094,0
1.1,-1.0,0.24221581,0
1.1,-1.0,0.4448922,0
1.1,-1.0,0.29705456,0
1.1,-1.0,0.2538203,0
1.1,-1.0,0.13797525,0
1.1,-1.0,0.14782766,0
1.1,-1.0,0.08045171,0
1.1,-1.0,0.4132796,0
1.1,-1.0,0.15407145,0
1.1,-1.0,0.01954557,0
1.1,-1.0,0.055358656,0
1.1,-1.0,0.035766482,0
1.1,-1.0,0.043166637,0
1.1,-1.0,0.011687754,0
1.1,-1.0,0.0044109197,0
1.1,-1.0,0.0025618172,0
1.1,-1.0,0.04351762,0
1.1,-1.0,0.037570763,0
1.1,-1.0,0.9999887,1
1.1,-1.0,0.99999464,1
1.1,-1.0,0.99997103,1
1.1,-1.0,0.9999889,1
1.1,-1.0,0.9999136,1
1.1,-1.0,0.9999789,1
1.1,-1.0,0.9999919,1
1.1,-1.0,0.99998987,1
1.1,-1.0,0.9999887,1
1.1,-1.0,0.9999964,1
1.1,-1.0,0.9999907,1
1.1,-1.0,0.9999981,1
1.1,-1.0,0.99999607,1
1.1,-1.0,0.9999889,1
1.1,-1.0,0.9999877,1
1.1,-1.0,0.9999944,1
1.1,-1.0,0.99999166,1
1.1,-1.0,0.99999535,1
1.1,-1.0,0.9999988,1
1.1,-1.0,0.9999958,1
1.1,-1.0,0.9999994,1
1.1,-1.0,0.99999857,1
1.1,-1.0,0.9999982,1
1.1,-1.0,0.99999774,1
1.1,-1.0,0.99999726,1
1.1,-1.0,0.9999844,1
1.1,-1.0,0.9999919,1
1.1,-1.0,0.99999714,1
1.1,-1.0,0.99999714,1
1.1,-1.0,0.99999475,1
1.1,-1.0,0.99994814,1
1.1,-1.0,0.9999654,1
1.1,-1.0,0.99991405,1
1.1,-1.0,0.9999044,1
1.1,-1.0,0.99993575,1
1.1,-1.0,0.9999225,1
1.1,-1.0,0.9998702,1
1.1,-1.0,0.99991894,1
1.1,-1.0,0.9999323,1
1.1,-1.0,0.9994753,1
1.1,-1.0,0.99952817,1
1.1,-1.0,0.99577314,1
1.1,-1.0,0.9989899,1
1.1,-1.0,0.99883956,1
1.1,-1.0,0.9988758,1
1.1,-1.0,0.9991123,1
1.1,-1.0,0.974686,1
1.1,-1.0,0.98239845,1
1.1,-1.0,0.9833703,1
1.1,-1.0,0.9481653,1
1.1,-1.0,0.99088836,1
1.1,-1.0,0.99626046,1
1.1,-1.0,0.99878496,1
1.1,-1.0,0.99899226,1
1.1,-1.0,0.9991787,1
1.1,-1.0,0.99881977,1
1.1,-1.0,0.9990368,1
1.1,-1.0,0.9964707,1
1.1,-1.0,0.9728301,1
1.1,-1.0,0.9994803,1
1.1,-1.0,0.99969506,1
1.1,-1.0,0.9998448,1
1.1,-1.0,0.999741,1
1.1,-1.0,0.99399865,1
1.1,-1.0,0.99778205,1
1.1,-1.0,0.97254205,1
1.1,-1.0,0.9801691,1
1.1,-1.0,0.88357854,1
1.1,-1.0,0.9943897,1
1.1,-1.0,0.9917094,1
1.1,-1.0,0.9839569,1
1.1,-1.0,0.98794156,1
1.1,-1.0,0.9780231,1
1.1,-1.0,0.9876528,1
1.1,-1.0,0.9738851,1
1.1,-1.0,0.9465843,1
1.1,-1.0,0.9425933,1
1.1,-1.0,0.9863768,1
1.1,-1.0,0.8487617,1
1.1,-1.0,0.812532,1
1.1,-1.0,0.96828383,1
1.1,-1.0,0.7926887,1
1.1,-1.0,0.80431545,1
1.1,-1.0,0.6481725,1
1.1,-1.0,0.6744036,1
1.1,-1.0,0.44293684,0
1.1,-1.0,0.65555745,1
1.1,-1.0,0.4909718,0
1.1,-1.0,0.7107384,1
1.1,-1.0,0.9769275,1
1.1,-1.0,0.68130994,1
1.1,-1.0,0.611691,1
1.1,-1.0,0.5813631,1
1.1,-1.0,0.21592626,0
1.1,-1.0,0.76851505,1
1.1,-1.0,0.8104638,1
1.1,-1.0,0.64212865,1
1.1,-1.0,0.7224402,1
1.1,-1.0,0.45865363,0
1.1,-1.0,0.35003182,0
0.55,1.0,1.0,1
0.55,1.0,1.0,1
0.55,1.0,1.0,1
0.55,1.0,1.0,1
0.55,1.0,1.0,1
0.55,1.0,1.0,1
0.55,1.0,1.0,1
0.55,1.0,1.0,1
0.55,1.0,1.0,1
0.55,1.0,1.0,1
0.55,1.0,1.0,1
0.55,1.0,1.0,1
0.55,1.0,1.0,1
0.55,1.0,1.0,1
0.55,1.0,1.0,1
0.55,1.0,1.0,1
0.55,1.0,1.0,1
0.55,1.0,1.0,1
0.55,1.0,1.0,1
0.55,1.0,1.0,1
0.55,1.0,1.0,1
0.55,1.0,1.0,1
0.55,1.0,1.0,1
0.55,1.0,1.0,1
0.55,1.0,1.0,1
0.55,1.0,1.0,1
0.55,1.0,1.0,1
0.55,1.0,1.0,1
0.55,1.0,1.0,1
0.55,1.0,1.0,1
0.55,1.0,1.0,1
0.55,1.0,1.0,1
0.55,1.0,1.0,1
0.55,1.0,1.0,1
0.55,1.0,1.0,1
0.55,1.0,1.0,1
0.55,1.0,1.0,1
0.55,1.0,1.0,1
0.55,1.0,1.0,1
0.55,1.0,1.0,1
0.55,1.0,1.0,1
0.55,1.0,1.0,1
0.55,1.0,1.0,1
0.55,1.0,1.0,1
0.55,1.0,1.0,1
0.55,1.0,1.0,1
0.55,1.0,1.0,1
0.55,1.0,1.0,1
0.55,1.0,1.0,1
0.55,1.0,1.0,1
1.15,-1.0,0.18615744,0
1.15,-1.0,0.079251684,0
1.15,-1.0,0.34204522,0
1.15,-1.0,0.32064655,0
1.15,-1.0,0.030107243,0
1.15,-1.0,0.061749678,0
1.15,-1.0,0.059080683,0
1.15,-1.0,0.019131588,0
1.15,-1.0,0.017662771,0
1.15,-1.0,0.031216862,0
1.15,-1.0,0.12272267,0
1.15,-1.0,0.5062612,1
1.15,-1.0,0.42299923,0
1.15,-1.0,0.40327024,0
1.15,-1.0,0.026033504,0
1.15,-1.0,0.02922574,0
1.15,-1.0,0.058180183,0
1.15,-1.0,0.14860776,0
1.15,-1.0,0.16663896,0
1.15,-1.0,0.13249294,0
1.15,-1.0,0.12224527,0
1.15,-1.0,0.06359855,0
1.15,-1.0,0.04385482,0
1.15,-1.0,0.09894859,0
1.15,-1.0,0.66458213,1
1.15,-1.0,0.6328512,1
1.15,-1.0,0.7851035,1
1.15,-1.0,0.43555233,0
1.15,-1.0,0.10797095,0
1.15,-1.0,0.048804015,0
1.15,-1.0,0.13981695,0
1.15,-1.0,0.1366897,0
1.15,-1.0,0.050023347,0
1.15,-1.0,0.06903867,0
1.15,-1.0,0.014751765,0
1.15,-1.0,0.03517206,0
1.15,-1.0,0.03207014,0
1.15,-1.0,0.11902518,0
1.15,-1.0,0.10445666,0
1.15,-1.0,0.13407357,0
1.15,-1.0,0.021376882,0
1.15,-1.0,0.005281998,0
1.15,-1.0,0.060054112,0
1.15,-1.0,0.003062466,0
1.15,-1.0,0.010337856,0
1.15,-1.0,0.0045267083,0
1.15,-1.0,0.0049220105,0
1.15,-1.0,0.0044131544,0
1.15,-1.0,0.04269155,0
1.15,-1.0,0.07670183,0
1.15,-1.0,0.26524362,0
1.15,-1.0,0.32818264,0
1.15,-1.0,0.63323265,1
1.15,-1.0,0.9121494,1
1.15,-1.0,0.32752627,0
1.15,-1.0,0.874737,1
1.15,-1.0,0.8466534,1
1.15,-1.0,0.8226369,1
1.15,-1.0,0.63207704,1
1.15,-1.0,0.7998953,1
1.15,-1.0,0.72161853,1
1.15,-1.0,0.12618384,0
1.15,-1.0,0.9362526,1
1.15,-1.0,0.9578619,1
1.15,-1.0,0.56515765,1
1.15,-1.0,0.34785828,0
1.15,-1.0,0.40272215,0
1.15,-1.0,0.035679,0
1.15,-1.0,0.11865196,0
1.15,-1.0,0.12766404,0
1.15,-1.0,0.26939577,0
1.15,-1.0,0.09394623,0
1.15,-1.0,0.67462933,1
1.15,-1.0,0.10580979,0
1.15,-1.0,0.095792785,0
1.15,-1.0,0.048433043,0
1.15,-1.0,0.17596091,0
1.15,-1.0,0.26822934,0
1.15,-1.0,0.59226924,1
1.15,-1.0,0.8062489,1
1.15,-1.0,0.7967371,1
1.15,-1.0,0.96441835,1
1.15,-1.0,0.9770972,1
1.15,-1.0,0.74185914,1
1.15,-1.0,0.69417226,1
1.15,-1.0,0.9409283,1
1.15,-1.0,0.9344073,1
1.15,-1.0,0.993228,1
1.15,-1.0,0.9838398,1
1.15,-1.0,0.99648273,1
1.15,-1.0,0.9948837,1
1.15,-1.0,0.9356989,1
1.15,-1.0,0.98696274,1
1.15,-1.0,0.94464463,1
1.15,-1.0,0.9882273,1
1.15,-1.0,0.9798163,1
1.15,-1.0,0.9780321,1
1.15,-1.0,0.9362635,1
1.15,-1.0,0.9621753,1
1.15,-1.0,0.8643553,1
1.15,-1.0,0.014920556,0
1.15,-1.0,0.0030189825,0
1.15,-1.0,0.006809463,0
1.15,-1.0,0.003230933,0
1.15,-1.0,0.00463269,0
1.15,-1.0,0.013964164,0
1.15,-1.0,0.002885889,0
1.15,-1.0,0.007192307,0
1.15,-1.0,0.00663754,0
1.15,-1.0,0.0023852137,0
1.15,-1.0,0.0029600156,0
1.15,-1.0,0.00038872464,0
1.15,-1.0,0.00040111705,0
1.15,-1.0,0.003025097,0
1.15,-1.0,0.00047639097,0
1.15,-1.0,0.0009819219,0
1.15,-1.0,0.004361268,0
1.15,-1.0,0.0016611487,0
1.15,-1.0,0.00029051738,0
1.15,-1.0,0.00091378525,0
1.15,-1.0,0.0019572014,0
1.15,-1.0,0.003767312,0
1.15,-1.0,0.0013702022,0
1.15,-1.0,0.00360336,0
1.15,-1.0,0.00353289,0
1.15,-1.0,0.00034574233,0
1.15,-1.0,0.010715638,0
1.15,-1.0,0.0067238556,0
1.15,-1.0,0.007902232,0
1.15,-1.0,0.0034604145,0
1.15,-1.0,0.0023212591,0
1.15,-1.0,0.0022410196,0
1.15,-1.0,0.00029140562,0
1.15,-1.0,0.0023293842,0
1.15,-1.0,0.013761715,0
1.15,-1.0,0.025166357,0
1.15,-1.0,0.014683027,0
1.15,-1.0,0.036789,0
1.15,-1.0,0.0035484128,0
1.15,-1.0,0.0019414712,0
1.15,-1.0,0.0013946022,0
1.15,-1.0,0.00045095888,0
1.15,-1.0,0.00037750386,0
1.15,-1.0,0.0006588603,0
1.15,-1.0,0.00023135729,0
1.15,-1.0,7.989715e-05,0
1.15,-1.0,0.00014080493,0
1.15,-1.0,0.00014774292,0
1.15,-1.0,0.00057150767,0
1.15,-1.0,0.00037216995,0
1.15,-1.0,0.9790822,1
1.15,-1.0,0.9374201,1
1.15,-1.0,0.9635518,1
1.15,-1.0,0.9855898,1
1.15,-1.0,0.9834831,1
1.15,-1.0,0.9487846,1
1.15,-1.0,0.5577762,1
1.15,-1.0,0.36566797,0
1.15,-1.0,0.649567,1
1.15,-1.0,0.1447244,0
1.15,-1.0,0.071432084,0
1.15,-1.0,0.07812453,0
1.15,-1.0,0.050826322,0
1.15,-1.0,0.02039486,0
1.15,-1.0,0.021485984,0
1.15,-1.0,0.006984577,0
1.15,-1.0,0.0120488005,0
1.15,-1.0,0.07794928,0
1.15,-1.0,0.013495115,0
1.15,-1.0,0.00204984,0
1.15,-1.0,0.008180168,0
1.15,-1.0,0.014983807,0
1.15,-1.0,0.0035053284,0
1.15,-1.0,0.010094365,0
1.15,-1.0,0.005564144,0
1.15,-1.0,0.0075946664,0
1.15,-1.0,0.002212903,0
1.15,-1.0,0.017003592,0
1.15,-1.0,0.0011484786,0
1.15,-1.0,0.0017048481,0
1.15,-1.0,0.0012708592,0
1.15,-1.0,0.00088948774,0
1.15,-1.0,0.0009457226,0
1.15,-1.0,0.0034219134,0
1.15,-1.0,0.0017246896,0
1.15,-1.0,0.0008920552,0
1.15,-1.0,0.0017844824,0
1.15,-1.0,0.0006965774,0
1.15,-1.0,0.0016919345,0
1.15,-1.0,0.0012144124,0
1.15,-1.0,0.0016986334,0
1.15,-1.0,0.0042271274,0
1.15,-1.0,0.0015964068,0
1.15,-1.0,0.00143409,0
1.15,-1.0,0.0035424682,0
1.15,-1.0,0.0007232722,0
1.15,-1.0,0.0010638777,0
1.15,-1.0,6.868351e-05,0
1.15,-1.0,0.001598627,0
1.15,-1.0,0.0012758122,0
1.15,-1.0,0.3149893,0
1.15,-1.0,0.21186961,0
1.15,-1.0,0.109148376,0
1.15,-1.0,0.024154441,0
1.15,-1.0,0.09090515,0
1.15,-1.0,0.04723531,0
1.15,-1.0,0.22517374,0
1.15,-1.0,0.12976547,0
1.15,-1.0,0.04721141,0
1.15,-1.0,0.33636576,0
1.15,-1.0,0.18335207,0
1.15,-1.0,0.7230101,1
1.15,-1.0,0.21640193,0
1.15,-1.0,0.1136415,0
1.15,-1.0,0.49653876,0
1.15,-1.0,0.24024206,0
1.15,-1.0,0.2447763,0
1.15,-1.0,0.14674693,0
1.15,-1.0,0.46257892,0
1.15,-1.0,0.53860754,1
1.15,-1.0,0.042519778,0
1.15,-1.0,0.09632546,0
1.15,-1.0,0.045016322,0
1.15,-1.0,0.12388187,0
1.15,-1.0,0.113041654,0
1.15,-1.0,0.120146394,0
1.15,-1.0,0.03155178,0
1.15,-1.0,0.011211665,0
1.15,-1.0,0.022823725,0
1.15,-1.0,0.026255406,0
1.15,-1.0,0.09382415,0
1.15,-1.0,0.33400252,0
1.15,-1.0,0.027664497,0
1.15,-1.0,0.18288696,0
1.15,-1.0,0.074913636,0
1.15,-1.0,0.011746837,0
1.15,-1.0,0.010935264,0
1.15,-1.0,0.022432745,0
1.15,-1.0,0.022591364,0
1.15,-1.0,0.0037793233,0
1.15,-1.0,0.02097268,0
1.15,-1.0,0.033637412,0
1.15,-1.0,0.0055077197,0
1.15,-1.0,0.02696184,0
1.15,-1.0,0.06306521,0
1.15,-1.0,0.0060791615,0
1.15,-1.0,0.1792963,0
1.15,-1.0,0.045457553,0
1.15,-1.0,0.03824855,0
1.15,-1.0,0.22067203,0
1.2,-1.0,0.00039056496,0
1.2,-1.0,0.008716858,0
1.2,-1.0,0.011891854,0
1.2,-1.0,0.0014696892,0
1.2,-1.0,0.0021266625,0
1.2,-1.0,0.0008612091,0
1.2,-1.0,0.0006103238,0
1.2,-1.0,0.0031547141,0
1.2,-1.0,0.00013997855,0
1.2,-1.0,2.2959735e-05,0
1.2,-1.0,1.3102194e-05,0
1.2,-1.0,3.714926e-06,0
1.2,-1.0,1.12211455e-05,0
1.2,-1.0,5.2705473e-05,0
1.2,-1.0,1.3167657e-05,0
1.2,-1.0,1.5468304e-05,0
1.2,-1.0,2.28675e-05,0
1.2,-1.0,6.612034e-05,0
1.2,-1.0,3.66816e-05,0
1.2,-1.0,0.00012221572,0
1.2,-1.0,6.940122e-05,0
1.2,-1.0,2.4773979e-05,0
1.2,-1.0,7.5545795e-05,0
1.2,-1.0,5.7646475e-06,0
1.2,-1.0,3.723195e-05,0
1.2,-1.0,8.300422e-06,0
1.2,-1.0,0.00020131508,0
1.2,-1.0,0.00010045436,0
1.2,-1.0,0.0006355518,0
1.2,-1.0,3.4114262e-05,0
1.2,-1.0,8.09183e-06,0
1.2,-1.0,2.1688998e-05,0
1.2,-1.0,1.4324206e-05,0
1.2,-1.0,3.4212524e-05,0
1.2,-1.0,2.2459948e-05,0
1.2,-1.0,1.5895472e-05,0
1.2,-1.0,0.00010145612,0
1.2,-1.0,4.7975518e-05,0
1.2,-1.0,8.535065e-05,0
1.2,-1.0,0.00013060156,0
1.2,-1.0,0.00013200699,0
1.2,-1.0,0.00013247291,0
1.2,-1.0,0.0004462477,0
1.2,-1.0,1.3787291e-05,0
1.2,-1.0,9.68065e-05,0
1.2,-1.0,6.4412656e-05,0
1.2,-1.0,8.05668e-06,0
1.2,-1.0,2.9256187e-05,0
1.2,-1.0,7.6249826e-06,0
1.2,-1.0,1.5085882e-05,0
1.2,-1.0,0.00017884473,0
1.2,-1.0,0.00027845646,0
1.2,-1.0,0.00022917522,0
1.2,-1.0,7.06417e-05,0
1.2,-1.0,0.00022750255,0
1.2,-1.0,0.00020403635,0
1.2,-1.0,0.00034451406,0
1.2,-1.0,0.0035593922,0
1.2,-1.0,0.008927663,0
1.2,-1.0,0.00095621834,0
1.2,-1.0,0.0010003042,0
1.2,-1.0,0.0037035476,0
1.2,-1.0,0.0018514285,0
1.2,-1.0,0.005842378,0
1.2,-1.0,0.0014851396,0
1.2,-1.0,0.00018402567,0
1.2,-1.0,0.0006774466,0
1.2,-1.0,0.0006481932,0
1.2,-1.0,0.00048439522,0
1.2,-1.0,0.0011479281,0
1.2,-1.0,0.00011717806,0
1.2,-1.0,0.00012906396,0
1.2,-1.0,7.497067e-05,0
1.2,-1.0,0.0001187592,0
1.2,-1.0,0.0007988418,0
1.2,-1.0,0.0014668802,0
1.2,-1.0,0.0010907837,0
1.2,-1.0,3.2014705e-05,0
1.2,-1.0,6.572034e-05,0
1.2,-1.0,0.00013823972,0
1.2,-1.0,0.0003698834,0
1.2,-1.0,0.000121426514,0
1.2,-1.0,0.00028526952,0
1.2,-1.0,6.5366825e-05,0
1.2,-1.0,0.00012737747,0
1.2,-1.0,0.00062122283,0
1.2,-1.0,8.480142e-05,0
1.2,-1.0,0.00051244104,0
1.2,-1.0,0.001285903,0
1.2,-1.0,0.0007466339,0
1.2,-1.0,0.004376276,0
1.2,-1.0,0.00042598794,0
1.2,-1.0,9.963725e-05,0
1.2,-1.0,0.00020362357,0
1.2,-1.0,0.00024412526,0
1.2,-1.0,0.00034988712,0
1.2,-1.0,0.00010677388,0
1.2,-1.0,2.4735782e-05,0
1.2,-1.0,4.2547457e-05,0
1.2,-1.0,3.283364e-05,0
1.2,-1.0,0.11913952,0
1.2,-1.0,0.013774555,0
1.2,-1.0,0.03138034,0
1.2,-1.0,0.016436076,0
1.2,-1.0,0.003513865,0
1.2,-1.0,0.0503372,0
1.2,-1.0,0.059225027,0
1.2,-1.0,0.021796925,0
1.2,-1.0,0.006485974,0
1.2,-1.0,0.019017708,0
1.2,-1.0,0.0062639127,0
1.2,-1.0,0.010549667,0
1.2,-1.0,0.10815618,0
1.2,-1.0,0.02376775,0
1.2,-1.0,0.046078295,0
1.2,-1.0,0.11734751,0
1.2,-1.0,0.13250776,0
1.2,-1.0,0.015900616,0
1.2,-1.0,0.11510277,0
1.2,-1.0,0.010003478,0
1.2,-1.0,0.0023889272,0
1.2,-1.0,0.0011484775,0
1.2,-1.0,0.0024032313,0
1.2,-1.0,0.00046981702,0
1.2,-1.0,0.0004395644,0
1.2,-1.0,0.00053993595,0
1.2,-1.0,0.0017252266,0
1.2,-1.0,0.00010418163,0
1.2,-1.0,0.00017868706,0
1.2,-1.0,0.00013361493,0
1.2,-1.0,0.00022603208,0
1.2,-1.0,0.00025947051,0
1.2,-1.0,0.002363902,0
1.2,-1.0,0.00043348846,0
1.2,-1.0,4.1616062e-05,0
1.2,-1.0,0.00013671919,0
1.2,-1.0,8.178562e-05,0
1.2,-1.0,0.000126532,0
1.2,-1.0,0.0038626592,0
1.2,-1.0,0.00023598637,0
1.2,-1.0,0.00026645424,0
1.2,-1.0,0.00047309115,0
1.2,-1.0,0.0006257041,0
1.2,-1.0,0.00021948725,0
1.2,-1.0,0.00056396314,0
1.2,-1.0,0.0008720575,0
1.2,-1.0,0.00076065725,0
1.2,-1.0,0.00022301369,0
1.2,-1.0,0.00031394104,0
1.2,-1.0,8.9463065e-05,0
1.2,-1.0,0.5456931,1
1.2,-1.0,0.09181907,0
1.2,-1.0,0.16208999,0
1.2,-1.0,0.08563975,0
1.2,-1.0,0.043485783,0
1.2,-1.0,0.102934286,0
1.2,-1.0,0.11216022,0
1.2,-1.0,0.060030174,0
1.2,-1.0,0.0041933837,0
1.2,-1.0,0.028531587,0
1.2,-1.0,0.027376438,0
1.2,-1.0,0.034781177,0
1.2,-1.0,0.05790205,0
1.2,-1.0,0.22904734,0
1.2,-1.0,0.04346431,0
1.2,-1.0,0.038689785,0
1.2,-1.0,0.029467318,0
1.2,-1.0,0.023049705,0
1.2,-1.0,0.012452954,0
1.2,-1.0,0.016602853,0
1.2,-1.0,0.0028669254,0
1.2,-1.0,0.00607462,0
1.2,-1.0,0.0055683856,0
1.2,-1.0,0.010429951,0
1.2,-1.0,0.0031211195,0
1.2,-1.0,0.012636224,0
1.2,-1.0,0.0067342864,0
1.2,-1.0,0.0385955,0
1.2,-1.0,0.0028590083,0
1.2,-1.0,0.040666316,0
1.2,-1.0,0.0010530555,0
1.2,-1.0,0.0005389025,0
1.2,-1.0,0.0021275026,0
1.2,-1.0,0.012585986,0
1.2,-1.0,0.0003918023,0
1.2,-1.0,0.0024396775,0
1.2,-1.0,0.0002635555,0
1.2,-1.0,0.0021619063,0
1.2,-1.0,0.0007772401,0
1.2,-1.0,0.00039348856,0
1.2,-1.0,0.00014005665,0
1.2,-1.0,0.0025166592,0
1.2,-1.0,0.0011037934,0
1.2,-1.0,0.0015116762,0
1.2,-1.0,0.0010350228,0
1.2,-1.0,0.00043904368,0
1.2,-1.0,0.00019767013,0
1.2,-1.0,5.3930537e-05,0
1.2,-1.0,2.189142e-05,0
1.2,-1.0,7.4956864e-05,0
1.2,-1.0,0.0025579166,0
1.2,-1.0,0.0048054727,0
1.2,-1.0,0.0021639625,0
1.2,-1.0,0.0008940915,0
1.2,-1.0,0.0004895012,0
1.2,-1.0,0.00019267433,0
1.2,-1.0,6.00299e-05,0
1.2,-1.0,0.00024531616,0
1.2,-1.0,8.217071e-05,0
1.2,-1.0,0.0007580038,0
1.2,-1.0,0.0011565154,0
1.2,-1.0,0.001699939,0
1.2,-1.0,0.0002460756,0
1.2,-1.0,0.0005503152,0
1.2,-1.0,0.0014791461,0
1.2,-1.0,0.0033096075,0
1.2,-1.0,0.00025725676,0
1.2,-1.0,4.2693693e-05,0
1.2,-1.0,9.293406e-05,0
1.2,-1.0,0.00016559781,0
1.2,-1.0,0.00480584,0
1.2,-1.0,0.000367555,0
1.2,-1.0,0.00023488552,0
1.2,-1.0,5.25263e-05,0
1.2,-1.0,9.164654e-05,0
1.2,-1.0,1.1404341e-05,0
1.2,-1.0,6.25233e-05,0
1.2,-1.0,0.00029628997,0
1.2,-1.0,0.00019884441,0
1.2,-1.0,0.0010386751,0
1.2,-1.0,0.0008660198,0
1.2,-1.0,0.0025626167,0
1.2,-1.0,0.0013746689,0
1.2,-1.0,0.0004883773,0
1.2,-1.0,0.00035851935,0
1.2,-1.0,0.00037534194,0
1.2,-1.0,0.00021338015,0
1.2,-1.0,8.936918e-05,0
1.2,-1.0,0.0003005559,0
1.2,-1.0,0.0015352989,0
1.2,-1.0,0.0010909,0
1.2,-1.0,0.00018586777,0
1.2,-1.0,0.0006345541,0
1.2,-1.0,0.0012080157,0
1.2,-1.0,0.00037943176,0
1.2,-1.0,8.67372e-05,0
1.2,-1.0,7.9423975e-05,0
1.2,-1.0,2.602542e-05,0
1.2,-1.0,0.00014996977,0
1.2,-1.0,0.0006143393,0
0.55,1.0,1.0,1
0.55,1.0,1.0,1
0.55,1.0,1.0,1
0.55,1.0,1.0,1
0.55,1.0,1.0,1
0.55,1.0,1.0,1
0.55,1.0,1.0,1
0.55,1.0,1.0,1
0.55,1.0,1.0,1
0.55,1.0,1.0,1
0.55,1.0,1.0,1
0.55,1.0,1.0,1
0.55,1.0,1.0,1
0.55,1.0,1.0,1
0.55,1.0,1.0,1
0.55,1.0,1.0,1
0.55,1.0,1.0,1
0.55,1.0,1.0,1
0.55,1.0,1.0,1
0.55,1.0,1.0,1
0.55,1.0,1.0,1
0.55,1.0,1.0,1
0.55,1.0,1.0,1
0.55,1.0,1.0,1
0.55,1.0,1.0,1
0.55,1.0,1.0,1
0.55,1.0,1.0,1
0.55,1.0,1.0,1
0.55,1.0,1.0,1
0.55,1.0,1.0,1
0.55,1.0,1.0,1
0.55,1.0,1.0,1
0.55,1.0,1.0,1
0.55,1.0,1.0,1
0.55,1.0,1.0,1
0.55,1.0,1.0,1
0.55,1.0,1.0,1
0.55,1.0,1.0,1
0.55,1.0,1.0,1
0.55,1.0,1.0,1
0.55,1.0,1.0,1
0.55,1.0,1.0,1
0.55,1.0,1.0,1
0.55,1.0,1.0,1
0.55,1.0,1.0,1
0.55,1.0,1.0,1
0.55,1.0,1.0,1
0.55,1.0,1.0,1
0.55,1.0,1.0,1
0.55,1.0,1.0,1
1.25,-1.0,9.184516e-06,0
1.25,-1.0,4.7495447e-05,0
1.25,-1.0,0.00013112805,0
1.25,-1.0,8.6088934e-05,0
1.25,-1.0,5.2314146e-05,0
1.25,-1.0,1.004201e-05,0
1.25,-1.0,1.193318e-05,0
1.25,-1.0,0.00026563168,0
1.25,-1.0,0.00015945332,0
1.25,-1.0,3.864942e-05,0
1.25,-1.0,2.1407679e-05,0
1.25,-1.0,1.5055959e-05,0
1.25,-1.0,5.5048913e-06,0
1.25,-1.0,1.9630518e-06,0
1.25,-1.0,8.487751e-06,0
1.25,-1.0,2.979574e-06,0
1.25,-1.0,1.732738e-05,0
1.25,-1.0,5.8679157e-06,0
1.25,-1.0,0.00010726719,0
1.25,-1.0,6.154006e-05,0
1.25,-1.0,0.00026340852,0
1.25,-1.0,0.00015143072,0
1.25,-1.0,7.412344e-05,0
1.25,-1.0,5.413288e-05,0
1.25,-1.0,5.1486237e-05,0
1.25,-1.0,3.7018286e-05,0
1.25,-1.0,2.9388286e-05,0
1.25,-1.0,1.939982e-05,0
1.25,-1.0,0.00030561775,0
1.25,-1.0,0.0016911783,0
1.25,-1.0,0.001856102,0
1.25,-1.0,0.00014508564,0
1.25,-1.0,0.00041213597,0
1.25,-1.0,9.3066024e-05,0
1.25,-1.0,0.00028808138,0
1.25,-1.0,0.0028633357,0
1.25,-1.0,0.00177862,0
1.25,-1.0,0.00057913794,0
1.25,-1.0,0.0020319277,0
1.25,-1.0,0.0016479078,0
1.25,-1.0,0.0027912757,0
1.25,-1.0,0.0017853361,0
1.25,-1.0,0.0015677924,0
1.25,-1.0,0.0018531176,0
1.25,-1.0,0.00075013237,0
1.25,-1.0,0.00056057825,0
1.25,-1.0,0.00036393132,0
1.25,-1.0,0.00023908955,0
1.25,-1.0,0.00015478065,0
1.25,-1.0,0.0009956463,0
1.25,-1.0,1.833462e-05,0
1.25,-1.0,9.531016e-05,0
1.25,-1.0,4.2775773e-05,0
1.25,-1.0,0.00028928855,0
1.25,-1.0,0.00023969053,0
1.25,-1.0,0.00038580847,0
1.25,-1.0,0.00020947185,0
1.25,-1.0,6.073892e-05,0
1.25,-1.0,0.00011243624,0
1.25,-1.0,6.589612e-05,0
1.25,-1.0,1.8014709e-05,0
1.25,-1.0,3.527206e-05,0
1.25,-1.0,1.940537e-05,0
1.25,-1.0,0.00013825553,0
1.25,-1.0,8.578098e-05,0
1.25,-1.0,5.3309428e-05,0
1.25,-1.0,6.830448e-05,0
1.25,-1.0,2.3918354e-05,0
1.25,-1.0,1.4437762e-05,0
1.25,-1.0,3.3407334e-05,0
1.25,-1.0,3.6432261e-06,0
1.25,-1.0,6.817458e-06,0
1.25,-1.0,2.2272121e-05,0
1.25,-1.0,1.7017801e-05,0
1.25,-1.0,1.8702438e-05,0
1.25,-1.0,1.2315332e-05,0
1.25,-1.0,3.92295e-06,0
1.25,-1.0,2.0952928e-06,0
1.25,-1.0,7.978635e-06,0
1.25,-1.0,1.9969655e-05,0
1.25,-1.0,1.1200767e-05,0
1.25,-1.0,5.4195276e-05,0
1.25,-1.0,8.862559e-05,0
1.25,-1.0,2.5398083e-05,0
1.25,-1.0,7.647311e-06,0
1.25,-1.0,3.1217955e-05,0
1.25,-1.0,4.8263002e-05,0
1.25,-1.0,7.4268275e-05,0
1.25,-1.0,2.6700853e-05,0
1.25,-1.0,4.5181747e-05,0
1.25,-1.0,3.7264097e-05,0
1.25,-1.0,0.00023909798,0
1.25,-1.0,1.6257107e-05,0
1.25,-1.0,4.6107558e-05,0
1.25,-1.0,2.8770452e-05,0
1.25,-1.0,4.0270537e-05,0
1.25,-1.0,0.00015125221,0
1.25,-1.0,0.00035545064,0
1.25,-1.0,0.00023386342,0
1.25,-1.0,0.00011266311,0
1.25,-1.0,5.8015053e-06,0
1.25,-1.0,5.856194e-05,0
1.25,-1.0,0.00022509354,0
1.25,-1.0,6.617155e-05,0
1.25,-1.0,7.7530414e-05,0
1.25,-1.0,5.6393237e-05,0
1.25,-1.0,5.5936533e-05,0
1.25,-1.0,1.8215396e-05,0
1.25,-1.0,1.5079886e-05,0
1.25,-1.0,3.1891963e-05,0
1.25,-1.0,1.7979164e-05,0
1.25,-1.0,0.00016817277,0
1.25,-1.0,0.0005311088,0
1.25,-1.0,0.0049874615,0
1.25,-1.0,0.0007681414,0
1.25,-1.0,0.00017984048,0
1.25,-1.0,0.0007033133,0
1.25,-1.0,0.00086445664,0
1.25,-1.0,0.0011133909,0
1.25,-1.0,0.00047918325,0
1.25,-1.0,0.00020692477,0
1.25,-1.0,0.0006620333,0
1.25,-1.0,0.0003650175,0
1.25,-1.0,0.00011742179,0
1.25,-1.0,4.834209e-05,0
1.25,-1.0,0.00014029765,0
1.25,-1.0,0.0065745623,0
1.25,-1.0,0.00209654,0
1.25,-1.0,0.003662191,0
1.25,-1.0,6.649555e-05,0
1.25,-1.0,0.00031119146,0
1.25,-1.0,3.94348e-05,0
1.25,-1.0,0.00011257119,0
1.25,-1.0,4.834615e-05,0
1.25,-1.0,2.1456426e-05,0
1.25,-1.0,4.2073403e-05,0
1.25,-1.0,6.5620916e-06,0
1.25,-1.0,1.21901885e-05,0
1.25,-1.0,6.330692e-06,0
1.25,-1.0,2.2951022e-05,0
1.25,-1.0,3.530844e-05,0
1.25,-1.0,4.8908452e-05,0
1.25,-1.0,8.36836e-05,0
1.25,-1.0,2.710601e-05,0
1.25,-1.0,5.1331906e-05,0
1.25,-1.0,0.00012958919,0
1.25,-1.0,1.27427e-05,0
1.25,-1.0,3.3524339e-06,0
1.25,-1.0,1.4663614e-06,0
1.25,-1.0,1.5834324e-06,0
1.25,-1.0,8.763677e-05,0
1.25,-1.0,6.115243e-05,0
1.25,-1.0,0.00020877457,0
1.25,-1.0,6.870585e-05,0
1.25,-1.0,6.642431e-05,0
1.25,-1.0,0.00013031905,0
1.25,-1.0,1.3372208e-05,0
1.25,-1.0,0.00010436887,0
1.25,-1.0,0.00035786064,0
1.25,-1.0,5.5653898e-05,0
1.25,-1.0,3.9006514e-05,0
1.25,-1.0,5.9999744e-05,0
1.25,-1.0,7.096998e-05,0
1.25,-1.0,0.00014648295,0
1.25,-1.0,3.7694637e-05,0
1.25,-1.0,1.0192154e-05,0
1.25,-1.0,1.6951004e-05,0
1.25,-1.0,3.5022887e-05,0
1.25,-1.0,4.218364e-05,0
1.25,-1.0,5.043766e-05,0
1.25,-1.0,7.218754e-05,0
1.25,-1.0,0.00046915314,0
1.25,-1.0,0.000120984776,0
1.25,-1.0,0.00010534264,0
1.25,-1.0,9.8285265e-05,0
1.25,-1.0,0.00017162996,0
1.25,-1.0,2.6188543e-05,0
1.25,-1.0,2.5329146e-05,0
1.25,-1.0,0.00012726334,0
1.25,-1.0,4.4556742e-05,0
1.25,-1.0,8.7642875e-05,0
1.25,-1.0,0.000115387564,0
1.25,-1.0,1.7101489e-05,0
1.25,-1.0,1.6054995e-05,0
1.25,-1.0,2.4217166e-05,0
1.25,-1.0,3.5544825e-05,0
1.25,-1.0,2.4277611e-05,0
1.25,-1.0,2.0121537e-05,0
1.25,-1.0,5.099846e-05,0
1.25,-1.0,8.277778e-05,0
1.25,-1.0,1.2956741e-05,0
1.25,-1.0,1.3327025e-05,0
1.25,-1.0,2.5129527e-06,0
1.25,-1.0,1.0915438e-05,0
1.25,-1.0,2.000278e-05,0
1.25,-1.0,7.906842e-05,0
1.25,-1.0,7.7864715e-05,0
1.25,-1.0,3.049298e-05,0
1.25,-1.0,1.0298015e-05,0
1.25,-1.0,3.4592496e-05,0
1.25,-1.0,5.0631243e-05,0
1.25,-1.0,7.832435e-05,0
1.25,-1.0,1.2071942e-05,0
1.25,-1.0,1.640617e-06,0
1.25,-1.0,2.913299e-06,0
1.25,-1.0,2.8123309e-06,0
1.25,-1.0,6.520129e-06,0
1.25,-1.0,2.6660802e-05,0
1.25,-1.0,3.5632456e-05,0
1.25,-1.0,0.00019716265,0
1.25,-1.0,3.2682878e-05,0
1.25,-1.0,2.0310723e-05,0
1.25,-1.0,2.0826026e-06,0
1.25,-1.0,1.2766692e-06,0
1.25,-1.0,5.376925e-06,0
1.25,-1.0,4.1854003e-07,0
1.25,-1.0,8.041143e-06,0
1.25,-1.0,5.798015e-06,0
1.25,-1.0,9.747701e-06,0
1.25,-1.0,6.7198202e-06,0
1.25,-1.0,6.4392893e-06,0
1.25,-1.0,1.3881379e-06,0
1.25,-1.0,2.0851464e-06,0
1.25,-1.0,4.3976812e-05,0
1.25,-1.0,8.581284e-06,0
1.25,-1.0,7.3409734e-05,0
1.25,-1.0,0.00015959295,0
1.25,-1.0,4.5413457e-05,0
1.25,-1.0,0.00016043242,0
1.25,-1.0,3.9096336e-05,0
1.25,-1.0,9.507099e-06,0
1.25,-1.0,2.0033729e-05,0
1.25,-1.0,3.832331e-06,0
1.25,-1.0,6.4129194e-06,0
1.25,-1.0,3.5744808e-06,0
1.25,-1.0,8.112879e-07,0
1.25,-1.0,7.657601e-06,0
1.25,-1.0,4.910571e-06,0
1.25,-1.0,1.4601206e-05,0
1.25,-1.0,0.00011599144,0
1.25,-1.0,3.845992e-05,0
1.25,-1.0,0.00012916393,0
1.25,-1.0,0.00011813991,0
1.25,-1.0,1.1411456e-05,0
1.25,-1.0,2.5391082e-05,0
1.25,-1.0,9.539517e-05,0
1.25,-1.0,0.00013163767,0
1.25,-1.0,6.9055727e-06,0
1.25,-1.0,3.279302e-05,0
1.25,-1.0,1.8257379e-05,0
1.3,-1.0,5.1890693e-06,0
1.3,-1.0,3.561571e-06,0
1.3,-1.0,1.0611225e-05,0
1.3,-1.0,1.5609154e-05,0
1.3,-1.0,7.5897387e-06,0
1.3,-1.0,2.3596722e-06,0
1.3,-1.0,2.306772e-06,0
1.3,-1.0,2.841978e-07,0
1.3,-1.0,4.0752062e-07,0
1.3,-1.0,7.446949e-07,0
1.3,-1.0,3.193331e-06,0
1.3,-1.0,9.440521e-06,0
1.3,-1.0,5.4888396e-06,0
1.3,-1.0,6.965849e-06,0
1.3,-1.0,5.9643585e-06,0
1.3,-1.0,5.64227e-06,0
1.3,-1.0,3.0634033e-06,0
1.3,-1.0,2.5957008e-05,0
1.3,-1.0,5.0968363e-05,0
1.3,-1.0,1.7420429e-05,0
1.3,-1.0,3.6094916e-05,0
1.3,-1.0,7.397078e-05,0
1.3,-1.0,6.5746855e-05,0
1.3,-1.0,0.00015326441,0
1.3,-1.0,0.00014103591,0
1.3,-1.0,2.9365732e-05,0
1.3,-1.0,7.722077e-06,0
1.3,-1.0,3.2370735e-06,0
1.3,-1.0,7.110985e-06,0
1.3,-1.0,1.5541851e-05,0
1.3,-1.0,1.3010317e-05,0
1.3,-1.0,2.4281848e-05,0
1.3,-1.0,1.3168722e-06,0
1.3,-1.0,4.579336e-06,0
1.3,-1.0,1.2817235e-06,0
1.3,-1.0,4.8043495e-07,0
1.3,-1.0,6.8488936e-07,0
1.3,-1.0,1.4629267e-06,0
1.3,-1.0,4.7606154e-06,0
1.3,-1.0,2.212973e-06,0
1.3,-1.0,6.544971e-07,0
1.3,-1.0,1.4360069e-06,0
1.3,-1.0,7.6056353e-06,0
1.3,-1.0,7.92298e-06,0
1.3,-1.0,1.5713647e-06,0
1.3,-1.0,2.8044299e-06,0
1.3,-1.0,1.1016962e-06,0
1.3,-1.0,8.1568595e-07,0
1.3,-1.0,5.054466e-06,0
1.3,-1.0,6.367117e-06,0
1.3,-1.0,1.1061274e-05,0
1.3,-1.0,3.0909516e-07,0
1.3,-1.0,1.0174363e-06,0
1.3,-1.0,2.7561791e-06,0
1.3,-1.0,2.1233875e-07,0
1.3,-1.0,1.4195545e-06,0
1.3,-1.0,1.6061451e-06,0
1.3,-1.0,1.380082e-06,0
1.3,-1.0,6.439689e-06,0
1.3,-1.0,5.4718694e-06,0
1.3,-1.0,6.521541e-06,0
1.3,-1.0,1.1678148e-05,0
1.3,-1.0,5.8102423e-06,0
1.3,-1.0,1.208769e-05,0
1.3,-1.0,2.840633e-05,0
1.3,-1.0,2.4786315e-05,0
1.3,-1.0,0.00016186235,0
1.3,-1.0,2.9180426e-05,0
1.3,-1.0,0.00011995412,0
1.3,-1.0,5.0478076e-05,0
1.3,-1.0,7.0805195e-06,0
1.3,-1.0,1.0726818e-05,0
1.3,-1.0,5.4626198e-05,0
1.3,-1.0,3.091252e-05,0
1.3,-1.0,2.2810675e-05,0
1.3,-1.0,2.224544e-05,0
1.3,-1.0,0.001084732,0
1.3,-1.0,8.169426e-05,0
1.3,-1.0,7.6833276e-05,0
1.3,-1.0,1.5008709e-05,0
1.3,-1.0,8.544122e-06,0
1.3,-1.0,4.717756e-05,0
1.3,-1.0,2.5797664e-05,0
1.3,-1.0,1.7300763e-05,0
1.3,-1.0,8.061222e-06,0
1.3,-1.0,7.847586e-06,0
1.3,-1.0,1.1896603e-05,0
1.3,-1.0,2.9420398e-06,0
1.3,-1.0,1.9987838e-06,0
1.3,-1.0,1.856088e-06,0
1.3,-1.0,3.286457e-06,0
1.3,-1.0,2.1662127e-06,0
1.3,-1.0,6.4901e-07,0
1.3,-1.0,9.038762e-07,0
1.3,-1.0,1.9533226e-07,0
1.3,-1.0,3.8404866e-07,0
1.3,-1.0,5.9650806e-06,0
1.3,-1.0,6.152225e-06,0
1.3,-1.0,3.6341967e-06,0
1.3,-1.0,8.182164e-06,0
1.3,-1.0,3.50493e-06,0
1.3,-1.0,2.1718079e-06,0
1.3,-1.0,4.9187456e-06,0
1.3,-1.0,1.4825143e-05,0
1.3,-1.0,2.1084081e-06,0
1.3,-1.0,1.6029644e-05,0
1.3,-1.0,2.0117495e-06,0
1.3,-1.0,1.945117e-06,0
1.3,-1.0,3.811617e-06,0
1.3,-1.0,7.6048664e-06,0
1.3,-1.0,1.9640815e-06,0
1.3,-1.0,7.3796687e-06,0
1.3,-1.0,3.1202744e-05,0
1.3,-1.0,2.7861564e-05,0
1.3,-1.0,7.4462782e-06,0
1.3,-1.0,3.1982054e-05,0
1.3,-1.0,2.5787328e-06,0
1.3,-1.0,5.9243016e-06,0
1.3,-1.0,9.325807e-07,0
1.3,-1.0,2.3397065e-06,0
1.3,-1.0,8.032497e-06,0
1.3,-1.0,1.0247446e-06,0
1.3,-1.0,1.1274759e-06,0
1.3,-1.0,2.508348e-05,0
1.3,-1.0,2.2612023e-05,0
1.3,-1.0,8.040392e-06,0
1.3,-1.0,1.2293061e-05,0
1.3,-1.0,7.029005e-07,0
1.3,-1.0,1.1834482e-07,0
1.3,-1.0,1.5142221e-07,0
1.3,-1.0,3.872306e-07,0
1.3,-1.0,2.3923778e-07,0
1.3,-1.0,5.4069375e-07,0
1.3,-1.0,3.6426107e-07,0
1.3,-1.0,4.8225877e-07,0
1.3,-1.0,4.21286e-07,0
1.3,-1.0,1.6844075e-06,0
1.3,-1.0,3.0688568e-06,0
1.3,-1.0,1.7879092e-06,0
1.3,-1.0,5.308589e-06,0
1.3,-1.0,1.9790311e-06,0
1.3,-1.0,2.9336073e-07,0
1.3,-1.0,5.571708e-07,0
1.3,-1.0,2.7887828e-07,0
1.3,-1.0,2.6962227e-06,0
1.3,-1.0,4.2986494e-06,0
1.3,-1.0,3.1493869e-06,0
1.3,-1.0,3.3934604e-05,0
1.3,-1.0,3.0378102e-05,0
1.3,-1.0,3.593699e-05,0
1.3,-1.0,1.2184214e-06,0
1.3,-1.0,5.6408603e-06,0
1.3,-1.0,1.863189e-06,0
1.3,-1.0,1.4616647e-06,0
1.3,-1.0,1.0293539e-06,0
1.3,-1.0,1.4523357e-06,0
1.3,-1.0,7.350768e-07,0
1.3,-1.0,5.4225726e-05,0
1.3,-1.0,8.95298e-06,0
1.3,-1.0,2.6206412e-06,0
1.3,-1.0,1.7706693e-06,0
1.3,-1.0,7.105961e-06,0
1.3,-1.0,7.3734436e-06,0
1.3,-1.0,3.5913865e-05,0
1.3,-1.0,9.4781135e-05,0
1.3,-1.0,4.497257e-06,0
1.3,-1.0,1.0657888e-05,0
1.3,-1.0,3.7340458e-06,0
1.3,-1.0,1.0681825e-06,0
1.3,-1.0,1.2774865e-06,0
1.3,-1.0,2.0274836e-06,0
1.3,-1.0,9.437902e-06,0
1.3,-1.0,5.25275e-06,0
1.3,-1.0,1.1358841e-05,0
1.3,-1.0,1.5061513e-06,0
1.3,-1.0,6.5533177e-06,0
1.3,-1.0,1.6569401e-06,0
1.3,-1.0,1.4883756e-06,0
1.3,-1.0,3.109224e-06,0
1.3,-1.0,2.156646e-06,0
1.3,-1.0,9.707538e-07,0
1.3,-1.0,1.0230914e-06,0
1.3,-1.0,3.4730036e-07,0
1.3,-1.0,6.284185e-07,0
1.3,-1.0,8.749191e-06,0
1.3,-1.0,6.0366265e-06,0
1.3,-1.0,1.1705365e-05,0
1.3,-1.0,7.858618e-06,0
1.3,-1.0,3.4224786e-06,0
1.3,-1.0,2.4087794e-06,0
1.3,-1.0,7.5775057e-07,0
1.3,-1.0,3.5260473e-07,0
1.3,-1.0,1.2431778e-06,0
1.3,-1.0,1.7406296e-06,0
1.3,-1.0,5.1249884e-07,0
1.3,-1.0,5.2564104e-07,0
1.3,-1.0,2.6438563e-06,0
1.3,-1.0,6.2597985e-07,0
1.3,-1.0,1.4787378e-06,0
1.3,-1.0,5.714781e-07,0
1.3,-1.0,1.3416533e-05,0
1.3,-1.0,5.5476853e-06,0
1.3,-1.0,4.0747855e-06,0
1.3,-1.0,2.5637723e-06,0
1.3,-1.0,1.177897e-05,0
1.3,-1.0,4.570854e-06,0
1.3,-1.0,1.0893993e-05,0
1.3,-1.0,1.5600214e-06,0
1.3,-1.0,2.6961868e-06,0
1.3,-1.0,4.8143165e-06,0
1.3,-1.0,1.3772421e-06,0
1.3,-1.0,4.675131e-06,0
1.3,-1.0,1.1241004e-06,0
1.3,-1.0,1.0118695e-06,0
1.3,-1.0,8.682261e-07,0
1.3,-1.0,8.233152e-07,0
1.3,-1.0,1.2613188e-07,0
1.3,-1.0,5.366462e-07,0
1.3,-1.0,2.9266964e-06,0
1.3,-1.0,6.034117e-06,0
1.3,-1.0,2.0514924e-06,0
1.3,-1.0,1.1974104e-05,0
1.3,-1.0,5.90214e-07,0
1.3,-1.0,1.1750602e-06,0
1.3,-1.0,4.185081e-07,0
1.3,-1.0,7.631098e-07,0
1.3,-1.0,3.7341813e-06,0
1.3,-1.0,9.931199e-07,0
1.3,-1.0,8.8210996e-08,0
1.3,-1.0,9.255404e-07,0
1.3,-1.0,2.854957e-06,0
1.3,-1.0,1.0470018e-06,0
1.3,-1.0,7.9652085e-07,0
1.3,-1.0,7.833161e-07,0
1.3,-1.0,3.6900612e-06,0
1.3,-1.0,6.1052797e-06,0
1.3,-1.0,6.518242e-07,0
1.3,-1.0,4.1079234e-06,0
1.3,-1.0,8.218363e-06,0
1.3,-1.0,4.1288664e-07,0
1.3,-1.0,2.9277214e-07,0
1.3,-1.0,3.3785778e-07,0
1.3,-1.0,2.1922153e-06,0
1.3,-1.0,1.2268854e-06,0
1.3,-1.0,2.872304e-06,0
1.3,-1.0,1.2019408e-06,0
1.3,-1.0,1.6224408e-06,0
1.3,-1.0,6.9728287e-07,0
1.3,-1.0,3.3716358e-06,0
1.3,-1.0,1.7945819e-06,0
0.55,1.0,1.0,1
0.55,1.0,1.0,1
0.55,1.0,1.0,1
0.55,1.0,1.0,1
0.55,1.0,1.0,1
0.55,1.0,1.0,1
0.55,1.0,1.0,1
0.55,1.0,1.0,1
0.55,1.0,1.0,1
0.55,1.0,1.0,1
0.55,1.0,1.0,1
0.55,1.0,1.0,1
0.55,1.0,1.0,1
0.55,1.0,1.0,1
0.55,1.0,1.0,1
0.55,1.0,1.0,1
0.55,1.0,1.0,1
0.55,1.0,1.0,1
0.55,1.0,1.0,1
0.55,1.0,1.0,1
0.55,1.0,1.0,1
0.55,1.0,1.0,1
0.55,1.0,1.0,1
0.55,1.0,1.0,1
0.55,1.0,1.0,1
0.55,1.0,1.0,1
0.55,1.0,1.0,1
0.55,1.0,1.0,1
0.55,1.0,1.0,1
0.55,1.0,1.0,1
0.55,1.0,1.0,1
0.55,1.0,1.0,1
0.55,1.0,1.0,1
0.55,1.0,1.0,1
0.55,1.0,1.0,1
0.55,1.0,1.0,1
0.55,1.0,1.0,1
0.55,1.0,1.0,1
0.55,1.0,1.0,1
0.55,1.0,1.0,1
0.55,1.0,1.0,1
0.55,1.0,1.0,1
0.55,1.0,1.0,1
0.55,1.0,1.0,1
0.55,1.0,1.0,1
0.55,1.0,1.0,1
0.55,1.0,1.0,1
0.55,1.0,1.0,1
0.55,1.0,1.0,1
0.55,1.0,1.0,1
1.35,-1.0,1.5099249e-07,0
1.35,-1.0,5.7334614e-07,0
1.35,-1.0,6.833692e-07,0
1.35,-1.0,6.447091e-07,0
1.35,-1.0,1.4535605e-06,0
1.35,-1.0,5.775746e-07,0
1.35,-1.0,6.874696e-07,0
1.35,-1.0,4.106137e-06,0
1.35,-1.0,9.633702e-07,0
1.35,-1.0,1.342291e-06,0
1.35,-1.0,4.9262144e-07,0
1.35,-1.0,2.0372947e-06,0
1.35,-1.0,3.3691921e-07,0
1.35,-1.0,4.466017e-07,0
1.35,-1.0,9.5993876e-08,0
1.35,-1.0,3.8336105e-07,0
1.35,-1.0,4.6308095e-08,0
1.35,-1.0,1.2381324e-07,0
1.35,-1.0,2.1651024e-07,0
1.35,-1.0,1.2929232e-07,0
1.35,-1.0,5.3695896e-07,0
1.35,-1.0,2.8724933e-06,0
1.35,-1.0,2.3926225e-06,0
1.35,-1.0,6.8467125e-07,0
1.35,-1.0,5.84786e-07,0
1.35,-1.0,4.5294342e-07,0
1.35,-1.0,4.9041086e-07,0
1.35,-1.0,5.644008e-06,0
1.35,-1.0,5.093336e-06,0
1.35,-1.0,1.6595728e-05,0
1.35,-1.0,7.0335983e-07,0
1.35,-1.0,2.5358595e-06,0
1.35,-1.0,2.7360471e-05,0
1.35,-1.0,4.962596e-05,0
1.35,-1.0,2.2239658e-06,0
1.35,-1.0,2.4677204e-06,0
1.35,-1.0,7.7579557e-07,0
1.35,-1.0,7.253499e-07,0
1.35,-1.0,1.8775872e-06,0
1.35,-1.0,3.9823262e-06,0
1.35,-1.0,1.8201643e-05,0
1.35,-1.0,8.552127e-06,0
1.35,-1.0,8.18491e-06,0
1.35,-1.0,3.551765e-06,0
1.35,-1.0,5.3593503e-06,0
1.35,-1.0,4.99509e-07,0
1.35,-1.0,6.976919e-07,0
1.35,-1.0,1.1777438e-06,0
1.35,-1.0,1.3058234e-06,0
1.35,-1.0,3.5758615e-07,0
1.35,-1.0,1.0752644e-06,0
1.35,-1.0,4.355146e-07,0
1.35,-1.0,7.489475e-07,0
1.35,-1.0,1.3754016e-07,0
1.35,-1.0,7.5509445e-07,0
1.35,-1.0,1.3504055e-06,0
1.35,-1.0,5.276445e-07,0
1.35,-1.0,2.4205252e-07,0
1.35,-1.0,6.895045e-08,0
1.35,-1.0,2.4434836e-08,0
1.35,-1.0,1.649114e-08,0
1.35,-1.0,3.703436e-08,0
1.35,-1.0,1.768513e-07,0
1.35,-1.0,2.0255342e-07,0
1.35,-1.0,1.5216338e-07,0
1.35,-1.0,1.4316331e-08,0
1.35,-1.0,2.9350005e-08,0
1.35,-1.0,7.148847e-08,0
1.35,-1.0,3.1440667e-08,0
1.35,-1.0,1.291495e-07,0
1.35,-1.0,1.3292954e-07,0
1.35,-1.0,7.979755e-08,0
1.35,-1.0,3.071164e-08,0
1.35,-1.0,2.966642e-08,0
1.35,-1.0,5.7007863e-08,0
1.35,-1.0,1.0269609e-07,0
1.35,-1.0,4.0875562e-08,0
1.35,-1.0,1.2953825e-08,0
1.35,-1.0,2.9655501e-08,0
1.35,-1.0,6.4713305e-08,0
1.35,-1.0,3.5962778e-08,0
1.35,-1.0,7.6323076e-08,0
1.35,-1.0,6.563748e-07,0
1.35,-1.0,1.5729465e-07,0
1.35,-1.0,7.0487744e-08,0
1.35,-1.0,3.0680727e-08,0
1.35,-1.0,6.1992736e-08,0
1.35,-1.0,3.2064636e-07,0
1.35,-1.0,6.713223e-08,0
1.35,-1.0,9.128267e-08,0
1.35,-1.0,5.1279905e-08,0
1.35,-1.0,1.4533524e-07,0
1.35,-1.0,6.7723825e-08,0
1.35,-1.0,4.9748085e-08,0
1.35,-1.0,1.9625561e-07,0
1.35,-1.0,6.6237004e-07,0
1.35,-1.0,1.5698383e-06,0
1.35,-1.0,1.1111696e-06,0
1.35,-1.0,4.0424405e-07,0
1.35,-1.0,8.310842e-08,0
1.35,-1.0,6.6489713e-07,0
1.35,-1.0,3.1632797e-07,0
1.35,-1.0,2.500283e-06,0
1.35,-1.0,1.8236334e-06,0
1.35,-1.0,4.9629153e-07,0
1.35,-1.0,1.7939368e-06,0
1.35,-1.0,4.8482036e-07,0
1.35,-1.0,5.4186035e-07,0
1.35,-1.0,3.1535146e-07,0
1.35,-1.0,1.0257164e-06,0
1.35,-1.0,2.0971667e-07,0
1.35,-1.0,1.579407e-06,0
1.35,-1.0,1.082857e-06,0
1.35,-1.0,8.199568e-07,0
1.35,-1.0,7.4081106e-07,0
1.35,-1.0,3.52274e-07,0
1.35,-1.0,1.0425717e-06,0
1.35,-1.0,1.0541754e-06,0
1.35,-1.0,3.8384397e-07,0
1.35,-1.0,3.2067697e-07,0
1.35,-1.0,2.831414e-07,0
1.35,-1.0,1.0272117e-07,0
1.35,-1.0,3.1190993e-08,0
1.35,-1.0,1.0625269e-07,0
1.35,-1.0,3.09411e-07,0
1.35,-1.0,1.9370667e-07,0
1.35,-1.0,1.4644984e-07,0
1.35,-1.0,1.3676649e-07,0
1.35,-1.0,6.240915e-07,0
1.35,-1.0,3.9304214e-07,0
1.35,-1.0,2.360394e-07,0
1.35,-1.0,6.4506025e-07,0
1.35,-1.0,7.93119e-07,0
1.35,-1.0,3.5451494e-06,0
1.35,-1.0,3.654452e-06,0
1.35,-1.0,3.4848522e-06,0
1.35,-1.0,7.156404e-07,0
1.35,-1.0,1.4817772e-06,0
1.35,-1.0,5.112365e-07,0
1.35,-1.0,1.4364686e-06,0
1.35,-1.0,7.475689e-07,0
1.35,-1.0,3.5165775e-07,0
1.35,-1.0,4.7364375e-07,0
1.35,-1.0,2.622481e-07,0
1.35,-1.0,3.7680516e-07,0
1.35,-1.0,2.9936595e-07,0
1.35,-1.0,1.5653042e-07,0
1.35,-1.0,5.263172e-07,0
1.35,-1.0,2.3157337e-07,0
1.35,-1.0,2.523228e-07,0
1.35,-1.0,3.211047e-08,0
1.35,-1.0,2.9899724e-08,0
1.35,-1.0,4.903655e-08,0
1.35,-1.0,6.666559e-08,0
1.35,-1.0,5.063165e-08,0
1.35,-1.0,1.17126575e-07,0
1.35,-1.0,1.2306407e-07,0
1.35,-1.0,3.2941153e-07,0
1.35,-1.0,6.7275025e-08,0
1.35,-1.0,4.4099675e-08,0
1.35,-1.0,1.2260674e-07,0
1.35,-1.0,9.463297e-08,0
1.35,-1.0,1.5671505e-07,0
1.35,-1.0,8.9890264e-08,0
1.35,-1.0,2.3762155e-07,0
1.35,-1.0,1.6449474e-07,0
1.35,-1.0,7.220241e-08,0
1.35,-1.0,1.8280461e-07,0
1.35,-1.0,1.7001558e-07,0
1.35,-1.0,3.703139e-08,0
1.35,-1.0,6.481893e-08,0
1.35,-1.0,2.0089033e-07,0
1.35,-1.0,3.802834e-07,0
1.35,-1.0,5.965525e-08,0
1.35,-1.0,1.9432095e-07,0
1.35,-1.0,7.976832e-07,0
1.35,-1.0,4.0467985e-08,0
1.35,-1.0,5.6689945e-08,0
1.35,-1.0,1.3897986e-07,0
1.35,-1.0,1.3209119e-07,0
1.35,-1.0,3.7919765e-08,0
1.35,-1.0,1.6866355e-07,0
1.35,-1.0,3.8558593e-07,0
1.35,-1.0,2.2750747e-07,0
1.35,-1.0,2.1648691e-07,0
1.35,-1.0,4.2920643e-08,0
1.35,-1.0,4.6917993e-08,0
1.35,-1.0,2.3727101e-07,0
1.35,-1.0,2.3192719e-07,0
1.35,-1.0,6.5289555e-07,0
1.35,-1.0,3.0762243e-07,0
1.35,-1.0,1.6336584e-07,0
1.35,-1.0,2.6536648e-07,0
1.35,-1.0,8.7413736e-07,0
1.35,-1.0,3.2649848e-07,0
1.35,-1.0,8.456513e-08,0
1.35,-1.0,7.856506e-08,0
1.35,-1.0,2.6509856e-08,0
1.35,-1.0,7.461082e-08,0
1.35,-1.0,2.0239547e-07,0
1.35,-1.0,5.249445e-06,0
1.35,-1.0,1.145692e-06,0
1.35,-1.0,2.510928e-07,0
1.35,-1.0,1.7506517e-07,0
1.35,-1.0,4.1895814e-07,0
1.35,-1.0,2.3138283e-07,0
1.35,-1.0,1.4257505e-07,0
1.35,-1.0,4.3588187e-07,0
1.35,-1.0,2.5117566e-07,0
1.35,-1.0,4.1110206e-07,0
1.35,-1.0,5.173042e-07,0
1.35,-1.0,1.5178512e-06,0
1.35,-1.0,1.7556152e-06,0
1.35,-1.0,4.5715037e-06,0
1.35,-1.0,4.1281683e-06,0
1.35,-1.0,1.4518714e-07,0
1.35,-1.0,6.5661527e-07,0
1.35,-1.0,1.2766482e-07,0
1.35,-1.0,1.0458585e-07,0
1.35,-1.0,1.4247541e-07,0
1.35,-1.0,6.502969e-08,0
1.35,-1.0,3.812631e-08,0
1.35,-1.0,5.4952277e-08,0
1.35,-1.0,6.228679e-08,0
1.35,-1.0,6.019898e-08,0
1.35,-1.0,2.44055e-07,0
1.35,-1.0,2.5168328e-07,0
1.35,-1.0,2.2297827e-06,0
1.35,-1.0,9.634749e-07,0
1.35,-1.0,1.6907485e-07,0
1.35,-1.0,5.9373167e-07,0
1.35,-1.0,3.156936e-07,0
1.35,-1.0,3.0807604e-07,0
1.35,-1.0,1.2013582e-07,0
1.35,-1.0,2.499179e-07,0
1.35,-1.0,9.242159e-08,0
1.35,-1.0,1.4475429e-06,0
1.35,-1.0,6.900668e-07,0
1.35,-1.0,6.9260386e-07,0
1.35,-1.0,9.271111e-07,0
1.35,-1.0,1.3892871e-07,0
1.35,-1.0,3.5878273e-07,0
1.35,-1.0,7.768604e-08,0
1.35,-1.0,1.4056663e-07,0
1.35,-1.0,1.13636055e-07,0
1.35,-1.0,2.1013508e-07,0
1.35,-1.0,1.3626381e-07,0
1.35,-1.0,2.5377244e-07,0
1.35,-1.0,2.7015633e-07,0
1.35,-1.0,9.265546e-08,0
1.4,-1.0,2.0982984e-08,0
1.4,-1.0,1.4462782e-08,0
1.4,-1.0,3.6245872e-08,0
1.4,-1.0,4.7230632e-08,0
1.4,-1.0,3.9957172e-08,0
1.4,-1.0,1.5801703e-08,0
1.4,-1.0,3.795059e-08,0
1.4,-1.0,1.084085e-07,0
1.4,-1.0,2.3909813e-08,0
1.4,-1.0,1.3646729e-08,0
1.4,-1.0,1.3610492e-08,0
1.4,-1.0,1.067762e-08,0
1.4,-1.0,5.1743346e-08,0
1.4,-1.0,1.8022607e-07,0
1.4,-1.0,3.5384573e-07,0
1.4,-1.0,1.11002834e-07,0
1.4,-1.0,5.0040153e-08,0
1.4,-1.0,4.2577128e-08,0
1.4,-1.0,3.3732583e-08,0
1.4,-1.0,3.1636166e-08,0
1.4,-1.0,4.2204793e-08,0
1.4,-1.0,3.1509526e-08,0
1.4,-1.0,1.37262965e-08,0
1.4,-1.0,1.3541975e-08,0
1.4,-1.0,9.905726e-09,0
1.4,-1.0,4.7835975e-08,0
1.4,-1.0,4.366961e-08,0
1.4,-1.0,1.3668237e-07,0
1.4,-1.0,6.7872016e-08,0
1.4,-1.0,8.789777e-08,0
1.4,-1.0,7.409599e-09,0
1.4,-1.0,1.9804055e-08,0
1.4,-1.0,1.4483182e-08,0
1.4,-1.0,3.6547505e-08,0
1.4,-1.0,2.875549e-08,0
1.4,-1.0,1.5909485e-08,0
1.4,-1.0,1.9782392e-07,0
1.4,-1.0,9.5558555e-08,0
1.4,-1.0,5.8397283e-08,0
1.4,-1.0,3.9953438e-08,0
1.4,-1.0,2.0232483e-07,0
1.4,-1.0,2.5533288e-07,0
1.4,-1.0,1.9871148e-07,0
1.4,-1.0,1.0015631e-06,0
1.4,-1.0,5.7097207e-08,0
1.4,-1.0,9.173892e-08,0
1.4,-1.0,3.355836e-07,0
1.4,-1.0,2.44995e-07,0
1.4,-1.0,4.0675918e-08,0
1.4,-1.0,5.2124317e-08,0
1.4,-1.0,1.2879414e-07,0
1.4,-1.0,2.9374421e-08,0
1.4,-1.0,6.270279e-08,0
1.4,-1.0,1.8069462e-08,0
1.4,-1.0,9.2613234e-08,0
1.4,-1.0,2.1229313e-08,0
1.4,-1.0,8.426835e-09,0
1.4,-1.0,6.647514e-08,0
1.4,-1.0,1.45099195e-08,0
1.4,-1.0,1.8710164e-08,0
1.4,-1.0,1.8792997e-08,0
1.4,-1.0,1.375956e-08,0
1.4,-1.0,1.4716676e-08,0
1.4,-1.0,1.782614e-08,0
1.4,-1.0,2.4170346e-08,0
1.4,-1.0,1.3086037e-08,0
1.4,-1.0,1.9063183e-08,0
1.4,-1.0,1.0681429e-08,0
1.4,-1.0,1.701963e-07,0
1.4,-1.0,2.9277743e-07,0
1.4,-1.0,3.990801e-07,0
1.4,-1.0,1.4981619e-06,0
1.4,-1.0,1.6254158e-07,0
1.4,-1.0,9.4446943e-07,0
1.4,-1.0,9.853062e-08,0
1.4,-1.0,8.629325e-08,0
1.4,-1.0,4.0311292e-08,0
1.4,-1.0,1.307605e-07,0
1.4,-1.0,1.1886376e-07,0
1.4,-1.0,1.66154e-07,0
1.4,-1.0,1.6743083e-07,0
1.4,-1.0,8.4153044e-07,0
1.4,-1.0,3.4951427e-07,0
1.4,-1.0,5.657696e-08,0
1.4,-1.0,4.3135994e-08,0
1.4,-1.0,3.4816914e-08,0
1.4,-1.0,3.3676525e-08,0
1.4,-1.0,3.4448323e-08,0
1.4,-1.0,1.5083383e-08,0
1.4,-1.0,9.139971e-09,0
1.4,-1.0,8.97275e-09,0
1.4,-1.0,4.09187e-08,0
1.4,-1.0,2.26952e-08,0
1.4,-1.0,2.0249965e-08,0
1.4,-1.0,4.328137e-08,0
1.4,-1.0,3.6334125e-08,0
1.4,-1.0,3.212511e-08,0
1.4,-1.0,3.3369616e-08,0
1.4,-1.0,3.2620868e-08,0
1.4,-1.0,8.822867e-08,0
1.4,-1.0,2.4747967e-08,0
1.4,-1.0,3.893899e-08,0
1.4,-1.0,8.984981e-08,0
1.4,-1.0,8.387696e-08,0
1.4,-1.0,2.6416862e-07,0
1.4,-1.0,9.253554e-08,0
1.4,-1.0,5.525802e-08,0
1.4,-1.0,2.1547919e-08,0
1.4,-1.0,3.1859493e-08,0
1.4,-1.0,2.9838937e-08,0
1.4,-1.0,2.0542588e-08,0
1.4,-1.0,1.3684262e-08,0
1.4,-1.0,9.811579e-08,0
1.4,-1.0,4.652056e-08,0
1.4,-1.0,7.0980455e-08,0
1.4,-1.0,9.6207415e-08,0
1.4,-1.0,7.675066e-08,0
1.4,-1.0,1.7110207e-08,0
1.4,-1.0,6.391157e-08,0
1.4,-1.0,9.576894e-08,0
1.4,-1.0,1.6122084e-07,0
1.4,-1.0,1.2675483e-07,0
1.4,-1.0,6.7558815e-08,0
1.4,-1.0,2.1242556e-08,0
1.4,-1.0,4.641474e-08,0
1.4,-1.0,6.351904e-08,0
1.4,-1.0,3.668268e-07,0
1.4,-1.0,2.8553632e-07,0
1.4,-1.0,4.5795137e-08,0
1.4,-1.0,1.6583305e-08,0
1.4,-1.0,1.4585393e-08,0
1.4,-1.0,6.6100108e-09,0
1.4,-1.0,1.1290276e-08,0
1.4,-1.0,6.754644e-08,0
1.4,-1.0,7.783894e-07,0
1.4,-1.0,1.7220515e-07,0
1.4,-1.0,2.1045551e-08,0
1.4,-1.0,4.059609e-08,0
1.4,-1.0,6.9417446e-08,0
1.4,-1.0,2.7595325e-07,0
1.4,-1.0,1.8103346e-07,0
1.4,-1.0,2.623657e-07,0
1.4,-1.0,3.7578552e-08,0
1.4,-1.0,4.2823412e-08,0
1.4,-1.0,1.1003422e-07,0
1.4,-1.0,1.4612812e-07,0
1.4,-1.0,3.504745e-08,0
1.4,-1.0,3.915734e-09,0
1.4,-1.0,2.1843367e-09,0
1.4,-1.0,6.2722734e-09,0
1.4,-1.0,8.907271e-09,0
1.4,-1.0,1.2294466e-07,0
1.4,-1.0,4.206905e-08,0
1.4,-1.0,8.824664e-09,0
1.4,-1.0,1.1105255e-08,0
1.4,-1.0,2.2433232e-08,0
1.4,-1.0,1.3422477e-08,0
1.4,-1.0,1.0371216e-08,0
1.4,-1.0,1.12061755e-08,0
1.4,-1.0,8.1441724e-09,0
1.4,-1.0,2.1954941e-08,0
1.4,-1.0,5.832647e-09,0
1.4,-1.0,1.332185e-07,0
1.4,-1.0,5.7706707e-08,0
1.4,-1.0,1.3000114e-07,0
1.4,-1.0,1.2707508e-07,0
1.4,-1.0,1.7689919e-07,0
1.4,-1.0,7.317525e-08,0
1.4,-1.0,6.421852e-08,0
1.4,-1.0,1.0940619e-07,0
1.4,-1.0,1.9155512e-07,0
1.4,-1.0,5.658656e-08,0
1.4,-1.0,4.357651e-08,0
1.4,-1.0,2.4376321e-08,0
1.4,-1.0,1.5608083e-07,0
1.4,-1.0,5.9057605e-08,0
1.4,-1.0,2.3281255e-09,0
1.4,-1.0,7.554631e-09,0
1.4,-1.0,2.5967324e-08,0
1.4,-1.0,1.7019234e-08,0
1.4,-1.0,2.5398887e-07,0
1.4,-1.0,1.1941869e-07,0
1.4,-1.0,2.5809592e-07,0
1.4,-1.0,9.34226e-08,0
1.4,-1.0,7.6291784e-08,0
1.4,-1.0,1.4105974e-07,0
1.4,-1.0,8.404687e-08,0
1.4,-1.0,5.520598e-08,0
1.4,-1.0,3.8587796e-08,0
1.4,-1.0,2.9000873e-08,0
1.4,-1.0,7.868757e-08,0
1.4,-1.0,5.5011007e-08,0
1.4,-1.0,1.0067001e-07,0
1.4,-1.0,1.9521272e-07,0
1.4,-1.0,1.9275855e-07,0
1.4,-1.0,1.14994194e-07,0
1.4,-1.0,2.3006695e-08,0
1.4,-1.0,4.9123702e-08,0
1.4,-1.0,7.517607e-08,0
1.4,-1.0,1.2129325e-07,0
1.4,-1.0,1.1653779e-08,0
1.4,-1.0,1.9216435e-08,0
1.4,-1.0,4.0161254e-08,0
1.4,-1.0,5.548517e-09,0
1.4,-1.0,5.1013944e-09,0
1.4,-1.0,5.484471e-09,0
1.4,-1.0,2.1998536e-08,0
1.4,-1.0,6.7834844e-09,0
1.4,-1.0,1.1933804e-08,0
1.4,-1.0,5.0771103e-08,0
1.4,-1.0,3.346031e-08,0
1.4,-1.0,1.753144e-08,0
1.4,-1.0,2.3828775e-08,0
1.4,-1.0,4.967944e-08,0
1.4,-1.0,1.0446364e-07,0
1.4,-1.0,5.356619e-08,0
1.4,-1.0,1.5419621e-08,0
1.4,-1.0,3.1157386e-09,0
1.4,-1.0,6.140351e-08,0
1.4,-1.0,1.856614e-07,0
1.4,-1.0,1.1454063e-07,0
1.4,-1.0,8.964234e-08,0
1.4,-1.0,5.936876e-08,0
1.4,-1.0,1.5896413e-08,0
1.4,-1.0,5.770731e-07,0
1.4,-1.0,1.6057863e-08,0
1.4,-1.0,4.018823e-08,0
1.4,-1.0,3.5677542e-07,0
1.4,-1.0,3.2290646e-07,0
1.4,-1.0,1.5035693e-07,0
1.4,-1.0,1.0544816e-07,0
1.4,-1.0,7.253369e-08,0
1.4,-1.0,8.653273e-08,0
1.4,-1.0,8.633951e-08,0
1.4,-1.0,4.964629e-08,0
1.4,-1.0,6.58707e-08,0
1.4,-1.0,2.4562356e-08,0
1.4,-1.0,6.254486e-09,0
1.4,-1.0,4.112338e-08,0
1.4,-1.0,7.313828e-08,0
1.4,-1.0,1.485815e-08,0
1.4,-1.0,3.2345284e-08,0
1.4,-1.0,2.1497836e-08,0
1.4,-1.0,2.3924729e-08,0
1.4,-1.0,1.584051e-08,0
1.4,-1.0,1.5861703e-08,0
1.4,-1.0,1.7463556e-08,0
1.4,-1.0,8.833677e-08,0
1.4,-1.0,1.425117e-07,0
1.4,-1.0,1.1547312e-07,0
0.55,1.0,1.0,1
0.55,1.0,1.0,1
0.55,1.0,1.0,1
0.55,1.0,1.0,1
0.55,1.0,1.0,1
0.55,1.0,1.0,1
0.55,1.0,1.0,1
0.55,1.0,1.0,1
0.55,1.0,1.0,1
0.55,1.0,1.0,1
0.55,1.0,1.0,1
0.55,1.0,1.0,1
0.55,1.0,1.0,1
0.55,1.0,1.0,1
0.55,1.0,1.0,1
0.55,1.0,1.0,1
0.55,1.0,1.0,1
0.55,1.0,1.0,1
0.55,1.0,1.0,1
0.55,1.0,1.0,1
0.55,1.0,1.0,1
0.55,1.0,1.0,1
0.55,1.0,1.0,1
0.55,1.0,1.0,1
0.55,1.0,1.0,1
0.55,1.0,1.0,1
0.55,1.0,1.0,1
0.55,1.0,1.0,1
0.55,1.0,1.0,1
0.55,1.0,1.0,1
0.55,1.0,1.0,1
0.55,1.0,1.0,1
0.55,1.0,1.0,1
0.55,1.0,1.0,1
0.55,1.0,1.0,1
0.55,1.0,1.0,1
0.55,1.0,1.0,1
0.55,1.0,1.0,1
0.55,1.0,1.0,1
0.55,1.0,1.0,1
0.55,1.0,1.0,1
0.55,1.0,1.0,1
0.55,1.0,1.0,1
0.55,1.0,1.0,1
0.55,1.0,1.0,1
0.55,1.0,1.0,1
0.55,1.0,1.0,1
0.55,1.0,1.0,1
0.55,1.0,1.0,1
0.55,1.0,1.0,1
1.45,-1.0,7.601505e-09,0
1.45,-1.0,1.5054403e-09,0
1.45,-1.0,1.05508065e-08,0
1.45,-1.0,6.28057e-09,0
1.45,-1.0,1.6049196e-08,0
1.45,-1.0,1.512983e-08,0
1.45,-1.0,1.6017301e-08,0
1.45,-1.0,4.1278817e-08,0
1.45,-1.0,2.0484993e-08,0
1.45,-1.0,1.08555565e-08,0
1.45,-1.0,1.2052204e-08,0
1.45,-1.0,2.495496e-08,0
1.45,-1.0,4.8354982e-09,0
1.45,-1.0,2.8574125e-09,0
1.45,-1.0,8.404924e-09,0
1.45,-1.0,1.2983285e-08,0
1.45,-1.0,1.883958e-08,0
1.45,-1.0,2.8896682e-08,0
1.45,-1.0,4.507429e-09,0
1.45,-1.0,1.0634734e-08,0
1.45,-1.0,4.9444036e-09,0
1.45,-1.0,2.1643511e-09,0
1.45,-1.0,1.4589065e-08,0
1.45,-1.0,4.7300563e-09,0
1.45,-1.0,1.2767573e-08,0
1.45,-1.0,1.2436324e-08,0
1.45,-1.0,5.6777804e-08,0
1.45,-1.0,6.18214e-08,0
1.45,-1.0,1.6107653e-07,0
1.45,-1.0,2.0980783e-08,0
1.45,-1.0,6.729748e-08,0
1.45,-1.0,1.1469494e-08,0
1.45,-1.0,1.9854888e-08,0
1.45,-1.0,8.488604e-09,0
1.45,-1.0,2.8476352e-09,0
1.45,-1.0,1.5726714e-08,0
1.45,-1.0,9.252068e-09,0
1.45,-1.0,1.4235842e-08,0
1.45,-1.0,4.8428177e-09,0
1.45,-1.0,6.537988e-09,0
1.45,-1.0,1.14675025e-08,0
1.45,-1.0,7.191718e-09,0
1.45,-1.0,7.720504e-09,0
1.45,-1.0,1.745593e-08,0
1.45,-1.0,2.5290138e-08,0
1.45,-1.0,1.1182838e-08,0
1.45,-1.0,2.9294133e-08,0
1.45,-1.0,4.9139235e-09,0
1.45,-1.0,7.321543e-09,0
1.45,-1.0,6.7672663e-09,0
1.45,-1.0,2.2188207e-08,0
1.45,-1.0,1.3432261e-08,0
1.45,-1.0,1.3913949e-08,0
1.45,-1.0,2.5509259e-08,0
1.45,-1.0,4.733804e-08,0
1.45,-1.0,1.19075665e-08,0
1.45,-1.0,9.450001e-09,0
1.45,-1.0,7.384936e-09,0
1.45,-1.0,8.562249e-09,0
1.45,-1.0,1.1186998e-08,0
1.45,-1.0,3.2810377e-08,0
1.45,-1.0,6.218266e-09,0
1.45,-1.0,1.5278102e-08,0
1.45,-1.0,9.197822e-09,0
1.45,-1.0,9.973426e-09,0
1.45,-1.0,6.236545e-09,0
1.45,-1.0,6.1165966e-09,0
1.45,-1.0,3.1265495e-09,0
1.45,-1.0,1.2106854e-08,0
1.45,-1.0,8.314977e-09,0
1.45,-1.0,4.9607736e-09,0
1.45,-1.0,5.649939e-09,0
1.45,-1.0,9.951402e-09,0
1.45,-1.0,1.3220274e-09,0
1.45,-1.0,1.6364482e-09,0
1.45,-1.0,2.8697669e-09,0
1.45,-1.0,1.0618599e-08,0
1.45,-1.0,1.9021813e-08,0
1.45,-1.0,7.789714e-09,0
1.45,-1.0,6.5652297e-09,0
1.45,-1.0,9.125983e-09,0
1.45,-1.0,9.908541e-09,0
1.45,-1.0,7.563685e-09,0
1.45,-1.0,2.4292962e-08,0
1.45,-1.0,6.0177626e-08,0
1.45,-1.0,4.3942663e-08,0
1.45,-1.0,2.4825026e-08,0
1.45,-1.0,1.8999007e-08,0
1.45,-1.0,8.699872e-09,0
1.45,-1.0,9.7707336e-09,0
1.45,-1.0,1.5252976e-08,0
1.45,-1.0,6.113916e-08,0
1.45,-1.0,1.13146355e-08,0
1.45,-1.0,6.0358074e-09,0
1.45,-1.0,6.288709e-09,0
1.45,-1.0,4.2633506e-09,0
1.45,-1.0,3.1208356e-09,0
1.45,-1.0,2.5213691e-09,0
1.45,-1.0,4.8557482e-09,0
1.45,-1.0,5.7037965e-09,0
1.45,-1.0,2.6096219e-08,0
1.45,-1.0,2.7663052e-09,0
1.45,-1.0,3.917858e-08,0
1.45,-1.0,1.1800217e-08,0
1.45,-1.0,6.5219212e-09,0
1.45,-1.0,1.9018803e-08,0
1.45,-1.0,2.0843245e-09,0
1.45,-1.0,3.115394e-09,0
1.45,-1.0,1.6567205e-09,0
1.45,-1.0,3.3519634e-09,0
1.45,-1.0,2.6940616e-09,0
1.45,-1.0,6.1133737e-10,0
1.45,-1.0,2.0399438e-09,0
1.45,-1.0,3.9134194e-09,0
1.45,-1.0,6.739867e-09,0
1.45,-1.0,4.317688e-09,0
1.45,-1.0,5.2690354e-09,0
1.45,-1.0,1.0046032e-08,0
1.45,-1.0,1.7596755e-09,0
1.45,-1.0,9.172554e-10,0
1.45,-1.0,3.4928445e-09,0
1.45,-1.0,1.3028203e-09,0
1.45,-1.0,3.7682395e-09,0
1.45,-1.0,2.6946219e-09,0
1.45,-1.0,9.667345e-10,0
1.45,-1.0,4.1494617e-09,0
1.45,-1.0,7.3891915e-09,0
1.45,-1.0,2.426351e-08,0
1.45,-1.0,2.707658e-08,0
1.45,-1.0,1.964326e-09,0
1.45,-1.0,1.8303841e-09,0
1.45,-1.0,2.6491038e-09,0
1.45,-1.0,2.9114364e-09,0
1.45,-1.0,9.043054e-09,0
1.45,-1.0,4.9198596e-09,0
1.45,-1.0,2.64508e-09,0
1.45,-1.0,2.382022e-09,0
1.45,-1.0,4.0583754e-09,0
1.45,-1.0,2.8944216e-09,0
1.45,-1.0,2.6040916e-09,0
1.45,-1.0,2.753429e-09,0
1.45,-1.0,1.5925173e-09,0
1.45,-1.0,1.2248275e-09,0
1.45,-1.0,1.4404137e-09,0
1.45,-1.0,2.2199413e-09,0
1.45,-1.0,7.617557e-09,0
1.45,-1.0,2.582649e-09,0
1.45,-1.0,1.5232827e-08,0
1.45,-1.0,1.0899916e-08,0
1.45,-1.0,2.1488695e-08,0
1.45,-1.0,9.341165e-10,0
1.45,-1.0,3.0943057e-09,0
1.45,-1.0,2.079718e-09,0
1.45,-1.0,8.809713e-09,0
1.45,-1.0,1.944858e-09,0
1.45,-1.0,3.6463794e-09,0
1.45,-1.0,6.2912284e-09,0
1.45,-1.0,6.752116e-09,0
1.45,-1.0,6.7455517e-09,0
1.45,-1.0,2.4517175e-09,0
1.45,-1.0,5.581581e-09,0
1.45,-1.0,1.03181e-08,0
1.45,-1.0,5.7045253e-09,0
1.45,-1.0,3.1979779e-09,0
1.45,-1.0,1.8779227e-09,0
1.45,-1.0,3.1489262e-09,0
1.45,-1.0,2.0363402e-09,0
1.45,-1.0,3.859492e-09,0
1.45,-1.0,2.8931135e-09,0
1.45,-1.0,6.597629e-09,0
1.45,-1.0,4.4588435e-09,0
1.45,-1.0,2.1236712e-09,0
1.45,-1.0,1.7243778e-08,0
1.45,-1.0,1.9859055e-08,0
1.45,-1.0,5.0001296e-09,0
1.45,-1.0,1.0506225e-08,0
1.45,-1.0,9.8873025e-09,0
1.45,-1.0,4.22919e-08,0
1.45,-1.0,2.1235981e-07,0
1.45,-1.0,1.4472832e-07,0
1.45,-1.0,2.1663595e-08,0
1.45,-1.0,8.490903e-09,0
1.45,-1.0,1.1437249e-08,0
1.45,-1.0,4.358613e-09,0
1.45,-1.0,2.0451878e-09,0
1.45,-1.0,6.0947722e-09,0
1.45,-1.0,5.1636744e-09,0
1.45,-1.0,1.1794202e-09,0
1.45,-1.0,5.0690865e-09,0
1.45,-1.0,2.7912593e-08,0
1.45,-1.0,3.046009e-08,0
1.45,-1.0,2.4506421e-09,0
1.45,-1.0,1.2264903e-08,0
1.45,-1.0,5.9462333e-09,0
1.45,-1.0,9.340474e-09,0
1.45,-1.0,1.0998235e-08,0
1.45,-1.0,2.3759053e-09,0
1.45,-1.0,2.7837506e-09,0
1.45,-1.0,8.645615e-09,0
1.45,-1.0,2.3235605e-09,0
1.45,-1.0,2.7200535e-09,0
1.45,-1.0,1.0688923e-09,0
1.45,-1.0,5.683413e-09,0
1.45,-1.0,5.0549707e-09,0
1.45,-1.0,4.901174e-09,0
1.45,-1.0,1.3042133e-08,0
1.45,-1.0,1.2825632e-09,0
1.45,-1.0,2.3005413e-09,0
1.45,-1.0,2.1761777e-09,0
1.45,-1.0,2.8364484e-08,0
1.45,-1.0,7.948994e-08,0
1.45,-1.0,5.715179e-08,0
1.45,-1.0,3.7822034e-08,0
1.45,-1.0,3.2129082e-09,0
1.45,-1.0,4.419127e-09,0
1.45,-1.0,1.2485682e-09,0
1.45,-1.0,8.625767e-09,0
1.45,-1.0,5.871322e-09,0
1.45,-1.0,2.7650864e-09,0
1.45,-1.0,6.591164e-09,0
1.45,-1.0,1.1861256e-08,0
1.45,-1.0,2.046008e-08,0
1.45,-1.0,5.5742962e-08,0
1.45,-1.0,2.7063875e-08,0
1.45,-1.0,7.65898e-08,0
1.45,-1.0,4.771767e-09,0
1.45,-1.0,6.7541777e-09,0
1.45,-1.0,2.0324688e-08,0
1.45,-1.0,4.9226028e-08,0
1.45,-1.0,3.51427e-08,0
1.45,-1.0,1.1134184e-08,0
1.45,-1.0,3.436229e-08,0
1.45,-1.0,1.08178355e-08,0
1.45,-1.0,6.7708936e-09,0
1.45,-1.0,2.1096018e-09,0
1.45,-1.0,1.875317e-09,0
1.45,-1.0,4.149612e-09,0
1.45,-1.0,3.888316e-09,0
1.45,-1.0,1.7358773e-09,0
1.45,-1.0,6.3121903e-09,0
1.45,-1.0,5.7505054e-09,0
1.45,-1.0,7.075415e-09,0
1.45,-1.0,2.7480775e-09,0
1.45,-1.0,1.0869189e-08,0
1.45,-1.0,4.181113e-09,0
1.45,-1.0,6.428222e-09,0
1.45,-1.0,1.4740968e-09,0
1.45,-1.0,1.4373782e-09,0
1.45,-1.0,1.9050597e-09,0
1.45,-1.0,6.4890644e-09,0
1.5,-1.0,1.0597552e-09,0
1.5,-1.0,4.9088458e-09,0
1.5,-1.0,6.477514e-09,0
1.5,-1.0,2.3674295e-08,0
1.5,-1.0,1.6747675e-08,0
1.5,-1.0,9.625051e-09,0
1.5,-1.0,2.156556e-08,0
1.5,-1.0,1.1783955e-08,0
1.5,-1.0,1.2816493e-08,0
1.5,-1.0,3.0481522e-09,0
1.5,-1.0,1.2547083e-09,0
1.5,-1.0,4.110673e-09,0
1.5,-1.0,5.0576707e-09,0
1.5,-1.0,1.5953546e-08,0
1.5,-1.0,4.5362185e-09,0
1.5,-1.0,1.5333972e-09,0
1.5,-1.0,8.3224944e-10,0
1.5,-1.0,3.8445847e-09,0
1.5,-1.0,1.7473508e-09,0
1.5,-1.0,1.6006634e-09,0
1.5,-1.0,2.5160845e-09,0
1.5,-1.0,1.9647268e-09,0
1.5,-1.0,1.2981866e-09,0
1.5,-1.0,3.8884848e-10,0
1.5,-1.0,1.4848143e-09,0
1.5,-1.0,1.9934336e-09,0
1.5,-1.0,6.5307554e-10,0
1.5,-1.0,7.107685e-10,0
1.5,-1.0,3.278738e-10,0
1.5,-1.0,1.214179e-09,0
1.5,-1.0,6.4891226e-10,0
1.5,-1.0,4.670197e-10,0
1.5,-1.0,9.190943e-10,0
1.5,-1.0,1.4827369e-09,0
1.5,-1.0,1.5497806e-09,0
1.5,-1.0,2.786506e-10,0
1.5,-1.0,1.6763253e-10,0
1.5,-1.0,1.4116539e-09,0
1.5,-1.0,6.938058e-10,0
1.5,-1.0,1.8449967e-09,0
1.5,-1.0,3.3939862e-09,0
1.5,-1.0,1.3788347e-09,0
1.5,-1.0,1.9539341e-09,0
1.5,-1.0,8.665178e-09,0
1.5,-1.0,8.410537e-09,0
1.5,-1.0,1.0263867e-08,0
1.5,-1.0,2.6509957e-08,0
1.5,-1.0,1.734905e-08,0
1.5,-1.0,1.3274453e-08,0
1.5,-1.0,4.9873474e-09,0
1.5,-1.0,3.0280098e-09,0
1.5,-1.0,4.106395e-09,0
1.5,-1.0,4.8891766e-09,0
1.5,-1.0,3.4086478e-09,0
1.5,-1.0,7.779098e-09,0
1.5,-1.0,6.7178183e-09,0
1.5,-1.0,3.7440886e-09,0
1.5,-1.0,1.5767494e-09,0
1.5,-1.0,1.3318523e-09,0
1.5,-1.0,8.4698226e-10,0
1.5,-1.0,4.122058e-09,0
1.5,-1.0,3.4198014e-10,0
1.5,-1.0,4.942807e-10,0
1.5,-1.0,8.84483e-10,0
1.5,-1.0,9.902528e-10,0
1.5,-1.0,1.200963e-09,0
1.5,-1.0,1.3893211e-08,0
1.5,-1.0,2.839527e-09,0
1.5,-1.0,3.1750829e-09,0
1.5,-1.0,3.5842782e-09,0
1.5,-1.0,4.153706e-09,0
1.5,-1.0,9.320413e-10,0
1.5,-1.0,8.035756e-10,0
1.5,-1.0,6.599199e-10,0
1.5,-1.0,1.6698863e-09,0
1.5,-1.0,3.6806744e-09,0
1.5,-1.0,6.555782e-09,0
1.5,-1.0,2.3916642e-09,0
1.5,-1.0,3.462716e-09,0
1.5,-1.0,5.2416405e-09,0
1.5,-1.0,3.970743e-09,0
1.5,-1.0,1.344848e-09,0
1.5,-1.0,4.4076445e-09,0
1.5,-1.0,3.1538792e-09,0
1.5,-1.0,1.7321169e-09,0
1.5,-1.0,2.85799e-09,0
1.5,-1.0,4.585595e-09,0
1.5,-1.0,2.4440276e-09,0
1.5,-1.0,3.687582e-09,0
1.5,-1.0,5.941608e-09,0
1.5,-1.0,4.338309e-09,0
1.5,-1.0,3.8757064e-09,0
1.5,-1.0,1.684934e-08,0
1.5,-1.0,4.055126e-09,0
1.5,-1.0,3.0208855e-09,0
1.5,-1.0,1.90647e-09,0
1.5,-1.0,1.8572944e-09,0
1.5,-1.0,1.933079e-09,0
1.5,-1.0,1.0531962e-09,0
1.5,-1.0,4.437825e-10,0
1.5,-1.0,3.0595453e-09,0
1.5,-1.0,2.9583342e-09,0
1.5,-1.0,7.882634e-09,0
1.5,-1.0,1.3339804e-09,0
1.5,-1.0,2.6339486e-09,0
1.5,-1.0,1.630628e-09,0
1.5,-1.0,3.852498e-09,0
1.5,-1.0,2.088248e-09,0
1.5,-1.0,8.2446655e-10,0
1.5,-1.0,2.6406337e-09,0
1.5,-1.0,3.570291e-09,0
1.5,-1.0,1.2136094e-09,0
1.5,-1.0,3.146933e-09,0
1.5,-1.0,6.458109e-09,0
1.5,-1.0,1.648768e-08,0
1.5,-1.0,6.377625e-09,0
1.5,-1.0,2.9558807e-09,0
1.5,-1.0,1.18546515e-08,0
1.5,-1.0,5.865714e-09,0
1.5,-1.0,1.4120175e-09,0
1.5,-1.0,1.2408264e-09,0
1.5,-1.0,2.5236833e-09,0
1.5,-1.0,2.5919262e-09,0
1.5,-1.0,1.2762891e-09,0
1.5,-1.0,1.8143187e-09,0
1.5,-1.0,1.0368679e-09,0
1.5,-1.0,1.1904108e-09,0
1.5,-1.0,2.8628677e-09,0
1.5,-1.0,1.9627044e-09,0
1.5,-1.0,1.1438073e-09,0
1.5,-1.0,1.3040932e-09,0
1.5,-1.0,1.1519232e-09,0
1.5,-1.0,1.0692818e-09,0
1.5,-1.0,1.4413434e-08,0
1.5,-1.0,3.1099732e-09,0
1.5,-1.0,2.9387464e-09,0
1.5,-1.0,3.4826462e-09,0
1.5,-1.0,1.00590505e-08,0
1.5,-1.0,8.663046e-09,0
1.5,-1.0,4.427918e-09,0
1.5,-1.0,1.7708673e-09,0
1.5,-1.0,7.61799e-10,0
1.5,-1.0,6.876336e-10,0
1.5,-1.0,1.8141068e-10,0
1.5,-1.0,5.3970306e-10,0
1.5,-1.0,3.3476826e-09,0
1.5,-1.0,2.2387612e-09,0
1.5,-1.0,1.6414186e-09,0
1.5,-1.0,2.2516298e-09,0
1.5,-1.0,6.1588343e-09,0
1.5,-1.0,1.4083675e-09,0
1.5,-1.0,1.6363045e-09,0
1.5,-1.0,5.699454e-10,0
1.5,-1.0,1.3133841e-09,0
1.5,-1.0,2.4158258e-09,0
1.5,-1.0,5.761693e-09,0
1.5,-1.0,1.7083327e-09,0
1.5,-1.0,2.000381e-09,0
1.5,-1.0,5.2308944e-09,0
1.5,-1.0,3.9432853e-09,0
1.5,-1.0,4.544775e-09,0
1.5,-1.0,9.581178e-10,0
1.5,-1.0,1.6818154e-09,0
1.5,-1.0,1.1332151e-08,0
1.5,-1.0,2.6885845e-09,0
1.5,-1.0,1.05677245e-08,0
1.5,-1.0,1.5280863e-09,0
1.5,-1.0,5.507184e-10,0
1.5,-1.0,1.0170128e-09,0
1.5,-1.0,4.673773e-09,0
1.5,-1.0,4.9953637e-09,0
1.5,-1.0,1.4373153e-09,0
1.5,-1.0,1.170818e-09,0
1.5,-1.0,1.14880924e-10,0
1.5,-1.0,2.466392e-10,0
1.5,-1.0,1.2399723e-09,0
1.5,-1.0,7.1780654e-10,0
1.5,-1.0,1.1907492e-09,0
1.5,-1.0,2.758006e-10,0
1.5,-1.0,6.4833205e-10,0
1.5,-1.0,4.8572923e-10,0
1.5,-1.0,3.5020484e-10,0
1.5,-1.0,5.8661925e-10,0
1.5,-1.0,2.1685236e-10,0
1.5,-1.0,2.4892628e-09,0
1.5,-1.0,5.780689e-10,0
1.5,-1.0,5.6938476e-10,0
1.5,-1.0,7.287906e-10,0
1.5,-1.0,1.6880727e-09,0
1.5,-1.0,1.063836e-09,0
1.5,-1.0,2.5200757e-09,0
1.5,-1.0,8.9060437e-10,0
1.5,-1.0,5.1394444e-09,0
1.5,-1.0,1.5602831e-09,0
1.5,-1.0,9.065276e-10,0
1.5,-1.0,1.1949515e-09,0
1.5,-1.0,3.4604364e-10,0
1.5,-1.0,9.578657e-10,0
1.5,-1.0,8.966209e-10,0
1.5,-1.0,3.8099537e-09,0
1.5,-1.0,9.202906e-10,0
1.5,-1.0,3.753964e-09,0
1.5,-1.0,1.1100088e-08,0
1.5,-1.0,4.4484183e-10,0
1.5,-1.0,1.1991457e-09,0
1.5,-1.0,3.309874e-09,0
1.5,-1.0,7.0163644e-09,0
1.5,-1.0,1.3288969e-08,0
1.5,-1.0,7.921294e-09,0
1.5,-1.0,3.8890353e-09,0
1.5,-1.0,6.9608332e-09,0
1.5,-1.0,5.0922755e-09,0
1.5,-1.0,7.760115e-09,0
1.5,-1.0,3.6034993e-09,0
1.5,-1.0,6.853452e-09,0
1.5,-1.0,1.045335e-09,0
1.5,-1.0,1.9673405e-09,0
1.5,-1.0,8.705815e-09,0
1.5,-1.0,2.5774374e-09,0
1.5,-1.0,1.940856e-09,0
1.5,-1.0,2.1763105e-09,0
1.5,-1.0,6.0283636e-09,0
1.5,-1.0,3.4982648e-09,0
1.5,-1.0,2.2396711e-09,0
1.5,-1.0,1.5327012e-09,0
1.5,-1.0,1.0664553e-08,0
1.5,-1.0,4.2634074e-09,0
1.5,-1.0,1.7717356e-09,0
1.5,-1.0,1.2694259e-09,0
1.5,-1.0,2.717077e-09,0
1.5,-1.0,4.717083e-09,0
1.5,-1.0,4.158954e-09,0
1.5,-1.0,9.056651e-10,0
1.5,-1.0,1.9796191e-09,0
1.5,-1.0,3.0689669e-09,0
1.5,-1.0,1.6725258e-09,0
1.5,-1.0,2.591694e-09,0
1.5,-1.0,2.4947857e-09,0
1.5,-1.0,3.5465157e-09,0
1.5,-1.0,6.324036e-09,0
1.5,-1.0,3.8309915e-09,0
1.5,-1.0,4.3180095e-09,0
1.5,-1.0,1.8965796e-09,0
1.5,-1.0,2.1668833e-09,0
1.5,-1.0,3.677545e-09,0
1.5,-1.0,2.9734555e-09,0
1.5,-1.0,2.5815174e-08,0
1.5,-1.0,4.565862e-09,0
1.5,-1.0,1.1711447e-08,0
1.5,-1.0,4.811186e-08,0
