T,y_true,P_helical
0.5,1.0,1.0
0.5,1.0,1.0
0.5,1.0,1.0
0.5,1.0,1.0
0.5,1.0,1.0
0.5,1.0,1.0
0.5,1.0,1.0
0.5,1.0,1.0
0.5,1.0,1.0
0.5,1.0,1.0
0.5,1.0,1.0
0.5,1.0,1.0
0.5,1.0,1.0
0.5,1.0,1.0
0.5,1.0,1.0
0.5,1.0,1.0
0.5,1.0,1.0
0.5,1.0,1.0
0.5,1.0,1.0
0.5,1.0,1.0
0.5,1.0,1.0
0.5,1.0,1.0
0.5,1.0,1.0
0.5,1.0,1.0
0.5,1.0,1.0
0.5,1.0,1.0
0.5,1.0,1.0
0.5,1.0,1.0
0.5,1.0,1.0
0.5,1.0,1.0
0.5,1.0,1.0
0.5,1.0,1.0
0.5,1.0,1.0
0.5,1.0,1.0
0.5,1.0,1.0
0.5,1.0,1.0
0.5,1.0,1.0
0.5,1.0,1.0
0.5,1.0,1.0
0.5,1.0,1.0
0.5,1.0,1.0
0.5,1.0,1.0
0.5,1.0,1.0
0.5,1.0,1.0
0.5,1.0,1.0
0.5,1.0,1.0
0.5,1.0,1.0
0.5,1.0,1.0
0.5,1.0,1.0
0.5,1.0,1.0
0.5,1.0,1.0
0.5,1.0,1.0
0.5,1.0,1.0
0.5,1.0,1.0
0.5,1.0,0.9999999
0.5,1.0,1.0
0.5,1.0,1.0
0.5,1.0,1.0
0.5,1.0,1.0
0.5,1.0,1.0
0.5,1.0,1.0
0.5,1.0,1.0
0.5,1.0,1.0
0.5,1.0,1.0
0.5,1.0,1.0
0.5,1.0,1.0
0.5,1.0,1.0
0.5,1.0,1.0
0.5,1.0,1.0
0.5,1.0,1.0
0.5,1.0,1.0
0.5,1.0,1.0
0.5,1.0,1.0
0.5,1.0,1.0
0.5,1.0,1.0
0.5,1.0,1.0
0.5,1.0,1.0
0.5,1.0,1.0
0.5,1.0,1.0
0.5,1.0,1.0
0.5,1.0,1.0
0.5,1.0,1.0
0.5,1.0,1.0
0.5,1.0,1.0
0.5,1.0,1.0
0.5,1.0,1.0
0.5,1.0,1.0
0.5,1.0,1.0
0.5,1.0,1.0
0.5,1.0,1.0
0.5,1.0,1.0
0.5,1.0,1.0
0.5,1.0,1.0
0.5,1.0,1.0
0.5,1.0,0.9999999
0.5,1.0,1.0
0.5,1.0,1.0
0.5,1.0,0.9999999
0.5,1.0,0.99999976
0.5,1.0,0.9999999
0.6,1.0,1.0
0.6,1.0,0.9999999
0.6,1.0,1.0
0.6,1.0,1.0
0.6,1.0,1.0
0.6,1.0,1.0
0.6,1.0,0.9999999
0.6,1.0,1.0
0.6,1.0,1.0
0.6,1.0,1.0
0.6,1.0,0.99999976
0.6,1.0,1.0
0.6,1.0,0.99999976
0.6,1.0,1.0
0.6,1.0,0.9999999
0.6,1.0,0.9999999
0.6,1.0,0.9999999
0.6,1.0,0.9999999
0.6,1.0,0.9999999
0.6,1.0,0.9999995
0.6,1.0,0.99999857
0.6,1.0,0.9999914
0.6,1.0,0.99999917
0.6,1.0,0.99999833
0.6,1.0,0.99999964
0.6,1.0,0.9999889
0.6,1.0,0.9999627
0.6,1.0,0.99999
0.6,1.0,0.99999535
0.6,1.0,0.99999154
0.6,1.0,0.999997
0.6,1.0,0.9999995
0.6,1.0,0.9999994
0.6,1.0,0.9999995
0.6,1.0,0.9999974
0.6,1.0,0.99999905
0.6,1.0,0.99999857
0.6,1.0,0.99998975
0.6,1.0,0.99998856
0.6,1.0,0.99999857
0.6,1.0,0.9999945
0.6,1.0,0.9999989
0.6,1.0,0.99999774
0.6,1.0,0.9999838
0.6,1.0,0.99999845
0.6,1.0,0.99999166
0.6,1.0,0.9999982
0.6,1.0,0.9999968
0.6,1.0,0.9999908
0.6,1.0,0.9999987
1.8,0.0,8.583032e-05
1.8,0.0,6.941882e-07
1.8,0.0,1.7822388e-06
1.8,0.0,5.692344e-08
1.8,0.0,1.8930018e-09
1.8,0.0,7.2611097e-06
1.8,0.0,2.0817555e-07
1.8,0.0,0.00014534305
1.8,0.0,3.80684e-07
1.8,0.0,7.99479e-06
1.8,0.0,9.629554e-08
1.8,0.0,7.894532e-10
1.8,0.0,8.74958e-07
1.8,0.0,3.4058718e-07
1.8,0.0,1.2551815e-06
1.8,0.0,8.980686e-06
1.8,0.0,2.7079863e-05
1.8,0.0,0.00012045629
1.8,0.0,7.2523276e-06
1.8,0.0,6.7501624e-08
1.8,0.0,2.0283617e-06
1.8,0.0,1.0397836e-06
1.8,0.0,5.797556e-08
1.8,0.0,5.167244e-07
1.8,0.0,8.129446e-07
1.8,0.0,9.172489e-06
1.8,0.0,1.3959199e-06
1.8,0.0,1.1149112e-06
1.8,0.0,4.2345953e-05
1.8,0.0,3.8256885e-06
1.8,0.0,6.2949744e-05
1.8,0.0,1.0523202e-06
1.8,0.0,1.3033949e-05
1.8,0.0,4.235035e-08
1.8,0.0,2.8740692e-07
1.8,0.0,4.9460832e-05
1.8,0.0,3.7926534e-06
1.8,0.0,5.309695e-07
1.8,0.0,2.2054497e-08
1.8,0.0,1.0485692e-05
1.8,0.0,4.614102e-08
1.8,0.0,5.8116482e-05
1.8,0.0,4.823075e-06
1.8,0.0,0.001195076
1.8,0.0,4.3428877e-06
1.8,0.0,0.00013858234
1.8,0.0,0.022500616
1.8,0.0,1.0932082e-06
1.8,0.0,5.527712e-06
1.8,0.0,2.434413e-07
1.8,0.0,5.1403885e-07
1.8,0.0,3.236163e-05
1.8,0.0,1.951252e-05
1.8,0.0,0.0006865472
1.8,0.0,4.603783e-06
1.8,0.0,7.481445e-07
1.8,0.0,2.8535365e-07
1.8,0.0,8.910959e-07
1.8,0.0,6.137139e-05
1.8,0.0,0.00030548606
1.8,0.0,8.3306077e-07
1.8,0.0,3.2549804e-07
1.8,0.0,6.0911658e-05
1.8,0.0,2.0904283e-05
1.8,0.0,9.03985e-05
1.8,0.0,2.3371954e-06
1.8,0.0,3.9028063e-08
1.8,0.0,1.5132132e-06
1.8,0.0,0.00038307335
1.8,0.0,1.2564553e-05
1.8,0.0,0.0005176626
1.8,0.0,0.000107088956
1.8,0.0,1.4725947e-07
1.8,0.0,9.649687e-06
1.8,0.0,1.883286e-05
1.8,0.0,3.902576e-06
1.8,0.0,8.0528196e-05
1.8,0.0,1.6087819e-06
1.8,0.0,1.54895e-05
1.8,0.0,7.529029e-08
1.8,0.0,2.3313977e-07
1.8,0.0,1.0516296e-05
1.8,0.0,0.0001371115
1.8,0.0,1.571765e-06
1.8,0.0,0.00036458383
1.8,0.0,8.43534e-06
1.8,0.0,6.1328573e-09
1.8,0.0,3.3755373e-07
1.8,0.0,6.214652e-07
1.8,0.0,1.2596039e-06
1.8,0.0,1.1898619e-06
1.8,0.0,0.00031627464
1.8,0.0,9.696189e-05
1.8,0.0,2.1759583e-06
1.8,0.0,5.0557287e-06
1.8,0.0,7.3988936e-06
1.8,0.0,7.911429e-06
1.8,0.0,6.9625145e-05
1.8,0.0,3.730858e-05
1.8,0.0,7.528475e-07
1.8,0.0,1.5694956e-06
1.8,0.0,7.8966174e-08
1.8,0.0,8.2884884e-07
1.8,0.0,5.412189e-08
1.8,0.0,0.000144161
1.8,0.0,7.9014296e-07
1.8,0.0,8.933917e-06
1.8,0.0,3.7616603e-05
1.8,0.0,1.3921774e-06
1.8,0.0,2.3044868e-07
1.8,0.0,5.776185e-09
1.8,0.0,9.153901e-06
1.8,0.0,7.974157e-08
1.8,0.0,4.086047e-06
1.8,0.0,2.5442938e-07
1.8,0.0,2.0426374e-05
1.8,0.0,3.3249717e-06
1.8,0.0,2.739862e-08
1.8,0.0,6.0471774e-07
1.8,0.0,0.00018237234
1.8,0.0,1.7004412e-07
1.8,0.0,2.5817446e-06
1.8,0.0,0.0005583599
1.8,0.0,0.0064358795
1.8,0.0,6.0341576e-06
1.8,0.0,7.2797125e-06
1.8,0.0,0.0006062386
1.8,0.0,1.0739224e-05
1.8,0.0,6.2769714e-06
1.8,0.0,7.867569e-09
1.8,0.0,8.174484e-05
1.8,0.0,1.9886782e-06
1.8,0.0,2.141409e-05
1.8,0.0,7.7705015e-05
1.8,0.0,1.9442845e-05
1.8,0.0,7.3091425e-05
1.8,0.0,1.8323801e-07
1.8,0.0,0.00012384534
1.8,0.0,3.481725e-05
1.8,0.0,0.0014970496
1.8,0.0,4.7746466e-06
1.8,0.0,3.4839737e-05
1.8,0.0,1.6037427e-05
1.8,0.0,1.13195355e-08
1.8,0.0,2.2764256e-05
1.8,0.0,1.1127389e-06
1.8,0.0,2.1091611e-07
1.8,0.0,9.228679e-09
1.8,0.0,4.8913332e-08
1.8,0.0,1.8898209e-06
1.8,0.0,9.0119755e-07
1.8,0.0,6.3894015e-07
1.8,0.0,0.00023815424
1.8,0.0,3.3870924e-06
1.8,0.0,0.00040108798
1.8,0.0,0.00026051607
1.8,0.0,3.437554e-07
1.8,0.0,1.306667e-10
1.8,0.0,4.101903e-08
1.8,0.0,0.00013797371
1.8,0.0,6.1902693e-07
1.8,0.0,2.39007e-07
1.8,0.0,1.7153426e-06
1.8,0.0,2.1525373e-07
1.8,0.0,8.473644e-08
1.8,0.0,1.4653256e-06
1.8,0.0,0.0008470179
1.8,0.0,0.00017866235
1.8,0.0,2.8168779e-05
1.8,0.0,2.2639488e-06
1.8,0.0,1.0956423e-08
1.8,0.0,1.6966764e-07
1.8,0.0,2.1682287e-07
1.8,0.0,1.2465246e-06
1.8,0.0,2.2174559e-06
1.8,0.0,0.00027284466
1.8,0.0,8.643143e-07
1.8,0.0,2.6074136e-07
1.8,0.0,1.8270042e-09
1.8,0.0,1.1646352e-09
1.8,0.0,5.3624583e-05
1.8,0.0,0.0002880432
1.8,0.0,1.5447458e-05
1.8,0.0,4.9393634e-07
1.8,0.0,6.2675203e-06
1.8,0.0,5.6980355e-07
1.8,0.0,3.4225917e-07
1.8,0.0,5.8932525e-05
1.8,0.0,3.188082e-06
1.8,0.0,0.00032911723
1.8,0.0,7.4369984e-07
1.8,0.0,7.1119143e-07
1.8,0.0,4.9346926e-07
1.8,0.0,6.055101e-07
1.8,0.0,2.0569094e-05
1.8,0.0,1.09768e-07
1.8,0.0,2.900608e-07
1.8,0.0,9.892324e-08
1.8,0.0,2.676098e-06
1.8,0.0,1.2568188e-06
1.8,0.0,6.871967e-05
1.8,0.0,1.1983918e-05
1.8,0.0,1.00486e-06
1.8,0.0,8.237376e-06
1.8,0.0,5.5013622e-08
1.8,0.0,6.1014276e-07
1.8,0.0,5.511631e-06
1.8,0.0,1.0642069e-06
1.8,0.0,2.1927741e-08
1.8,0.0,3.1009396e-05
1.8,0.0,2.4592682e-05
1.8,0.0,9.031722e-06
1.8,0.0,1.1633629e-05
1.8,0.0,2.4057283e-06
1.8,0.0,5.2307805e-05
1.8,0.0,0.0010481337
1.8,0.0,6.8982365e-05
1.8,0.0,4.8475467e-06
1.8,0.0,4.8145275e-06
1.8,0.0,0.00026200764
1.8,0.0,2.402202e-05
1.8,0.0,3.330745e-05
1.8,0.0,8.741242e-05
1.8,0.0,2.4830456e-07
1.8,0.0,9.357148e-05
1.8,0.0,0.00043444865
1.8,0.0,8.319902e-06
1.8,0.0,5.146871e-06
1.8,0.0,3.942362e-06
1.8,0.0,1.0317222e-05
1.8,0.0,8.298266e-08
1.8,0.0,3.3961896e-08
1.8,0.0,1.0996871e-06
1.8,0.0,4.138271e-06
1.8,0.0,2.1102232e-07
1.8,0.0,2.439815e-06
1.8,0.0,5.4497814e-08
1.8,0.0,2.6768159e-05
1.8,0.0,3.0943597e-06
1.8,0.0,2.9400871e-05
1.8,0.0,8.424639e-06
1.8,0.0,4.3007035e-06
1.8,0.0,1.15826055e-07
1.8,0.0,1.9279453e-06
1.8,0.0,0.00077340665
1.8,0.0,1.57103e-05
1.8,0.0,4.8375764e-08
1.8,0.0,3.7054593e-05
1.8,0.0,6.053004e-06
1.8,0.0,3.481154e-08
1.85,0.0,1.9387887e-06
1.85,0.0,7.31154e-08
1.85,0.0,4.669436e-07
1.85,0.0,4.1507647e-06
1.85,0.0,0.00016035273
1.85,0.0,1.235586e-05
1.85,0.0,3.24142e-05
1.85,0.0,6.8856207e-06
1.85,0.0,4.5127216e-08
1.85,0.0,1.0160172e-07
1.85,0.0,1.1619392e-05
1.85,0.0,3.036901e-08
1.85,0.0,5.6921215e-07
1.85,0.0,0.00022017577
1.85,0.0,3.7874295e-05
1.85,0.0,3.0865435e-06
1.85,0.0,0.007296386
1.85,0.0,1.2798901e-06
1.85,0.0,3.816085e-09
1.85,0.0,2.8660259e-05
1.85,0.0,5.7462756e-08
1.85,0.0,8.9921446e-07
1.85,0.0,6.127876e-05
1.85,0.0,1.9487266e-05
1.85,0.0,0.0004945938
1.85,0.0,6.4254564e-05
1.85,0.0,4.5408697e-07
1.85,0.0,3.3801387e-06
1.85,0.0,9.9483455e-05
1.85,0.0,9.28857e-06
1.85,0.0,1.872214e-05
1.85,0.0,2.8699726e-05
1.85,0.0,4.7457016e-07
1.85,0.0,1.670381e-05
1.85,0.0,2.929291e-07
1.85,0.0,1.7332964e-06
1.85,0.0,6.0510323e-05
1.85,0.0,2.1595882e-07
1.85,0.0,1.491569e-05
1.85,0.0,2.2265094e-05
1.85,0.0,5.2905484e-08
1.85,0.0,0.00021240581
1.85,0.0,1.939495e-08
1.85,0.0,0.00015521338
1.85,0.0,1.1710736e-07
1.85,0.0,1.257958e-06
1.85,0.0,0.00020804351
1.85,0.0,4.2026368e-05
1.85,0.0,4.9355373e-09
1.85,0.0,2.0726175e-07
1.85,0.0,2.2158271e-07
1.85,0.0,8.758965e-05
1.85,0.0,8.3984196e-07
1.85,0.0,6.211452e-07
1.85,0.0,5.7111206e-06
1.85,0.0,3.8627527e-06
1.85,0.0,2.4687138e-06
1.85,0.0,2.7596154e-05
1.85,0.0,3.6815018e-07
1.85,0.0,5.25391e-07
1.85,0.0,3.2514766e-08
1.85,0.0,3.4701625e-08
1.85,0.0,2.7809749e-05
1.85,0.0,0.00013218206
1.85,0.0,0.0008080632
1.85,0.0,5.4338725e-05
1.85,0.0,1.2462663e-05
1.85,0.0,5.2966143e-06
1.85,0.0,4.776769e-06
1.85,0.0,1.0614024e-06
1.85,0.0,5.219614e-05
1.85,0.0,1.6701757e-05
1.85,0.0,0.00044689435
1.85,0.0,0.013173234
1.85,0.0,1.4555332e-06
1.85,0.0,1.6297153e-07
1.85,0.0,1.4478658e-05
1.85,0.0,6.378671e-06
1.85,0.0,1.3336584e-07
1.85,0.0,1.5271378e-07
1.85,0.0,3.142526e-08
1.85,0.0,6.628781e-07
1.85,0.0,6.205849e-06
1.85,0.0,0.00019311538
1.85,0.0,6.957451e-07
1.85,0.0,7.7131635e-06
1.85,0.0,7.530664e-05
1.85,0.0,9.606454e-07
1.85,0.0,1.7789021e-07
1.85,0.0,8.1099785e-07
1.85,0.0,2.1791111e-08
1.85,0.0,1.2460052e-06
1.85,0.0,3.5371697e-05
1.85,0.0,4.3827364e-10
1.85,0.0,0.00035978685
1.85,0.0,3.4827658e-06
1.85,0.0,2.8297782e-07
1.85,0.0,7.7721175e-05
1.85,0.0,1.7438392e-08
1.85,0.0,5.172424e-06
1.85,0.0,0.00017109075
1.85,0.0,4.3335212e-06
1.85,0.0,6.2805157e-06
1.85,0.0,7.299693e-09
1.85,0.0,6.3470836e-08
1.85,0.0,5.0840484e-08
1.85,0.0,1.966777e-06
1.85,0.0,1.1742469e-06
1.85,0.0,3.686761e-08
1.85,0.0,6.59118e-08
1.85,0.0,3.093097e-06
1.85,0.0,0.0001088749
1.85,0.0,1.7809809e-05
1.85,0.0,2.0833943e-09
1.85,0.0,1.0144748e-09
1.85,0.0,1.0364334e-06
1.85,0.0,2.8771192e-05
1.85,0.0,5.139622e-06
1.85,0.0,2.1646143e-05
1.85,0.0,0.00012671576
1.85,0.0,3.2565029e-06
1.85,0.0,6.2122617e-06
1.85,0.0,7.716281e-07
1.85,0.0,8.403513e-09
1.85,0.0,8.803866e-05
1.85,0.0,8.034599e-08
1.85,0.0,0.000111488385
1.85,0.0,4.7104863e-06
1.85,0.0,1.0360271e-05
1.85,0.0,7.7828247e-07
1.85,0.0,4.5898407e-08
1.85,0.0,2.8506583e-06
1.85,0.0,2.3347761e-06
1.85,0.0,4.1223583e-08
1.85,0.0,6.2124443e-09
1.85,0.0,4.627375e-08
1.85,0.0,5.107516e-07
1.85,0.0,0.00030881053
1.85,0.0,3.522231e-05
1.85,0.0,2.7056993e-05
1.85,0.0,0.0018937341
1.85,0.0,1.0693047e-06
1.85,0.0,1.3326454e-06
1.85,0.0,2.3845543e-05
1.85,0.0,5.334311e-07
1.85,0.0,4.1661587e-11
1.85,0.0,3.146587e-07
1.85,0.0,6.693868e-05
1.85,0.0,2.1762344e-06
1.85,0.0,1.3098678e-07
1.85,0.0,2.455763e-07
1.85,0.0,2.1944345e-06
1.85,0.0,5.1036436e-06
1.85,0.0,8.089453e-06
1.85,0.0,7.243772e-05
1.85,0.0,4.3441096e-06
1.85,0.0,3.900362e-06
1.85,0.0,5.749878e-06
1.85,0.0,0.0007604974
1.85,0.0,3.648197e-08
1.85,0.0,1.212907e-07
1.85,0.0,5.9058264e-05
1.85,0.0,2.1711141e-05
1.85,0.0,1.5105343e-06
1.85,0.0,7.0927933e-07
1.85,0.0,7.798607e-05
1.85,0.0,2.5664445e-05
1.85,0.0,3.1612439e-07
1.85,0.0,1.1510507e-06
1.85,0.0,2.1277397e-07
1.85,0.0,4.49898e-08
1.85,0.0,7.610357e-05
1.85,0.0,4.7414764e-07
1.85,0.0,0.00038661514
1.85,0.0,6.990659e-06
1.85,0.0,1.8503972e-05
1.85,0.0,2.606638e-06
1.85,0.0,1.0674488e-05
1.85,0.0,1.2105443e-06
1.85,0.0,0.00027431865
1.85,0.0,1.7198059e-06
1.85,0.0,5.9115973e-06
1.85,0.0,2.8790341e-06
1.85,0.0,0.00015356197
1.85,0.0,7.139096e-05
1.85,0.0,5.177532e-06
1.85,0.0,2.2319125e-06
1.85,0.0,1.1865514e-07
1.85,0.0,3.0782305e-06
1.85,0.0,3.4683937e-06
1.85,0.0,0.00012875874
1.85,0.0,3.031565e-06
1.85,0.0,5.9976406e-07
1.85,0.0,5.6731437e-06
1.85,0.0,0.00035483547
1.85,0.0,2.2006501e-05
1.85,0.0,2.2355232e-06
1.85,0.0,8.901894e-05
1.85,0.0,1.5172014e-09
1.85,0.0,9.249089e-08
1.85,0.0,1.5093856e-05
1.85,0.0,6.588858e-05
1.85,0.0,3.9510567e-08
1.85,0.0,6.0849875e-06
1.85,0.0,0.0015778203
1.85,0.0,3.2378608e-05
1.85,0.0,1.3450559e-05
1.85,0.0,6.5781096e-05
1.85,0.0,3.0084582e-06
1.85,0.0,2.5687478e-07
1.85,0.0,0.00038285324
1.85,0.0,1.514871e-05
1.85,0.0,3.2150098e-07
1.85,0.0,9.633069e-07
1.85,0.0,3.106617e-07
1.85,0.0,2.2215358e-05
1.85,0.0,2.4432936e-06
1.85,0.0,0.00040909514
1.85,0.0,9.86118e-07
1.85,0.0,1.6339358e-07
1.85,0.0,1.152131e-05
1.85,0.0,0.00013853425
1.85,0.0,9.118866e-06
1.85,0.0,5.2665264e-08
1.85,0.0,0.00067907036
1.85,0.0,1.9680327e-07
1.85,0.0,5.4127536e-06
1.85,0.0,2.7491544e-06
1.85,0.0,1.9348069e-07
1.85,0.0,1.490162e-07
1.85,0.0,0.0065447628
1.85,0.0,4.600842e-06
1.85,0.0,3.655947e-07
1.85,0.0,6.045643e-06
1.85,0.0,1.9629755e-07
1.85,0.0,1.1627551e-05
1.85,0.0,1.3254853e-06
1.85,0.0,0.00018422407
1.85,0.0,3.2630865e-05
1.85,0.0,5.349459e-05
1.85,0.0,0.00062358443
1.85,0.0,2.4148308e-06
1.85,0.0,2.7859176e-05
1.85,0.0,1.0300188e-06
1.85,0.0,1.2226326e-05
1.85,0.0,5.91927e-07
1.85,0.0,4.9634266e-08
1.85,0.0,9.424097e-06
1.85,0.0,1.7827045e-06
1.85,0.0,9.592503e-07
0.6,1.0,1.0
0.6,1.0,1.0
0.6,1.0,1.0
0.6,1.0,1.0
0.6,1.0,1.0
0.6,1.0,1.0
0.6,1.0,1.0
0.6,1.0,0.9999999
0.6,1.0,0.9999999
0.6,1.0,0.9999999
0.6,1.0,1.0
0.6,1.0,1.0
0.6,1.0,1.0
0.6,1.0,1.0
0.6,1.0,1.0
0.6,1.0,0.9999999
0.6,1.0,1.0
0.6,1.0,1.0
0.6,1.0,0.9999999
0.6,1.0,0.9999999
0.6,1.0,0.9999999
0.6,1.0,0.9999999
0.6,1.0,1.0
0.6,1.0,1.0
0.6,1.0,0.999998
0.6,1.0,0.99999976
0.6,1.0,0.99999976
0.6,1.0,1.0
0.6,1.0,0.99999917
0.6,1.0,0.9999995
0.6,1.0,0.9999999
0.6,1.0,1.0
0.6,1.0,0.99999857
0.6,1.0,0.99999976
0.6,1.0,1.0
0.6,1.0,1.0
0.6,1.0,0.9999999
0.6,1.0,0.99999964
0.6,1.0,1.0
0.6,1.0,1.0
0.6,1.0,1.0
0.6,1.0,0.99999976
0.6,1.0,1.0
0.6,1.0,0.9999999
0.6,1.0,0.9999999
0.6,1.0,0.9999969
0.6,1.0,0.99999964
0.6,1.0,0.9999988
0.6,1.0,0.9999988
0.6,1.0,0.9999994
1.9,0.0,1.4731354e-07
1.9,0.0,2.0833613e-06
1.9,0.0,0.0067064767
1.9,0.0,1.2588169e-05
1.9,0.0,4.41153e-06
1.9,0.0,6.500529e-05
1.9,0.0,7.392943e-07
1.9,0.0,2.889033e-09
1.9,0.0,6.127032e-10
1.9,0.0,2.84013e-06
1.9,0.0,5.5062565e-06
1.9,0.0,7.524688e-06
1.9,0.0,2.547382e-07
1.9,0.0,6.3265275e-06
1.9,0.0,2.124278e-06
1.9,0.0,1.2533581e-05
1.9,0.0,2.025125e-05
1.9,0.0,7.645939e-06
1.9,0.0,3.2340104e-08
1.9,0.0,1.5398055e-06
1.9,0.0,1.8925906e-05
1.9,0.0,1.5966558e-05
1.9,0.0,1.2330246e-05
1.9,0.0,3.942461e-05
1.9,0.0,6.283376e-07
1.9,0.0,2.0657858e-07
1.9,0.0,2.6073812e-06
1.9,0.0,1.3231338e-05
1.9,0.0,1.1148974e-05
1.9,0.0,8.0022655e-06
1.9,0.0,3.4005307e-06
1.9,0.0,1.5626772e-05
1.9,0.0,1.528174e-05
1.9,0.0,6.6725e-07
1.9,0.0,2.3130764e-09
1.9,0.0,5.8315813e-08
1.9,0.0,2.6286001e-08
1.9,0.0,9.865168e-09
1.9,0.0,9.255607e-05
1.9,0.0,0.0002690794
1.9,0.0,5.5600566e-08
1.9,0.0,1.2678419e-05
1.9,0.0,8.68858e-07
1.9,0.0,1.6885923e-06
1.9,0.0,2.9906796e-06
1.9,0.0,4.86152e-07
1.9,0.0,0.0008952334
1.9,0.0,5.8099204e-08
1.9,0.0,2.356344e-06
1.9,0.0,6.302344e-06
1.9,0.0,2.540002e-05
1.9,0.0,6.952828e-07
1.9,0.0,4.10928e-08
1.9,0.0,9.9675926e-05
1.9,0.0,0.0001201461
1.9,0.0,6.8211773e-07
1.9,0.0,3.1550677e-05
1.9,0.0,1.294397e-05
1.9,0.0,7.6507455e-08
1.9,0.0,9.682602e-07
1.9,0.0,0.00017489401
1.9,0.0,0.0003180499
1.9,0.0,2.766039e-05
1.9,0.0,2.2129886e-07
1.9,0.0,5.3075205e-06
1.9,0.0,3.580158e-06
1.9,0.0,7.2674135e-05
1.9,0.0,2.8259374e-06
1.9,0.0,8.384881e-08
1.9,0.0,3.9083716e-06
1.9,0.0,0.00013335134
1.9,0.0,2.0767607e-07
1.9,0.0,2.7637439e-06
1.9,0.0,1.0136273e-05
1.9,0.0,9.730435e-06
1.9,0.0,9.743302e-07
1.9,0.0,1.2975337e-05
1.9,0.0,3.097783e-05
1.9,0.0,9.256658e-07
1.9,0.0,1.0141272e-06
1.9,0.0,5.044262e-06
1.9,0.0,5.012828e-05
1.9,0.0,1.4304153e-06
1.9,0.0,9.185851e-08
1.9,0.0,9.816217e-07
1.9,0.0,4.6349452e-08
1.9,0.0,7.920531e-05
1.9,0.0,3.9891944e-05
1.9,0.0,5.3468375e-06
1.9,0.0,8.690437e-07
1.9,0.0,1.8338376e-06
1.9,0.0,6.421349e-07
1.9,0.0,1.1759699e-07
1.9,0.0,3.932929e-06
1.9,0.0,2.2403528e-06
1.9,0.0,0.00012554805
1.9,0.0,2.9482293e-05
1.9,0.0,6.4295023e-06
1.9,0.0,1.3529217e-06
1.9,0.0,9.06733e-05
1.9,0.0,2.3680194e-07
1.9,0.0,4.459664e-06
1.9,0.0,3.4379515e-09
1.9,0.0,1.5557704e-07
1.9,0.0,3.4473414e-05
1.9,0.0,3.1000056e-07
1.9,0.0,4.445774e-06
1.9,0.0,2.3408345e-08
1.9,0.0,8.596421e-06
1.9,0.0,3.906276e-05
1.9,0.0,3.395858e-06
1.9,0.0,2.1313942e-06
1.9,0.0,9.3285826e-07
1.9,0.0,0.00011832594
1.9,0.0,2.1019427e-05
1.9,0.0,0.00016980067
1.9,0.0,0.0067594056
1.9,0.0,0.00034054474
1.9,0.0,1.7961094e-07
1.9,0.0,6.113879e-05
1.9,0.0,0.0014122288
1.9,0.0,4.2176565e-05
1.9,0.0,7.1933937e-07
1.9,0.0,4.355598e-05
1.9,0.0,2.4475733e-06
1.9,0.0,2.0318414e-07
1.9,0.0,5.084824e-08
1.9,0.0,5.452993e-08
1.9,0.0,4.4125764e-07
1.9,0.0,6.0496597e-05
1.9,0.0,1.5255268e-05
1.9,0.0,1.6279246e-05
1.9,0.0,0.00073261047
1.9,0.0,1.596199e-05
1.9,0.0,7.838431e-06
1.9,0.0,6.8747426e-08
1.9,0.0,1.3595655e-07
1.9,0.0,6.3506496e-07
1.9,0.0,8.653587e-08
1.9,0.0,1.074111e-07
1.9,0.0,1.5617792e-06
1.9,0.0,6.069694e-08
1.9,0.0,0.000106037136
1.9,0.0,6.99168e-08
1.9,0.0,1.6161032e-07
1.9,0.0,1.0295615e-07
1.9,0.0,4.097913e-09
1.9,0.0,1.8521693e-08
1.9,0.0,3.6499583e-07
1.9,0.0,1.3124968e-05
1.9,0.0,2.5856278e-07
1.9,0.0,1.809149e-09
1.9,0.0,2.8211172e-05
1.9,0.0,6.8874606e-08
1.9,0.0,0.001119327
1.9,0.0,3.355661e-06
1.9,0.0,0.003122047
1.9,0.0,2.601718e-07
1.9,0.0,6.341795e-07
1.9,0.0,6.425885e-06
1.9,0.0,1.4628106e-05
1.9,0.0,3.6559857e-05
1.9,0.0,3.2606542e-05
1.9,0.0,6.789364e-08
1.9,0.0,2.4208784e-05
1.9,0.0,2.3608594e-08
1.9,0.0,6.284137e-07
1.9,0.0,1.0122083e-06
1.9,0.0,7.427303e-08
1.9,0.0,3.8024967e-07
1.9,0.0,2.3278942e-07
1.9,0.0,2.715694e-09
1.9,0.0,3.9458303e-08
1.9,0.0,1.1097721e-07
1.9,0.0,1.964516e-06
1.9,0.0,2.668071e-07
1.9,0.0,5.1242944e-07
1.9,0.0,1.9284528e-06
1.9,0.0,2.1102364e-06
1.9,0.0,9.398095e-06
1.9,0.0,5.7288537e-07
1.9,0.0,5.233586e-07
1.9,0.0,1.8520847e-06
1.9,0.0,1.1808196e-06
1.9,0.0,1.572687e-07
1.9,0.0,0.00017618081
1.9,0.0,5.2355663e-06
1.9,0.0,5.076471e-07
1.9,0.0,0.00024404148
1.9,0.0,0.011169317
1.9,0.0,0.00042943886
1.9,0.0,7.628713e-08
1.9,0.0,2.9968464e-06
1.9,0.0,5.3905853e-07
1.9,0.0,2.7308988e-05
1.9,0.0,1.3055941e-06
1.9,0.0,2.9429877e-05
1.9,0.0,1.826913e-06
1.9,0.0,0.0002326305
1.9,0.0,2.2406564e-06
1.9,0.0,1.6676661e-07
1.9,0.0,2.5343677e-06
1.9,0.0,1.0654367e-06
1.9,0.0,1.495931e-10
1.9,0.0,7.8297563e-07
1.9,0.0,0.000135751
1.9,0.0,2.0722648e-06
1.9,0.0,0.016011994
1.9,0.0,2.1402577e-07
1.9,0.0,5.125541e-07
1.9,0.0,8.556308e-07
1.9,0.0,3.1743148e-06
1.9,0.0,1.4908104e-06
1.9,0.0,1.4065059e-06
1.9,0.0,1.0150623e-07
1.9,0.0,1.1365785e-09
1.9,0.0,1.435477e-09
1.9,0.0,5.562756e-07
1.9,0.0,6.7429076e-11
1.9,0.0,6.7452197e-07
1.9,0.0,3.4206554e-05
1.9,0.0,3.4839343e-07
1.9,0.0,0.0002889123
1.9,0.0,2.868319e-07
1.9,0.0,3.373803e-05
1.9,0.0,4.6333244e-06
1.9,0.0,3.3910421e-06
1.9,0.0,1.733619e-05
1.9,0.0,3.6243575e-09
1.9,0.0,6.4408346e-07
1.9,0.0,0.00018351508
1.9,0.0,4.1609077e-05
1.9,0.0,5.391379e-06
1.9,0.0,4.847847e-05
1.9,0.0,2.9746665e-05
1.9,0.0,4.233158e-05
1.9,0.0,5.472165e-07
1.9,0.0,3.8002597e-08
1.9,0.0,4.0972512e-07
1.9,0.0,2.5433057e-05
1.9,0.0,7.329607e-07
1.9,0.0,5.9055174e-06
1.9,0.0,1.9082087e-07
1.9,0.0,1.1391991e-07
1.9,0.0,8.2861e-09
1.9,0.0,1.730281e-05
1.9,0.0,8.915102e-10
1.9,0.0,1.9331968e-07
1.9,0.0,4.395692e-07
1.9,0.0,7.9067306e-08
1.95,0.0,2.4082206e-05
1.95,0.0,8.202664e-09
1.95,0.0,0.0002330043
1.95,0.0,4.784398e-05
1.95,0.0,7.437175e-05
1.95,0.0,8.183373e-06
1.95,0.0,3.974006e-05
1.95,0.0,7.2457414e-07
1.95,0.0,5.205634e-06
1.95,0.0,2.79879e-05
1.95,0.0,2.201191e-07
1.95,0.0,1.6571186e-06
1.95,0.0,0.00013692598
1.95,0.0,0.00015113674
1.95,0.0,2.3920886e-05
1.95,0.0,2.111214e-05
1.95,0.0,8.8265115e-05
1.95,0.0,4.5600996e-06
1.95,0.0,8.953807e-09
1.95,0.0,1.37969455e-05
1.95,0.0,0.00013447912
1.95,0.0,9.460638e-06
1.95,0.0,2.3422146e-05
1.95,0.0,0.00022243247
1.95,0.0,5.8318175e-05
1.95,0.0,1.710411e-06
1.95,0.0,4.4942437e-05
1.95,0.0,1.0191183e-06
1.95,0.0,1.7420876e-06
1.95,0.0,4.8595675e-06
1.95,0.0,2.9089685e-07
1.95,0.0,0.0006461097
1.95,0.0,0.0003115845
1.95,0.0,9.417016e-06
1.95,0.0,1.1057935e-07
1.95,0.0,3.382214e-05
1.95,0.0,1.6105242e-06
1.95,0.0,2.9874082e-05
1.95,0.0,2.6625094e-07
1.95,0.0,4.8617744e-07
1.95,0.0,8.816676e-08
1.95,0.0,0.00034678465
1.95,0.0,1.2910876e-06
1.95,0.0,7.95133e-08
1.95,0.0,6.559643e-05
1.95,0.0,2.0653655e-05
1.95,0.0,2.4769939e-05
1.95,0.0,3.0064712e-07
1.95,0.0,2.6544294e-06
1.95,0.0,2.0540804e-06
1.95,0.0,1.3942441e-05
1.95,0.0,5.767617e-07
1.95,0.0,9.357823e-06
1.95,0.0,0.00021149177
1.95,0.0,6.4057676e-06
1.95,0.0,2.0090138e-06
1.95,0.0,1.2228658e-05
1.95,0.0,1.4178792e-07
1.95,0.0,0.00047475356
1.95,0.0,0.0020426577
1.95,0.0,1.9806491e-06
1.95,0.0,2.3576724e-06
1.95,0.0,2.6552381e-05
1.95,0.0,0.004319045
1.95,0.0,1.8237259e-07
1.95,0.0,2.7195626e-06
1.95,0.0,1.4623838e-05
1.95,0.0,0.007864561
1.95,0.0,3.745759e-06
1.95,0.0,4.385502e-06
1.95,0.0,5.798684e-07
1.95,0.0,0.00012963824
1.95,0.0,6.2672896e-08
1.95,0.0,1.2634431e-08
1.95,0.0,3.269276e-05
1.95,0.0,0.00068993657
1.95,0.0,2.247842e-05
1.95,0.0,6.647405e-07
1.95,0.0,3.314873e-08
1.95,0.0,1.5139969e-07
1.95,0.0,3.250631e-07
1.95,0.0,1.2173772e-06
1.95,0.0,1.7440394e-05
1.95,0.0,1.1046783e-07
1.95,0.0,2.274793e-09
1.95,0.0,6.3418106e-06
1.95,0.0,2.0544117e-05
1.95,0.0,0.00024314196
1.95,0.0,8.5116635e-06
1.95,0.0,0.00063335296
1.95,0.0,0.0001162133
1.95,0.0,0.00017449757
1.95,0.0,5.4916622e-09
1.95,0.0,4.9885205e-08
1.95,0.0,1.204875e-09
1.95,0.0,2.6077467e-07
1.95,0.0,5.424031e-05
1.95,0.0,1.1821774e-06
1.95,0.0,3.266128e-07
1.95,0.0,3.2054602e-05
1.95,0.0,5.527064e-06
1.95,0.0,1.34831025e-05
1.95,0.0,6.3558573e-06
1.95,0.0,4.7148816e-07
1.95,0.0,2.2656058e-08
1.95,0.0,1.3578604e-05
1.95,0.0,5.6262195e-08
1.95,0.0,4.822965e-06
1.95,0.0,4.6257475e-05
1.95,0.0,1.850309e-05
1.95,0.0,3.278152e-09
1.95,0.0,3.1689984e-07
1.95,0.0,5.671434e-06
1.95,0.0,2.420267e-07
1.95,0.0,1.227433e-06
1.95,0.0,2.342836e-07
1.95,0.0,2.0217094e-07
1.95,0.0,1.0798275e-05
1.95,0.0,1.4934386e-06
1.95,0.0,0.00040190245
1.95,0.0,8.4407026e-07
1.95,0.0,1.4763151e-05
1.95,0.0,0.00022289337
1.95,0.0,8.070699e-06
1.95,0.0,0.026885035
1.95,0.0,6.4047384e-07
1.95,0.0,8.2784555e-07
1.95,0.0,2.3362762e-05
1.95,0.0,4.765294e-06
1.95,0.0,5.7839984e-06
1.95,0.0,9.438439e-08
1.95,0.0,9.713209e-06
1.95,0.0,1.7689157e-06
1.95,0.0,4.129499e-06
1.95,0.0,3.179465e-06
1.95,0.0,0.00029038917
1.95,0.0,0.00058617373
1.95,0.0,0.00029291617
1.95,0.0,0.0010224525
1.95,0.0,9.139073e-06
1.95,0.0,1.4862026e-06
1.95,0.0,6.006879e-06
1.95,0.0,0.00034846304
1.95,0.0,5.8583454e-09
1.95,0.0,3.8410867e-06
1.95,0.0,3.1859407e-05
1.95,0.0,0.0005674114
1.95,0.0,0.00017250773
1.95,0.0,1.2691194e-07
1.95,0.0,3.1412426e-05
1.95,0.0,4.628153e-06
1.95,0.0,7.922397e-05
1.95,0.0,3.790038e-05
1.95,0.0,5.111195e-07
1.95,0.0,1.6179551e-07
1.95,0.0,1.7404853e-05
1.95,0.0,8.0945254e-05
1.95,0.0,6.954804e-06
1.95,0.0,2.0382374e-06
1.95,0.0,3.666338e-06
1.95,0.0,4.476203e-08
1.95,0.0,6.2938776e-10
1.95,0.0,7.3747315e-09
1.95,0.0,7.7603977e-07
1.95,0.0,8.3464005e-07
1.95,0.0,7.2271137e-06
1.95,0.0,1.069166e-06
1.95,0.0,2.2592612e-09
1.95,0.0,2.719889e-05
1.95,0.0,0.00090134627
1.95,0.0,0.00036093104
1.95,0.0,7.013934e-05
1.95,0.0,6.3227686e-05
1.95,0.0,3.9400843e-06
1.95,0.0,9.241401e-08
1.95,0.0,2.293223e-05
1.95,0.0,0.00015496035
1.95,0.0,3.758103e-06
1.95,0.0,2.241738e-06
1.95,0.0,6.967165e-06
1.95,0.0,2.0849493e-05
1.95,0.0,1.3024318e-06
1.95,0.0,9.822945e-06
1.95,0.0,1.2088323e-06
1.95,0.0,7.163506e-08
1.95,0.0,7.026934e-07
1.95,0.0,4.1865857e-07
1.95,0.0,6.671038e-06
1.95,0.0,7.349644e-06
1.95,0.0,1.4855508e-06
1.95,0.0,3.4532863e-07
1.95,0.0,1.0968529e-06
1.95,0.0,2.717032e-08
1.95,0.0,2.1065739e-07
1.95,0.0,2.0698995e-07
1.95,0.0,4.2872352e-06
1.95,0.0,9.358576e-07
1.95,0.0,2.7271224e-05
1.95,0.0,4.982121e-07
1.95,0.0,3.4662773e-06
1.95,0.0,6.388045e-06
1.95,0.0,1.5891916e-06
1.95,0.0,1.8459941e-05
1.95,0.0,1.4522772e-05
1.95,0.0,9.568473e-07
1.95,0.0,6.0179496e-05
1.95,0.0,1.7675128e-06
1.95,0.0,1.8584471e-05
1.95,0.0,1.0136408e-06
1.95,0.0,3.744406e-05
1.95,0.0,1.6724441e-06
1.95,0.0,2.0670304e-05
1.95,0.0,1.7456999e-06
1.95,0.0,3.1726756e-07
1.95,0.0,5.5229142e-05
1.95,0.0,2.5383854e-06
1.95,0.0,1.8888588e-06
1.95,0.0,3.4166237e-07
1.95,0.0,1.0137635e-05
1.95,0.0,2.9700276e-08
1.95,0.0,3.317472e-05
1.95,0.0,1.9214483e-05
1.95,0.0,7.2185853e-06
1.95,0.0,0.0002417133
1.95,0.0,2.793875e-07
1.95,0.0,1.211922e-07
1.95,0.0,1.3343368e-06
1.95,0.0,0.000115693074
1.95,0.0,5.2093804e-07
1.95,0.0,7.566612e-06
1.95,0.0,2.5441435e-07
1.95,0.0,0.00011623624
1.95,0.0,1.8475424e-07
1.95,0.0,0.00016795115
1.95,0.0,1.2498316e-08
1.95,0.0,1.0165925e-06
1.95,0.0,1.0890616e-06
1.95,0.0,0.00087410276
1.95,0.0,5.260811e-05
1.95,0.0,1.0411708e-06
1.95,0.0,6.147697e-06
1.95,0.0,3.6135611e-06
1.95,0.0,2.9853632e-05
1.95,0.0,4.924932e-05
1.95,0.0,8.946673e-05
1.95,0.0,1.8756921e-06
1.95,0.0,2.421428e-05
1.95,0.0,2.2060656e-06
1.95,0.0,4.1900952e-05
1.95,0.0,2.7176648e-07
0.6,1.0,1.0
0.6,1.0,1.0
0.6,1.0,1.0
0.6,1.0,1.0
0.6,1.0,1.0
0.6,1.0,1.0
0.6,1.0,1.0
0.6,1.0,1.0
0.6,1.0,1.0
0.6,1.0,1.0
0.6,1.0,1.0
0.6,1.0,1.0
0.6,1.0,1.0
0.6,1.0,1.0
0.6,1.0,1.0
0.6,1.0,1.0
0.6,1.0,1.0
0.6,1.0,1.0
0.6,1.0,1.0
0.6,1.0,1.0
0.6,1.0,1.0
0.6,1.0,1.0
0.6,1.0,1.0
0.6,1.0,1.0
0.6,1.0,1.0
0.6,1.0,1.0
0.6,1.0,1.0
0.6,1.0,1.0
0.6,1.0,1.0
0.6,1.0,1.0
0.6,1.0,1.0
0.6,1.0,1.0
0.6,1.0,1.0
0.6,1.0,0.9999999
0.6,1.0,0.9999999
0.6,1.0,1.0
0.6,1.0,1.0
0.6,1.0,1.0
0.6,1.0,1.0
0.6,1.0,1.0
0.6,1.0,1.0
0.6,1.0,1.0
0.6,1.0,1.0
0.6,1.0,0.99999964
0.6,1.0,1.0
0.6,1.0,0.9999999
0.6,1.0,1.0
0.6,1.0,1.0
0.6,1.0,0.99999964
0.6,1.0,1.0
2.0,0.0,5.8809186e-05
2.0,0.0,8.73805e-06
2.0,0.0,1.03685925e-05
2.0,0.0,1.2819382e-07
2.0,0.0,1.920546e-06
2.0,0.0,1.8085724e-06
2.0,0.0,6.1405973e-07
2.0,0.0,2.4338324e-05
2.0,0.0,7.3753836e-05
2.0,0.0,9.704725e-07
2.0,0.0,1.5395352e-07
2.0,0.0,0.0016748935
2.0,0.0,1.2127178e-06
2.0,0.0,0.00016843162
2.0,0.0,0.00085566414
2.0,0.0,1.041533e-05
2.0,0.0,0.013425426
2.0,0.0,1.7708464e-05
2.0,0.0,8.633145e-06
2.0,0.0,5.4187967e-06
2.0,0.0,1.4173466e-07
2.0,0.0,9.475744e-06
2.0,0.0,2.7688618e-06
2.0,0.0,8.566555e-07
2.0,0.0,3.6566515e-05
2.0,0.0,4.299629e-05
2.0,0.0,3.6187546e-06
2.0,0.0,1.4929516e-07
2.0,0.0,1.9369281e-05
2.0,0.0,2.4884955e-07
2.0,0.0,2.1049758e-05
2.0,0.0,4.0167237e-07
2.0,0.0,4.6309256e-06
2.0,0.0,8.485707e-07
2.0,0.0,1.3072871e-07
2.0,0.0,1.8382349e-09
2.0,0.0,8.647251e-08
2.0,0.0,7.073919e-07
2.0,0.0,2.8156371e-06
2.0,0.0,1.0444556e-06
2.0,0.0,0.00073478185
2.0,0.0,1.726014e-05
2.0,0.0,4.300392e-06
2.0,0.0,2.352815e-05
2.0,0.0,1.0225065e-07
2.0,0.0,4.0771383e-07
2.0,0.0,5.3050207e-06
2.0,0.0,0.00023266907
2.0,0.0,2.4846331e-05
2.0,0.0,3.3576285e-07
2.0,0.0,3.6658377e-05
2.0,0.0,1.87767e-07
2.0,0.0,9.1354956e-08
2.0,0.0,3.014912e-08
2.0,0.0,2.0848681e-06
2.0,0.0,3.8754533e-06
2.0,0.0,1.9025244e-06
2.0,0.0,7.4299516e-07
2.0,0.0,5.741894e-08
2.0,0.0,0.00042294024
2.0,0.0,0.00055292854
2.0,0.0,6.768431e-06
2.0,0.0,1.7985705e-06
2.0,0.0,5.707211e-06
2.0,0.0,2.7945998e-07
2.0,0.0,4.535343e-05
2.0,0.0,5.847499e-05
2.0,0.0,1.503145e-06
2.0,0.0,3.618398e-08
2.0,0.0,4.784027e-07
2.0,0.0,7.722966e-07
2.0,0.0,1.1907113e-05
2.0,0.0,0.00016174986
2.0,0.0,1.4688018e-05
2.0,0.0,1.7229995e-05
2.0,0.0,3.453349e-07
2.0,0.0,8.239851e-06
2.0,0.0,5.5537835e-06
2.0,0.0,9.2428294e-08
2.0,0.0,0.00010450053
2.0,0.0,1.03716316e-08
2.0,0.0,3.5380262e-06
2.0,0.0,1.4628608e-05
2.0,0.0,1.7648883e-05
2.0,0.0,5.068564e-05
2.0,0.0,2.9492334e-05
2.0,0.0,1.1965018e-05
2.0,0.0,1.8870542e-05
2.0,0.0,1.5588832e-05
2.0,0.0,5.5324217e-06
2.0,0.0,0.00028242695
2.0,0.0,0.0014976469
2.0,0.0,8.5660904e-05
2.0,0.0,1.353688e-05
2.0,0.0,2.2209435e-06
2.0,0.0,3.9127085e-06
2.0,0.0,4.4531575e-06
2.0,0.0,2.4285052e-06
2.0,0.0,2.484768e-06
2.0,0.0,1.2129029e-06
2.0,0.0,8.570931e-06
2.0,0.0,0.010813439
2.0,0.0,0.00021408097
2.0,0.0,3.867058e-05
2.0,0.0,1.7694012e-10
2.0,0.0,6.29455e-07
2.0,0.0,1.9380002e-09
2.0,0.0,2.6802312e-05
2.0,0.0,2.0242773e-05
2.0,0.0,6.919456e-06
2.0,0.0,1.1360446e-06
2.0,0.0,2.1150538e-06
2.0,0.0,3.644522e-06
2.0,0.0,7.41912e-08
2.0,0.0,3.8043133e-08
2.0,0.0,0.0011775431
2.0,0.0,2.8317507e-05
2.0,0.0,0.007233431
2.0,0.0,5.964148e-07
2.0,0.0,4.6004112e-07
2.0,0.0,1.9599538e-06
2.0,0.0,3.5353946e-07
2.0,0.0,6.1376268e-06
2.0,0.0,6.816866e-07
2.0,0.0,2.9756325e-06
2.0,0.0,1.6154482e-06
2.0,0.0,1.5108282e-06
2.0,0.0,0.00011002293
2.0,0.0,1.424405e-07
2.0,0.0,6.193964e-06
2.0,0.0,6.8638997e-07
2.0,0.0,5.8320705e-07
2.0,0.0,1.6532207e-08
2.0,0.0,6.548008e-06
2.0,0.0,7.4785487e-07
2.0,0.0,0.00020928838
2.0,0.0,5.5709908e-08
2.0,0.0,1.9239125e-05
2.0,0.0,2.5023392e-05
2.0,0.0,2.209352e-06
2.0,0.0,2.737243e-07
2.0,0.0,4.0867842e-08
2.0,0.0,9.1575436e-07
2.0,0.0,1.6315505e-05
2.0,0.0,0.00017704233
2.0,0.0,1.5635434e-05
2.0,0.0,4.4359388e-07
2.0,0.0,1.880415e-06
2.0,0.0,0.00021532355
2.0,0.0,9.915954e-07
2.0,0.0,1.1604476e-05
2.0,0.0,5.502095e-09
2.0,0.0,1.09185635e-07
2.0,0.0,4.6316895e-06
2.0,0.0,9.256843e-05
2.0,0.0,0.00023781434
2.0,0.0,5.806824e-07
2.0,0.0,1.1660798e-05
2.0,0.0,9.637593e-06
2.0,0.0,6.348077e-05
2.0,0.0,1.3497618e-06
2.0,0.0,2.4166526e-05
2.0,0.0,3.2678727e-07
2.0,0.0,5.310161e-07
2.0,0.0,2.5054744e-05
2.0,0.0,1.1577295e-05
2.0,0.0,1.355347e-06
2.0,0.0,1.985191e-05
2.0,0.0,4.156494e-07
2.0,0.0,0.000111807894
2.0,0.0,2.668915e-08
2.0,0.0,2.3914294e-05
2.0,0.0,7.307772e-06
2.0,0.0,7.3268814e-07
2.0,0.0,9.692183e-07
2.0,0.0,4.868242e-06
2.0,0.0,9.865801e-06
2.0,0.0,1.2265777e-05
2.0,0.0,4.4151687e-08
2.0,0.0,1.1963613e-06
2.0,0.0,5.5058836e-06
2.0,0.0,5.238245e-07
2.0,0.0,8.476588e-06
2.0,0.0,0.00030764978
2.0,0.0,6.9963886e-07
2.0,0.0,1.565565e-05
2.0,0.0,9.0475845e-07
2.0,0.0,2.403364e-06
2.0,0.0,1.5919637e-05
2.0,0.0,2.2424211e-07
2.0,0.0,6.491932e-07
2.0,0.0,8.961121e-05
2.0,0.0,1.7212587e-05
2.0,0.0,4.2945026e-06
2.0,0.0,2.3372571e-07
2.0,0.0,5.966014e-07
2.0,0.0,1.2384918e-06
2.0,0.0,2.9008766e-07
2.0,0.0,4.6655105e-06
2.0,0.0,1.578186e-06
2.0,0.0,0.00011625586
2.0,0.0,2.180152e-05
2.0,0.0,8.882758e-06
2.0,0.0,0.000828831
2.0,0.0,6.688574e-07
2.0,0.0,4.7337866e-07
2.0,0.0,3.9081254e-08
2.0,0.0,1.8913492e-05
2.0,0.0,3.298367e-06
2.0,0.0,4.466866e-06
2.0,0.0,1.3160032e-07
2.0,0.0,6.72479e-05
2.0,0.0,1.967698e-06
2.0,0.0,2.210072e-07
2.0,0.0,4.4599706e-06
2.0,0.0,4.3898708e-05
2.0,0.0,0.0011728616
2.0,0.0,2.5849329e-06
2.0,0.0,2.4259405e-06
2.0,0.0,0.0003105332
2.0,0.0,3.4383933e-07
2.0,0.0,5.1422547e-05
2.0,0.0,1.4404659e-06
2.0,0.0,2.8371417e-07
2.0,0.0,7.942991e-06
2.0,0.0,5.3960576e-07
2.0,0.0,7.038846e-05
2.0,0.0,2.6954647e-09
2.0,0.0,4.73271e-09
2.0,0.0,2.503912e-07
2.0,0.0,3.076439e-05
2.0,0.0,6.339884e-08
2.0,0.0,2.6436294e-06
2.0,0.0,0.00010896536
2.0,0.0,0.00045214558
2.0,0.0,1.563721e-05
2.0,0.0,3.6302408e-06
2.0,0.0,1.9508461e-06
2.0,0.0,0.00014412568
2.0,0.0,3.1168125e-05
2.0,0.0,1.0967087e-05
2.0,0.0,4.5385545e-06
2.0,0.0,1.2666914e-05
2.0,0.0,2.7151567e-05
2.0,0.0,0.00029990042
2.0,0.0,0.0022375507
2.0,0.0,2.7989845e-06
2.0,0.0,6.7609646e-05
2.0,0.0,0.0002923537
2.0,0.0,4.770186e-07
2.05,0.0,2.670815e-06
2.05,0.0,7.407722e-07
2.05,0.0,0.00063926115
2.05,0.0,1.2475484e-06
2.05,0.0,0.0003276502
2.05,0.0,6.3590494e-05
2.05,0.0,2.7893815e-05
2.05,0.0,1.0310723e-08
2.05,0.0,1.0116291e-06
2.05,0.0,1.08545655e-05
2.05,0.0,1.3196369e-05
2.05,0.0,9.996931e-08
2.05,0.0,8.386774e-05
2.05,0.0,1.7024344e-05
2.05,0.0,3.7812335e-06
2.05,0.0,3.1460685e-09
2.05,0.0,2.921591e-07
2.05,0.0,6.6922684e-07
2.05,0.0,9.29402e-06
2.05,0.0,1.1061927e-06
2.05,0.0,1.1980283e-08
2.05,0.0,9.5293544e-08
2.05,0.0,1.3318349e-06
2.05,0.0,5.22959e-07
2.05,0.0,5.1745917e-07
2.05,0.0,0.00032649274
2.05,0.0,0.00011311675
2.05,0.0,1.0543966e-06
2.05,0.0,2.1747135e-05
2.05,0.0,1.9219446e-07
2.05,0.0,0.00031588832
2.05,0.0,2.519011e-06
2.05,0.0,0.00019207581
2.05,0.0,1.1177335e-05
2.05,0.0,1.4477098e-05
2.05,0.0,1.0104663e-06
2.05,0.0,2.9362545e-06
2.05,0.0,8.767323e-06
2.05,0.0,2.3051088e-07
2.05,0.0,6.838797e-05
2.05,0.0,0.0001054892
2.05,0.0,1.9599409e-05
2.05,0.0,2.9417088e-06
2.05,0.0,1.6960657e-05
2.05,0.0,1.2831635e-05
2.05,0.0,6.2476266e-07
2.05,0.0,8.517234e-06
2.05,0.0,5.997509e-06
2.05,0.0,8.8465924e-08
2.05,0.0,4.2042464e-07
2.05,0.0,2.2634623e-09
2.05,0.0,1.0063254e-06
2.05,0.0,4.4604363e-08
2.05,0.0,2.1890314e-06
2.05,0.0,4.286362e-08
2.05,0.0,5.907839e-06
2.05,0.0,1.3742328e-08
2.05,0.0,2.1996286e-06
2.05,0.0,0.00026960406
2.05,0.0,2.583326e-06
2.05,0.0,3.158304e-05
2.05,0.0,4.6520125e-07
2.05,0.0,9.699829e-07
2.05,0.0,1.3424714e-06
2.05,0.0,4.566134e-08
2.05,0.0,0.0001895039
2.05,0.0,6.968786e-07
2.05,0.0,2.2965358e-07
2.05,0.0,3.1592164e-05
2.05,0.0,2.8151562e-06
2.05,0.0,0.0016548281
2.05,0.0,9.1452236e-08
2.05,0.0,0.00023368643
2.05,0.0,1.5601043e-05
2.05,0.0,8.7682165e-05
2.05,0.0,1.064216e-06
2.05,0.0,1.869329e-05
2.05,0.0,1.4698823e-05
2.05,0.0,7.0921496e-06
2.05,0.0,1.4091983e-05
2.05,0.0,6.9028997e-06
2.05,0.0,3.0285423e-06
2.05,0.0,1.323732e-06
2.05,0.0,4.1069516e-06
2.05,0.0,1.0174197e-05
2.05,0.0,0.0016983342
2.05,0.0,6.9517733e-07
2.05,0.0,1.291701e-06
2.05,0.0,0.0006470695
2.05,0.0,0.00033842018
2.05,0.0,3.3406443e-05
2.05,0.0,0.00022447179
2.05,0.0,2.8205374e-09
2.05,0.0,4.540796e-07
2.05,0.0,3.9036506e-05
2.05,0.0,3.5188117e-07
2.05,0.0,1.6227023e-07
2.05,0.0,2.080764e-05
2.05,0.0,1.2294258e-06
2.05,0.0,1.10231e-06
2.05,0.0,1.9442489e-06
2.05,0.0,4.1662643e-05
2.05,0.0,3.1644623e-07
2.05,0.0,1.0160681e-05
2.05,0.0,2.5829515e-06
2.05,0.0,7.704325e-07
2.05,0.0,1.590178e-08
2.05,0.0,1.9650189e-07
2.05,0.0,1.0706088e-06
2.05,0.0,0.0077089895
2.05,0.0,4.314459e-10
2.05,0.0,7.83493e-05
2.05,0.0,6.8759335e-05
2.05,0.0,6.010163e-07
2.05,0.0,9.51578e-06
2.05,0.0,4.3351206e-06
2.05,0.0,4.1158796e-06
2.05,0.0,1.5608814e-06
2.05,0.0,5.377801e-05
2.05,0.0,5.8513262e-05
2.05,0.0,4.4284107e-07
2.05,0.0,1.5392783e-05
2.05,0.0,8.4687745e-06
2.05,0.0,1.2484837e-05
2.05,0.0,0.00013827794
2.05,0.0,3.1996453e-05
2.05,0.0,2.9724652e-07
2.05,0.0,3.948466e-05
2.05,0.0,4.596474e-06
2.05,0.0,1.1202541e-05
2.05,0.0,8.764699e-06
2.05,0.0,3.1663402e-07
2.05,0.0,3.2865402e-05
2.05,0.0,1.3330713e-06
2.05,0.0,9.946697e-06
2.05,0.0,3.1863017e-08
2.05,0.0,1.9054878e-06
2.05,0.0,0.00018434778
2.05,0.0,6.528285e-06
2.05,0.0,2.2104039e-06
2.05,0.0,3.2994754e-05
2.05,0.0,0.00079748157
2.05,0.0,6.4270347e-07
2.05,0.0,2.2891648e-07
2.05,0.0,6.8169375e-06
2.05,0.0,4.230492e-06
2.05,0.0,8.687821e-06
2.05,0.0,1.2244425e-06
2.05,0.0,8.6897435e-06
2.05,0.0,4.7555695e-06
2.05,0.0,1.4902018e-07
2.05,0.0,1.3730214e-05
2.05,0.0,1.4950361e-09
2.05,0.0,1.5108252e-06
2.05,0.0,6.3667776e-06
2.05,0.0,2.3969125e-08
2.05,0.0,0.00022987659
2.05,0.0,5.3840402e-05
2.05,0.0,2.5295408e-06
2.05,0.0,3.8641104e-09
2.05,0.0,8.264022e-08
2.05,0.0,0.0001322282
2.05,0.0,4.1664475e-07
2.05,0.0,1.4891876e-06
2.05,0.0,1.24686785e-05
2.05,0.0,1.930847e-06
2.05,0.0,3.0690245e-07
2.05,0.0,2.5355512e-05
2.05,0.0,1.746689e-06
2.05,0.0,6.2117695e-05
2.05,0.0,0.00045529532
2.05,0.0,7.5150103e-07
2.05,0.0,8.848954e-06
2.05,0.0,1.5569782e-08
2.05,0.0,1.8002539e-06
2.05,0.0,2.0439918e-05
2.05,0.0,4.8105667e-06
2.05,0.0,1.311604e-07
2.05,0.0,5.4843537e-07
2.05,0.0,8.314461e-06
2.05,0.0,0.00010147508
2.05,0.0,3.861814e-07
2.05,0.0,1.5382644e-05
2.05,0.0,3.2259882e-06
2.05,0.0,3.7333518e-07
2.05,0.0,4.340238e-06
2.05,0.0,0.00024233865
2.05,0.0,0.0010903426
2.05,0.0,0.0007720624
2.05,0.0,1.2595758e-07
2.05,0.0,2.4775795e-06
2.05,0.0,8.052976e-06
2.05,0.0,1.0667426e-05
2.05,0.0,8.4991353e-07
2.05,0.0,0.00024282133
2.05,0.0,3.8183753e-05
2.05,0.0,2.0929976e-05
2.05,0.0,2.1845475e-05
2.05,0.0,0.004306005
2.05,0.0,9.006027e-05
2.05,0.0,1.1720349e-06
2.05,0.0,2.0888406e-06
2.05,0.0,1.2966972e-06
2.05,0.0,2.9647194e-07
2.05,0.0,1.0410417e-06
2.05,0.0,1.2418104e-06
2.05,0.0,1.253987e-05
2.05,0.0,1.7404687e-05
2.05,0.0,1.5892667e-05
2.05,0.0,3.1357774e-06
2.05,0.0,5.4728696e-07
2.05,0.0,3.1724596e-06
2.05,0.0,2.9504354e-06
2.05,0.0,1.3797172e-07
2.05,0.0,5.5389296e-07
2.05,0.0,1.2521394e-07
2.05,0.0,5.5023174e-05
2.05,0.0,8.510329e-07
2.05,0.0,1.2403154e-05
2.05,0.0,3.5790376e-07
2.05,0.0,8.0875325e-06
2.05,0.0,0.005241516
2.05,0.0,0.000102325415
2.05,0.0,1.21079265e-05
2.05,0.0,2.739544e-07
2.05,0.0,3.9682727e-05
2.05,0.0,9.0766385e-05
2.05,0.0,0.0002037026
2.05,0.0,3.7528065e-07
2.05,0.0,4.951479e-06
2.05,0.0,8.851197e-09
2.05,0.0,3.578673e-06
2.05,0.0,1.7913673e-06
2.05,0.0,2.3478815e-08
2.05,0.0,3.1585548e-06
2.05,0.0,2.8955994e-06
2.05,0.0,2.9911416e-08
2.05,0.0,8.388923e-06
2.05,0.0,4.2270345e-05
2.05,0.0,3.9275055e-06
2.05,0.0,1.00185396e-07
2.05,0.0,5.034362e-06
2.05,0.0,5.037757e-05
2.05,0.0,1.0038054e-06
2.05,0.0,3.9017105e-09
2.05,0.0,2.047289e-07
2.05,0.0,5.8956424e-08
2.05,0.0,1.3304347e-05
2.05,0.0,1.0686135e-06
2.05,0.0,1.1702737e-06
0.6,1.0,1.0
0.6,1.0,1.0
0.6,1.0,1.0
0.6,1.0,1.0
0.6,1.0,0.99999964
0.6,1.0,0.9999999
0.6,1.0,0.9999943
0.6,1.0,0.99999964
0.6,1.0,1.0
0.6,1.0,0.99999976
0.6,1.0,0.99999964
0.6,1.0,0.99999976
0.6,1.0,0.99999976
0.6,1.0,0.99999964
0.6,1.0,0.9999999
0.6,1.0,0.99999475
0.6,1.0,0.9999999
0.6,1.0,0.9999999
0.6,1.0,0.9999988
0.6,1.0,0.9999999
0.6,1.0,0.9999999
0.6,1.0,0.99999964
0.6,1.0,0.9999994
0.6,1.0,0.99999833
0.6,1.0,0.9999999
0.6,1.0,0.9999918
0.6,1.0,0.99999917
0.6,1.0,0.99997866
0.6,1.0,0.9999995
0.6,1.0,0.99999964
0.6,1.0,0.99997926
0.6,1.0,0.99999547
0.6,1.0,0.99997044
0.6,1.0,0.99999964
0.6,1.0,0.9999987
0.6,1.0,0.9999994
0.6,1.0,0.9999993
0.6,1.0,0.99999833
0.6,1.0,0.99999774
0.6,1.0,0.99999917
0.6,1.0,0.99999917
0.6,1.0,0.9999926
0.6,1.0,0.9999988
0.6,1.0,0.99999344
0.6,1.0,0.99999976
0.6,1.0,0.99999976
0.6,1.0,0.9999949
0.6,1.0,0.99999917
0.6,1.0,0.99999917
0.6,1.0,0.99999845
2.1,0.0,7.811015e-06
2.1,0.0,3.1548848e-06
2.1,0.0,6.1188666e-06
2.1,0.0,1.165029e-08
2.1,0.0,3.8063718e-06
2.1,0.0,2.9346463e-09
2.1,0.0,5.738073e-07
2.1,0.0,1.3072695e-07
2.1,0.0,2.573794e-07
2.1,0.0,3.628925e-07
2.1,0.0,3.156518e-05
2.1,0.0,1.1614607e-05
2.1,0.0,6.190305e-08
2.1,0.0,5.909467e-06
2.1,0.0,9.739958e-05
2.1,0.0,1.0129672e-06
2.1,0.0,1.4706119e-06
2.1,0.0,1.7473207e-06
2.1,0.0,3.973468e-06
2.1,0.0,5.3227897e-05
2.1,0.0,4.3376185e-06
2.1,0.0,2.2592424e-06
2.1,0.0,0.0006467828
2.1,0.0,3.1576073e-07
2.1,0.0,2.0314752e-05
2.1,0.0,2.0756143e-07
2.1,0.0,8.214328e-06
2.1,0.0,2.3752193e-05
2.1,0.0,0.00020307428
2.1,0.0,1.7054525e-08
2.1,0.0,3.6254974e-06
2.1,0.0,4.1850566e-08
2.1,0.0,1.00418404e-07
2.1,0.0,0.00029083525
2.1,0.0,0.0004902728
2.1,0.0,7.396004e-07
2.1,0.0,0.00010681512
2.1,0.0,2.198046e-08
2.1,0.0,3.284607e-05
2.1,0.0,3.1559094e-07
2.1,0.0,0.00015706141
2.1,0.0,9.749402e-06
2.1,0.0,1.1278544e-06
2.1,0.0,0.00014080467
2.1,0.0,1.411478e-05
2.1,0.0,9.615143e-07
2.1,0.0,0.0007252161
2.1,0.0,2.3300781e-06
2.1,0.0,1.60956e-06
2.1,0.0,1.0157746e-06
2.1,0.0,4.5112687e-05
2.1,0.0,1.297776e-06
2.1,0.0,1.2683092e-06
2.1,0.0,7.6981643e-10
2.1,0.0,5.921856e-07
2.1,0.0,6.992187e-08
2.1,0.0,1.989098e-07
2.1,0.0,6.430809e-09
2.1,0.0,4.5851566e-06
2.1,0.0,0.00041938294
2.1,0.0,1.2654188e-05
2.1,0.0,2.6698963e-09
2.1,0.0,6.5101194e-06
2.1,0.0,4.5259376e-06
2.1,0.0,0.00019902992
2.1,0.0,3.3671822e-06
2.1,0.0,2.1863587e-05
2.1,0.0,6.361657e-05
2.1,0.0,3.1484767e-06
2.1,0.0,7.0778265e-07
2.1,0.0,4.8068834e-08
2.1,0.0,3.9236643e-06
2.1,0.0,7.9690566e-05
2.1,0.0,1.1516563e-07
2.1,0.0,1.8010775e-05
2.1,0.0,3.9579845e-06
2.1,0.0,7.9482425e-06
2.1,0.0,0.00011486369
2.1,0.0,1.3441303e-06
2.1,0.0,1.721268e-06
2.1,0.0,1.5173085e-06
2.1,0.0,7.7339627e-07
2.1,0.0,7.467273e-07
2.1,0.0,4.3145455e-08
2.1,0.0,1.8019948e-05
2.1,0.0,0.00027581898
2.1,0.0,1.6028547e-08
2.1,0.0,1.6028936e-06
2.1,0.0,6.969943e-07
2.1,0.0,7.684932e-06
2.1,0.0,1.2282363e-05
2.1,0.0,4.207118e-07
2.1,0.0,3.9389354e-07
2.1,0.0,0.00016529129
2.1,0.0,4.1282037e-06
2.1,0.0,1.4714757e-05
2.1,0.0,0.0006101697
2.1,0.0,6.629813e-06
2.1,0.0,1.5380853e-06
2.1,0.0,3.904143e-06
2.1,0.0,2.3003768e-05
2.1,0.0,6.991736e-05
2.1,0.0,8.558962e-05
2.1,0.0,3.095887e-05
2.1,0.0,1.6363778e-07
2.1,0.0,7.2888666e-05
2.1,0.0,2.9442748e-07
2.1,0.0,1.637327e-05
2.1,0.0,1.1637705e-06
2.1,0.0,6.343307e-07
2.1,0.0,2.493981e-07
2.1,0.0,2.570969e-05
2.1,0.0,7.21492e-05
2.1,0.0,1.1693985e-05
2.1,0.0,0.010197863
2.1,0.0,1.2534477e-07
2.1,0.0,2.3220715e-05
2.1,0.0,2.1661432e-07
2.1,0.0,1.503978e-07
2.1,0.0,0.015011222
2.1,0.0,0.00018258533
2.1,0.0,8.952835e-06
2.1,0.0,6.0127945e-08
2.1,0.0,7.094907e-05
2.1,0.0,4.1830644e-06
2.1,0.0,1.2392455e-05
2.1,0.0,3.902535e-06
2.1,0.0,5.5239475e-08
2.1,0.0,4.23114e-05
2.1,0.0,9.0845264e-05
2.1,0.0,2.1840851e-05
2.1,0.0,0.00021303903
2.1,0.0,1.46610655e-05
2.1,0.0,0.0002697789
2.1,0.0,0.00025488366
2.1,0.0,2.492472e-06
2.1,0.0,1.4907969e-05
2.1,0.0,1.9965644e-06
2.1,0.0,9.5279356e-05
2.1,0.0,3.0843115e-05
2.1,0.0,8.283044e-07
2.1,0.0,1.789552e-06
2.1,0.0,3.4153218e-06
2.1,0.0,8.924839e-07
2.1,0.0,2.2028906e-05
2.1,0.0,2.0506559e-07
2.1,0.0,4.332441e-05
2.1,0.0,0.0017561602
2.1,0.0,0.0013943685
2.1,0.0,9.2114584e-05
2.1,0.0,1.979432e-07
2.1,0.0,8.691459e-06
2.1,0.0,0.00030179345
2.1,0.0,8.081846e-08
2.1,0.0,0.00043610466
2.1,0.0,0.002305823
2.1,0.0,3.1334039e-06
2.1,0.0,1.8160117e-05
2.1,0.0,1.3029202e-05
2.1,0.0,0.00093646307
2.1,0.0,3.649832e-08
2.1,0.0,7.081364e-06
2.1,0.0,1.4663696e-07
2.1,0.0,3.01646e-07
2.1,0.0,3.55648e-06
2.1,0.0,4.5071653e-07
2.1,0.0,2.0117247e-06
2.1,0.0,0.0007008557
2.1,0.0,3.9471254e-07
2.1,0.0,5.979617e-07
2.1,0.0,0.00016839919
2.1,0.0,2.0259864e-05
2.1,0.0,1.3747495e-05
2.1,0.0,1.848929e-08
2.1,0.0,1.948966e-06
2.1,0.0,0.0010585977
2.1,0.0,1.4092184e-05
2.1,0.0,0.00028128727
2.1,0.0,0.000100172554
2.1,0.0,2.9173998e-05
2.1,0.0,1.6043815e-06
2.1,0.0,3.1980396e-06
2.1,0.0,4.4003955e-05
2.1,0.0,1.891716e-06
2.1,0.0,1.193285e-05
2.1,0.0,0.0011884262
2.1,0.0,0.00015522624
2.1,0.0,5.0574734e-05
2.1,0.0,5.837808e-06
2.1,0.0,8.727915e-06
2.1,0.0,8.2949795e-05
2.1,0.0,8.114311e-07
2.1,0.0,7.4466184e-06
2.1,0.0,3.1003598e-05
2.1,0.0,4.573309e-06
2.1,0.0,4.142584e-07
2.1,0.0,8.67795e-08
2.1,0.0,4.6178883e-07
2.1,0.0,1.5535541e-06
2.1,0.0,2.1883244e-08
2.1,0.0,4.999947e-05
2.1,0.0,4.3834832e-05
2.1,0.0,0.00028462755
2.1,0.0,1.0943677e-09
2.1,0.0,6.404302e-06
2.1,0.0,8.861857e-07
2.1,0.0,2.5058804e-07
2.1,0.0,1.2141678e-06
2.1,0.0,6.7198594e-06
2.1,0.0,6.55391e-05
2.1,0.0,5.9025447e-06
2.1,0.0,8.385142e-07
2.1,0.0,2.372695e-06
2.1,0.0,2.1809424e-06
2.1,0.0,2.1023456e-05
2.1,0.0,1.3366342e-09
2.1,0.0,2.0313453e-05
2.1,0.0,0.00035652783
2.1,0.0,9.356862e-05
2.1,0.0,2.2328566e-05
2.1,0.0,2.652396e-05
2.1,0.0,2.3696288e-05
2.1,0.0,9.271639e-06
2.1,0.0,0.0002060455
2.1,0.0,4.258728e-05
2.1,0.0,1.4042857e-08
2.1,0.0,9.089953e-09
2.1,0.0,3.2312597e-05
2.1,0.0,2.6886997e-05
2.1,0.0,1.7266493e-07
2.1,0.0,1.4955467e-06
2.1,0.0,2.594586e-10
2.1,0.0,6.4847474e-05
2.1,0.0,0.007904823
2.1,0.0,1.3437674e-05
2.1,0.0,0.00041775082
2.1,0.0,3.464939e-06
2.1,0.0,3.6975805e-05
2.1,0.0,9.659745e-05
2.1,0.0,2.7004018e-07
2.1,0.0,1.4736497e-07
2.1,0.0,2.3937066e-05
2.1,0.0,9.425265e-06
2.1,0.0,5.5300798e-06
2.1,0.0,8.347305e-06
2.1,0.0,2.7226111e-05
2.1,0.0,8.498876e-07
2.1,0.0,6.867521e-08
2.1,0.0,5.6255947e-05
2.1,0.0,2.0163152e-06
2.15,0.0,0.000116459465
2.15,0.0,4.2323944e-07
2.15,0.0,7.748703e-05
2.15,0.0,1.8564084e-05
2.15,0.0,6.686316e-07
2.15,0.0,2.1376989e-06
2.15,0.0,1.8398864e-06
2.15,0.0,2.4581624e-07
2.15,0.0,5.924215e-09
2.15,0.0,5.263714e-07
2.15,0.0,3.4320445e-07
2.15,0.0,2.5711176e-07
2.15,0.0,0.014365656
2.15,0.0,7.260219e-07
2.15,0.0,1.8895807e-05
2.15,0.0,1.3294289e-05
2.15,0.0,3.0426634e-05
2.15,0.0,7.514753e-07
2.15,0.0,4.2702208e-08
2.15,0.0,1.5477306e-06
2.15,0.0,1.516196e-07
2.15,0.0,0.0002317589
2.15,0.0,0.0017988716
2.15,0.0,3.433846e-06
2.15,0.0,2.1400854e-06
2.15,0.0,9.869761e-07
2.15,0.0,2.7364838e-06
2.15,0.0,0.00013169317
2.15,0.0,5.645198e-06
2.15,0.0,6.7010446e-06
2.15,0.0,7.143312e-07
2.15,0.0,0.00012421672
2.15,0.0,1.0020354e-07
2.15,0.0,2.2387496e-08
2.15,0.0,0.00010234103
2.15,0.0,6.8253685e-06
2.15,0.0,2.994355e-06
2.15,0.0,1.2158503e-06
2.15,0.0,6.331262e-07
2.15,0.0,1.4882344e-05
2.15,0.0,2.096219e-07
2.15,0.0,7.7117065e-08
2.15,0.0,9.2104534e-07
2.15,0.0,1.9967435e-06
2.15,0.0,1.1482188e-06
2.15,0.0,1.01723295e-07
2.15,0.0,1.6087011e-05
2.15,0.0,0.0008723226
2.15,0.0,6.2625013e-06
2.15,0.0,9.8690876e-08
2.15,0.0,0.00032057535
2.15,0.0,4.0051823e-06
2.15,0.0,2.1358728e-06
2.15,0.0,9.385622e-07
2.15,0.0,9.028475e-07
2.15,0.0,7.033102e-05
2.15,0.0,5.1348896e-05
2.15,0.0,9.4630806e-08
2.15,0.0,7.5318144e-07
2.15,0.0,5.371311e-07
2.15,0.0,0.0041515827
2.15,0.0,9.071563e-08
2.15,0.0,3.9648953e-07
2.15,0.0,2.4965326e-05
2.15,0.0,8.595582e-07
2.15,0.0,1.0638553e-07
2.15,0.0,2.0568152e-08
2.15,0.0,4.6010577e-05
2.15,0.0,2.7003607e-05
2.15,0.0,4.3562154e-06
2.15,0.0,0.00013841462
2.15,0.0,6.9492546e-07
2.15,0.0,0.000833712
2.15,0.0,3.5869896e-06
2.15,0.0,8.474355e-08
2.15,0.0,2.4755245e-06
2.15,0.0,1.4704921e-05
2.15,0.0,1.0119634e-07
2.15,0.0,3.573772e-06
2.15,0.0,3.194901e-07
2.15,0.0,1.47540995e-05
2.15,0.0,7.139382e-05
2.15,0.0,4.965987e-06
2.15,0.0,4.0261206e-05
2.15,0.0,9.26876e-07
2.15,0.0,7.4283804e-08
2.15,0.0,3.2676621e-06
2.15,0.0,1.910783e-06
2.15,0.0,5.7194816e-06
2.15,0.0,3.6460486e-05
2.15,0.0,8.917464e-06
2.15,0.0,7.546506e-06
2.15,0.0,2.7331557e-06
2.15,0.0,9.020386e-06
2.15,0.0,6.8784975e-05
2.15,0.0,6.845459e-05
2.15,0.0,1.6843096e-07
2.15,0.0,4.845925e-08
2.15,0.0,8.484299e-07
2.15,0.0,2.2152365e-06
2.15,0.0,6.166512e-07
2.15,0.0,0.00017201628
2.15,0.0,0.00021217283
2.15,0.0,4.280944e-05
2.15,0.0,2.4417645e-08
2.15,0.0,6.0773624e-07
2.15,0.0,2.2358057e-07
2.15,0.0,1.132261e-05
2.15,0.0,2.4566677e-06
2.15,0.0,5.5489403e-05
2.15,0.0,4.3366917e-06
2.15,0.0,2.6325495e-06
2.15,0.0,6.0545875e-07
2.15,0.0,1.9304696e-06
2.15,0.0,5.402934e-06
2.15,0.0,2.299258e-05
2.15,0.0,1.2155306e-08
2.15,0.0,0.00023738187
2.15,0.0,2.401453e-05
2.15,0.0,8.285785e-07
2.15,0.0,0.00011255048
2.15,0.0,7.6633005e-05
2.15,0.0,8.685899e-06
2.15,0.0,7.852347e-06
2.15,0.0,2.9582683e-08
2.15,0.0,4.669303e-06
2.15,0.0,0.00074607803
2.15,0.0,8.990461e-05
2.15,0.0,1.3104157e-05
2.15,0.0,8.7245535e-05
2.15,0.0,7.0039694e-09
2.15,0.0,1.5412299e-08
2.15,0.0,8.826729e-06
2.15,0.0,4.3344676e-06
2.15,0.0,6.0906817e-09
2.15,0.0,4.2556266e-07
2.15,0.0,8.752286e-05
2.15,0.0,0.000102819555
2.15,0.0,5.648509e-07
2.15,0.0,3.951736e-07
2.15,0.0,1.3433663e-05
2.15,0.0,0.00033412725
2.15,0.0,3.0410449e-05
2.15,0.0,4.3088878e-07
2.15,0.0,0.00010597063
2.15,0.0,2.7201666e-05
2.15,0.0,0.0001338862
2.15,0.0,4.6084744e-05
2.15,0.0,1.5121832e-06
2.15,0.0,4.314482e-06
2.15,0.0,4.6949477e-05
2.15,0.0,0.0052454933
2.15,0.0,4.275254e-07
2.15,0.0,3.997776e-07
2.15,0.0,6.2800936e-08
2.15,0.0,1.19087e-06
2.15,0.0,9.518209e-05
2.15,0.0,3.547273e-05
2.15,0.0,2.6718394e-06
2.15,0.0,1.17988264e-07
2.15,0.0,4.2484594e-06
2.15,0.0,2.5473473e-05
2.15,0.0,3.4345638e-05
2.15,0.0,1.0890865e-06
2.15,0.0,4.5652473e-06
2.15,0.0,1.3821915e-05
2.15,0.0,1.5713723e-06
2.15,0.0,7.276824e-05
2.15,0.0,5.1840023e-05
2.15,0.0,3.1037107e-06
2.15,0.0,4.6087865e-05
2.15,0.0,5.9032764e-06
2.15,0.0,8.195698e-06
2.15,0.0,9.22442e-06
2.15,0.0,1.1706191e-05
2.15,0.0,2.294074e-05
2.15,0.0,9.400935e-05
2.15,0.0,0.00017581295
2.15,0.0,2.4804376e-06
2.15,0.0,7.022419e-08
2.15,0.0,9.92041e-06
2.15,0.0,2.3285697e-06
2.15,0.0,5.4024633e-07
2.15,0.0,1.3787e-10
2.15,0.0,3.0281082e-09
2.15,0.0,8.723687e-08
2.15,0.0,8.3955674e-05
2.15,0.0,2.4258063e-06
2.15,0.0,6.258187e-07
2.15,0.0,2.2609099e-07
2.15,0.0,2.6419835e-07
2.15,0.0,6.7098255e-05
2.15,0.0,3.7606417e-06
2.15,0.0,2.6546576e-09
2.15,0.0,4.8469413e-08
2.15,0.0,1.0062812e-06
2.15,0.0,2.959802e-05
2.15,0.0,5.3586034e-05
2.15,0.0,9.3623596e-05
2.15,0.0,3.7561432e-07
2.15,0.0,2.8456001e-05
2.15,0.0,1.2381279e-05
2.15,0.0,2.2297456e-07
2.15,0.0,5.9096008e-05
2.15,0.0,2.0291413e-06
2.15,0.0,1.5775915e-06
2.15,0.0,2.030781e-06
2.15,0.0,8.191876e-09
2.15,0.0,7.352056e-05
2.15,0.0,0.00014839479
2.15,0.0,2.0638041e-05
2.15,0.0,0.0037150863
2.15,0.0,0.00012317357
2.15,0.0,9.494658e-05
2.15,0.0,2.3559089e-05
2.15,0.0,0.000773431
2.15,0.0,6.408215e-07
2.15,0.0,0.00062990416
2.15,0.0,0.005213358
2.15,0.0,1.3584497e-05
2.15,0.0,6.4727305e-05
2.15,0.0,2.8956165e-07
2.15,0.0,2.6998295e-08
2.15,0.0,5.3094395e-06
2.15,0.0,1.1299774e-05
2.15,0.0,7.4584625e-07
2.15,0.0,0.00027008465
2.15,0.0,1.7358191e-07
2.15,0.0,9.080717e-09
2.15,0.0,6.355294e-06
2.15,0.0,3.5781236e-06
2.15,0.0,5.567506e-08
2.15,0.0,5.7511632e-05
2.15,0.0,6.7931983e-06
2.15,0.0,1.8264343e-05
2.15,0.0,0.0008273342
2.15,0.0,1.4292412e-05
2.15,0.0,5.9704985e-06
2.15,0.0,7.257766e-05
2.15,0.0,0.0002091625
2.15,0.0,3.038089e-08
2.15,0.0,4.4178705e-06
2.15,0.0,1.556045e-07
2.15,0.0,5.243381e-06
2.15,0.0,2.3528628e-07
2.15,0.0,7.626749e-08
2.15,0.0,2.7673462e-08
2.15,0.0,2.0849625e-07
2.15,0.0,3.3367556e-07
2.15,0.0,3.2201112e-06
0.6,1.0,1.0
0.6,1.0,1.0
0.6,1.0,1.0
0.6,1.0,1.0
0.6,1.0,1.0
0.6,1.0,1.0
0.6,1.0,1.0
0.6,1.0,1.0
0.6,1.0,1.0
0.6,1.0,1.0
0.6,1.0,1.0
0.6,1.0,1.0
0.6,1.0,1.0
0.6,1.0,1.0
0.6,1.0,1.0
0.6,1.0,1.0
0.6,1.0,1.0
0.6,1.0,1.0
0.6,1.0,0.9999995
0.6,1.0,0.99999976
0.6,1.0,1.0
0.6,1.0,1.0
0.6,1.0,0.99999976
0.6,1.0,1.0
0.6,1.0,0.99999976
0.6,1.0,1.0
0.6,1.0,0.9999999
0.6,1.0,0.9999999
0.6,1.0,0.9999999
0.6,1.0,1.0
0.6,1.0,0.99999964
0.6,1.0,0.99999917
0.6,1.0,0.99999976
0.6,1.0,1.0
0.6,1.0,0.99999976
0.6,1.0,0.99999905
0.6,1.0,0.9999994
0.6,1.0,0.9999994
0.6,1.0,0.99999976
0.6,1.0,1.0
0.6,1.0,1.0
0.6,1.0,0.99999964
0.6,1.0,0.99999917
0.6,1.0,1.0
0.6,1.0,1.0
0.6,1.0,0.9999995
0.6,1.0,0.9999981
0.6,1.0,1.0
0.6,1.0,0.9999999
0.6,1.0,0.9999995
2.2,0.0,8.857969e-09
2.2,0.0,3.6886431e-06
2.2,0.0,8.381334e-06
2.2,0.0,6.4526793e-09
2.2,0.0,4.9960903e-07
2.2,0.0,8.310383e-08
2.2,0.0,2.055658e-06
2.2,0.0,3.8884778e-07
2.2,0.0,0.00076165854
2.2,0.0,0.0009514826
2.2,0.0,1.1986762e-06
2.2,0.0,5.0903276e-05
2.2,0.0,4.2138173e-09
2.2,0.0,3.967823e-07
2.2,0.0,4.9760515e-06
2.2,0.0,2.3113581e-07
2.2,0.0,0.0007744709
2.2,0.0,4.4312662e-07
2.2,0.0,0.0003349437
2.2,0.0,2.9815675e-07
2.2,0.0,4.9307684e-05
2.2,0.0,0.00089960627
2.2,0.0,5.7465026e-05
2.2,0.0,8.9639925e-06
2.2,0.0,8.796871e-06
2.2,0.0,3.0036023e-05
2.2,0.0,1.4730663e-05
2.2,0.0,2.7916169e-05
2.2,0.0,3.6645435e-08
2.2,0.0,6.01873e-05
2.2,0.0,2.7878464e-06
2.2,0.0,1.4813263e-06
2.2,0.0,1.205749e-06
2.2,0.0,1.6422122e-05
2.2,0.0,0.0021799123
2.2,0.0,6.963802e-05
2.2,0.0,1.71229e-05
2.2,0.0,1.3781303e-06
2.2,0.0,6.0555044e-06
2.2,0.0,8.494185e-07
2.2,0.0,3.7127247e-05
2.2,0.0,0.00033426235
2.2,0.0,0.00043210597
2.2,0.0,9.649789e-06
2.2,0.0,3.82958e-06
2.2,0.0,1.6594127e-08
2.2,0.0,2.4137865e-08
2.2,0.0,1.300631e-05
2.2,0.0,1.9214915e-06
2.2,0.0,5.95869e-08
2.2,0.0,1.7076417e-06
2.2,0.0,0.0005499691
2.2,0.0,0.00033844245
2.2,0.0,4.9052458e-05
2.2,0.0,6.4998864e-07
2.2,0.0,2.1139103e-06
2.2,0.0,6.699727e-07
2.2,0.0,1.3889171e-05
2.2,0.0,1.4082603e-06
2.2,0.0,6.043033e-08
2.2,0.0,4.962944e-07
2.2,0.0,8.6778506e-08
2.2,0.0,1.6831431e-05
2.2,0.0,8.42324e-08
2.2,0.0,2.1982187e-07
2.2,0.0,2.6609365e-05
2.2,0.0,7.638671e-07
2.2,0.0,1.1865195e-05
2.2,0.0,3.1781754e-05
2.2,0.0,1.8779327e-06
2.2,0.0,3.7684572e-07
2.2,0.0,5.2610693e-07
2.2,0.0,1.9054501e-07
2.2,0.0,5.3411654e-06
2.2,0.0,1.2024913e-05
2.2,0.0,0.00012964838
2.2,0.0,9.106578e-06
2.2,0.0,1.1633241e-07
2.2,0.0,7.5912e-05
2.2,0.0,2.2748925e-07
2.2,0.0,1.7928167e-07
2.2,0.0,1.3256974e-07
2.2,0.0,7.170259e-08
2.2,0.0,1.0320414e-06
2.2,0.0,0.00020115793
2.2,0.0,6.2580357e-06
2.2,0.0,0.00018413678
2.2,0.0,0.0008398115
2.2,0.0,3.3196234e-06
2.2,0.0,1.1163039e-06
2.2,0.0,1.0657141e-06
2.2,0.0,1.6804743e-05
2.2,0.0,1.0548744e-06
2.2,0.0,3.0398564e-06
2.2,0.0,0.0010271652
2.2,0.0,7.0439154e-07
2.2,0.0,2.3240011e-07
2.2,0.0,9.218494e-07
2.2,0.0,0.00011576127
2.2,0.0,4.4662382e-10
2.2,0.0,6.829536e-05
2.2,0.0,6.3190987e-06
2.2,0.0,1.0617365e-08
2.2,0.0,0.00065314607
2.2,0.0,2.2964942e-07
2.2,0.0,0.00010837325
2.2,0.0,1.707531e-06
2.2,0.0,4.3163627e-06
2.2,0.0,2.1621345e-05
2.2,0.0,8.9892814e-07
2.2,0.0,3.2492192e-06
2.2,0.0,0.00010723866
2.2,0.0,4.6122336e-06
2.2,0.0,3.0593986e-07
2.2,0.0,1.9530578e-05
2.2,0.0,0.00011773887
2.2,0.0,7.875152e-07
2.2,0.0,1.5415568e-06
2.2,0.0,3.3320662e-06
2.2,0.0,7.1420594e-08
2.2,0.0,1.0908838e-08
2.2,0.0,5.1026414e-06
2.2,0.0,2.293954e-06
2.2,0.0,1.244884e-06
2.2,0.0,0.0007268698
2.2,0.0,7.3047477e-06
2.2,0.0,5.571178e-05
2.2,0.0,7.462871e-05
2.2,0.0,0.00015007777
2.2,0.0,1.3579472e-07
2.2,0.0,0.0008500163
2.2,0.0,6.847691e-05
2.2,0.0,8.8999215e-08
2.2,0.0,1.2021955e-05
2.2,0.0,6.070131e-09
2.2,0.0,2.177804e-05
2.2,0.0,2.029331e-06
2.2,0.0,5.8614904e-05
2.2,0.0,3.917363e-05
2.2,0.0,1.2330608e-07
2.2,0.0,3.2341313e-07
2.2,0.0,1.4868752e-05
2.2,0.0,0.00010980178
2.2,0.0,2.9613548e-05
2.2,0.0,0.00010065122
2.2,0.0,9.1430235e-07
2.2,0.0,8.820291e-06
2.2,0.0,5.2543633e-06
2.2,0.0,2.932063e-06
2.2,0.0,4.0897746e-10
2.2,0.0,8.125157e-05
2.2,0.0,2.6006144e-06
2.2,0.0,1.5346202e-05
2.2,0.0,4.4008066e-05
2.2,0.0,0.0017281462
2.2,0.0,2.9728684e-05
2.2,0.0,7.224591e-06
2.2,0.0,1.772766e-05
2.2,0.0,9.940636e-05
2.2,0.0,0.0025715162
2.2,0.0,4.4386128e-05
2.2,0.0,7.9832935e-06
2.2,0.0,5.0238018e-08
2.2,0.0,9.904642e-06
2.2,0.0,4.250891e-06
2.2,0.0,1.4044167e-05
2.2,0.0,1.0439256e-05
2.2,0.0,8.71868e-08
2.2,0.0,0.0003729035
2.2,0.0,1.4497417e-08
2.2,0.0,9.932214e-06
2.2,0.0,6.4375917e-07
2.2,0.0,1.227693e-06
2.2,0.0,7.5069192e-06
2.2,0.0,1.1810309e-07
2.2,0.0,2.4565875e-07
2.2,0.0,4.49712e-06
2.2,0.0,4.515324e-06
2.2,0.0,6.914951e-07
2.2,0.0,1.4651496e-06
2.2,0.0,0.0018744406
2.2,0.0,3.384795e-05
2.2,0.0,2.7873763e-05
2.2,0.0,0.00016744074
2.2,0.0,1.776112e-07
2.2,0.0,0.00010302546
2.2,0.0,1.60659e-05
2.2,0.0,2.1596355e-07
2.2,0.0,9.715876e-05
2.2,0.0,1.6976808e-05
2.2,0.0,3.1033144e-06
2.2,0.0,1.4334167e-06
2.2,0.0,1.0402762e-05
2.2,0.0,7.291816e-06
2.2,0.0,0.00080166874
2.2,0.0,5.3226428e-05
2.2,0.0,1.1174778e-05
2.2,0.0,1.0592354e-06
2.2,0.0,8.674555e-07
2.2,0.0,1.362159e-06
2.2,0.0,0.00026781607
2.2,0.0,7.8310986e-05
2.2,0.0,4.4829957e-08
2.2,0.0,7.334704e-05
2.2,0.0,0.0007049775
2.2,0.0,6.93233e-05
2.2,0.0,1.403055e-06
2.2,0.0,1.6112268e-05
2.2,0.0,2.055776e-05
2.2,0.0,5.800742e-07
2.2,0.0,7.248237e-07
2.2,0.0,0.0005496819
2.2,0.0,1.8835895e-05
2.2,0.0,7.628609e-05
2.2,0.0,5.349217e-07
2.2,0.0,1.8120001e-05
2.2,0.0,0.0075902794
2.2,0.0,9.8420934e-08
2.2,0.0,7.601414e-05
2.2,0.0,8.195556e-06
2.2,0.0,0.000104963015
2.2,0.0,1.0095267e-07
2.2,0.0,0.0001656496
2.2,0.0,3.7153984e-09
2.2,0.0,3.435166e-06
2.2,0.0,2.8581832e-07
2.2,0.0,6.522776e-07
2.2,0.0,9.607623e-06
2.2,0.0,1.4756582e-06
2.2,0.0,3.305417e-06
2.2,0.0,4.379329e-09
2.2,0.0,7.261037e-08
2.2,0.0,0.0010598333
2.2,0.0,8.41889e-06
2.2,0.0,2.8816112e-07
2.2,0.0,1.4750192e-07
2.2,0.0,9.369782e-05
2.2,0.0,6.995674e-06
2.2,0.0,4.2243882e-06
2.2,0.0,4.859883e-07
2.2,0.0,4.421407e-06
2.2,0.0,2.9755402e-05
2.2,0.0,4.1864125e-05
2.2,0.0,1.5776754e-05
2.2,0.0,1.5002121e-06
2.2,0.0,3.7174457e-06
2.2,0.0,7.469977e-05
2.2,0.0,3.7681053e-05
2.2,0.0,8.98083e-05
2.2,0.0,0.000104701
2.25,0.0,3.487971e-06
2.25,0.0,1.0724206e-06
2.25,0.0,4.554084e-07
2.25,0.0,1.2622273e-07
2.25,0.0,5.6608234e-09
2.25,0.0,1.5858164e-05
2.25,0.0,4.5673438e-05
2.25,0.0,2.2607123e-06
2.25,0.0,9.729155e-06
2.25,0.0,2.0540539e-07
2.25,0.0,0.0016245781
2.25,0.0,1.0536292e-05
2.25,0.0,0.0002109478
2.25,0.0,0.00093463704
2.25,0.0,2.096868e-06
2.25,0.0,0.0001879108
2.25,0.0,2.5024154e-05
2.25,0.0,4.775111e-06
2.25,0.0,5.1682196e-07
2.25,0.0,0.0006117203
2.25,0.0,5.719296e-06
2.25,0.0,4.6779736e-05
2.25,0.0,0.00024804083
2.25,0.0,2.0484542e-06
2.25,0.0,0.0002292692
2.25,0.0,7.991413e-06
2.25,0.0,1.0363583e-06
2.25,0.0,0.00011493622
2.25,0.0,5.6110166e-05
2.25,0.0,5.3811345e-07
2.25,0.0,2.3462333e-06
2.25,0.0,7.495672e-08
2.25,0.0,9.657688e-06
2.25,0.0,9.07258e-07
2.25,0.0,7.02357e-06
2.25,0.0,1.6999172e-06
2.25,0.0,2.601676e-05
2.25,0.0,0.0029279748
2.25,0.0,8.173361e-05
2.25,0.0,0.00029702787
2.25,0.0,1.2923047e-06
2.25,0.0,2.3700788e-05
2.25,0.0,1.61563e-07
2.25,0.0,0.00014092286
2.25,0.0,1.1909501e-07
2.25,0.0,1.1648666e-06
2.25,0.0,6.6383163e-06
2.25,0.0,0.00031028406
2.25,0.0,3.444268e-07
2.25,0.0,2.4265686e-08
2.25,0.0,2.7810253e-05
2.25,0.0,1.543325e-06
2.25,0.0,1.276545e-06
2.25,0.0,3.7816262e-05
2.25,0.0,2.3194332e-05
2.25,0.0,1.8994606e-06
2.25,0.0,8.196066e-07
2.25,0.0,1.2598389e-07
2.25,0.0,1.4456197e-05
2.25,0.0,3.5171124e-05
2.25,0.0,6.041822e-07
2.25,0.0,4.381167e-09
2.25,0.0,1.035509e-07
2.25,0.0,1.2395704e-05
2.25,0.0,3.516076e-05
2.25,0.0,3.3163137e-06
2.25,0.0,3.8433877e-06
2.25,0.0,4.278553e-08
2.25,0.0,1.3674312e-05
2.25,0.0,1.5792324e-07
2.25,0.0,2.0918642e-05
2.25,0.0,3.581615e-05
2.25,0.0,2.3004825e-06
2.25,0.0,5.8055205e-09
2.25,0.0,4.896514e-08
2.25,0.0,5.3413737e-06
2.25,0.0,5.2438958e-05
2.25,0.0,3.411752e-05
2.25,0.0,2.0780276e-06
2.25,0.0,5.0694935e-06
2.25,0.0,0.00013996028
2.25,0.0,4.9511226e-09
2.25,0.0,6.725731e-07
2.25,0.0,5.5351255e-05
2.25,0.0,5.065425e-08
2.25,0.0,1.7128388e-05
2.25,0.0,9.543316e-06
2.25,0.0,9.6968975e-09
2.25,0.0,2.3540936e-06
2.25,0.0,2.572676e-05
2.25,0.0,3.1256498e-06
2.25,0.0,1.5774441e-06
2.25,0.0,9.615615e-06
2.25,0.0,7.9710695e-08
2.25,0.0,9.070227e-06
2.25,0.0,1.4184556e-06
2.25,0.0,0.0050689774
2.25,0.0,0.00077002344
2.25,0.0,8.110821e-06
2.25,0.0,0.0010745944
2.25,0.0,1.2741673e-06
2.25,0.0,3.631646e-08
2.25,0.0,0.00033400083
2.25,0.0,3.4563513e-05
2.25,0.0,1.4780976e-06
2.25,0.0,0.000103917024
2.25,0.0,4.4348346e-07
2.25,0.0,4.4442334e-08
2.25,0.0,1.5210931e-05
2.25,0.0,4.351762e-05
2.25,0.0,1.497896e-06
2.25,0.0,2.8553657e-06
2.25,0.0,0.000828831
2.25,0.0,9.89773e-06
2.25,0.0,3.1782417e-07
2.25,0.0,4.7533733e-05
2.25,0.0,3.813168e-05
2.25,0.0,6.2629334e-07
2.25,0.0,2.452234e-07
2.25,0.0,4.5115e-08
2.25,0.0,1.4340964e-06
2.25,0.0,1.1664469e-05
2.25,0.0,8.598249e-06
2.25,0.0,1.3948717e-05
2.25,0.0,0.00021523591
2.25,0.0,1.3444712e-06
2.25,0.0,0.000112674075
2.25,0.0,3.3070104e-05
2.25,0.0,1.7471905e-06
2.25,0.0,4.3643013e-07
2.25,0.0,5.2165643e-07
2.25,0.0,0.00058931386
2.25,0.0,6.259826e-06
2.25,0.0,1.0876035e-05
2.25,0.0,4.7101088e-07
2.25,0.0,8.696605e-07
2.25,0.0,1.3855245e-06
2.25,0.0,8.2456445e-06
2.25,0.0,6.7652045e-06
2.25,0.0,6.61892e-07
2.25,0.0,1.367576e-07
2.25,0.0,1.9154191e-08
2.25,0.0,6.4037613e-07
2.25,0.0,0.00016109172
2.25,0.0,1.1884756e-07
2.25,0.0,4.485868e-05
2.25,0.0,4.9530314e-05
2.25,0.0,0.00011160615
2.25,0.0,1.2365033e-06
2.25,0.0,1.4889517e-07
2.25,0.0,1.4013858e-07
2.25,0.0,2.9964984e-05
2.25,0.0,0.00018780334
2.25,0.0,4.8302553e-08
2.25,0.0,1.6202686e-05
2.25,0.0,0.0003997432
2.25,0.0,6.004015e-05
2.25,0.0,1.3974303e-06
2.25,0.0,7.612461e-07
2.25,0.0,0.0001997975
2.25,0.0,9.549984e-05
2.25,0.0,0.0015828408
2.25,0.0,0.00011783524
2.25,0.0,5.91007e-06
2.25,0.0,1.0017045e-06
2.25,0.0,0.0001571513
2.25,0.0,5.858175e-06
2.25,0.0,4.0938298e-07
2.25,0.0,1.4075326e-06
2.25,0.0,7.6946844e-07
2.25,0.0,3.2122117e-07
2.25,0.0,0.00020056329
2.25,0.0,5.980038e-06
2.25,0.0,1.0768202e-06
2.25,0.0,2.9494528e-05
2.25,0.0,1.7600983e-07
2.25,0.0,2.7256695e-07
2.25,0.0,5.423664e-05
2.25,0.0,1.9074705e-05
2.25,0.0,2.0851248e-08
2.25,0.0,0.0001272437
2.25,0.0,8.27227e-08
2.25,0.0,1.3962351e-07
2.25,0.0,8.766034e-07
2.25,0.0,3.5007474e-06
2.25,0.0,1.341378e-07
2.25,0.0,4.9721362e-05
2.25,0.0,4.0294577e-07
2.25,0.0,7.560872e-05
2.25,0.0,3.113239e-08
2.25,0.0,1.2014217e-06
2.25,0.0,6.162579e-07
2.25,0.0,1.1583235e-05
2.25,0.0,3.176018e-05
2.25,0.0,1.8672838e-05
2.25,0.0,9.448956e-07
2.25,0.0,9.04242e-08
2.25,0.0,6.7981004e-05
2.25,0.0,3.3422122e-05
2.25,0.0,3.5815677e-07
2.25,0.0,6.239336e-06
2.25,0.0,5.055354e-07
2.25,0.0,4.2628972e-08
2.25,0.0,1.0999619e-06
2.25,0.0,1.8779651e-06
2.25,0.0,3.3220498e-05
2.25,0.0,2.2591848e-05
2.25,0.0,5.605605e-07
2.25,0.0,0.0005983844
2.25,0.0,6.2426507e-06
2.25,0.0,1.632229e-05
2.25,0.0,2.2039665e-05
2.25,0.0,4.1096278e-06
2.25,0.0,1.6215456e-05
2.25,0.0,6.3504044e-06
2.25,0.0,1.9449276e-06
2.25,0.0,5.366679e-06
2.25,0.0,2.6688325e-05
2.25,0.0,2.232189e-06
2.25,0.0,1.0255226e-05
2.25,0.0,6.4690227e-07
2.25,0.0,1.4939586e-06
2.25,0.0,3.496266e-07
2.25,0.0,1.2743423e-06
2.25,0.0,0.00012493349
2.25,0.0,2.3523086e-07
2.25,0.0,1.9160079e-07
2.25,0.0,0.0001250677
2.25,0.0,2.1448635e-07
2.25,0.0,2.6984633e-05
2.25,0.0,9.4034147e-07
2.25,0.0,3.6678941e-06
2.25,0.0,3.7926277e-06
2.25,0.0,1.3339322e-06
2.25,0.0,0.00037476828
2.25,0.0,1.7394168e-05
2.25,0.0,1.322538e-07
2.25,0.0,1.9439635e-06
2.25,0.0,2.0036812e-06
2.25,0.0,2.173819e-07
2.25,0.0,1.7767163e-05
2.25,0.0,2.5735196e-06
2.25,0.0,1.1232516e-06
2.25,0.0,2.2315442e-06
2.25,0.0,0.0013012803
2.25,0.0,1.1633618e-07
2.25,0.0,6.083306e-07
2.25,0.0,5.6042147e-05
2.25,0.0,1.5539807e-05
2.25,0.0,7.508779e-05
0.65,1.0,1.0
0.65,1.0,1.0
0.65,1.0,1.0
0.65,1.0,1.0
0.65,1.0,1.0
0.65,1.0,0.99999976
0.65,1.0,0.99999976
0.65,1.0,0.9999994
0.65,1.0,1.0
0.65,1.0,1.0
0.65,1.0,1.0
0.65,1.0,1.0
0.65,1.0,0.99999964
0.65,1.0,0.9999999
0.65,1.0,1.0
0.65,1.0,1.0
0.65,1.0,0.9999999
0.65,1.0,1.0
0.65,1.0,0.9999999
0.65,1.0,1.0
0.65,1.0,0.99999976
0.65,1.0,0.999998
0.65,1.0,0.9999999
0.65,1.0,1.0
0.65,1.0,1.0
0.65,1.0,0.9999999
0.65,1.0,0.9999999
0.65,1.0,0.99999845
0.65,1.0,0.99999976
0.65,1.0,1.0
0.65,1.0,0.99999964
0.65,1.0,0.9999995
0.65,1.0,1.0
0.65,1.0,1.0
0.65,1.0,1.0
0.65,1.0,1.0
0.65,1.0,0.9999999
0.65,1.0,1.0
0.65,1.0,1.0
0.65,1.0,0.9999999
0.65,1.0,1.0
0.65,1.0,0.9999995
0.65,1.0,0.99999917
0.65,1.0,0.9999999
0.65,1.0,0.99999976
0.65,1.0,0.99999976
0.65,1.0,1.0
0.65,1.0,0.9999999
0.65,1.0,1.0
0.65,1.0,0.9999999
0.65,1.0,1.0
0.65,1.0,0.9999999
0.65,1.0,1.0
0.65,1.0,1.0
0.65,1.0,0.9999999
0.65,1.0,0.9999999
0.65,1.0,0.9999999
0.65,1.0,0.9999999
0.65,1.0,0.9999995
0.65,1.0,1.0
0.65,1.0,0.99999964
0.65,1.0,1.0
0.65,1.0,0.9999989
0.65,1.0,0.9999994
0.65,1.0,0.99999964
0.65,1.0,0.9999999
0.65,1.0,0.9999999
0.65,1.0,0.9999968
0.65,1.0,0.9999418
0.65,1.0,0.9999999
0.65,1.0,0.9999982
0.65,1.0,0.9999598
0.65,1.0,0.99999964
0.65,1.0,0.99999917
0.65,1.0,0.99999964
0.65,1.0,0.99999976
0.65,1.0,0.9999993
0.65,1.0,0.99999964
0.65,1.0,1.0
0.65,1.0,0.99999964
0.65,1.0,0.99999964
0.65,1.0,0.9999969
0.65,1.0,0.9999999
0.65,1.0,0.999998
0.65,1.0,0.9999981
0.65,1.0,0.9999994
0.65,1.0,0.9999999
0.65,1.0,0.9999995
0.65,1.0,0.9999945
0.65,1.0,0.999998
0.65,1.0,0.99999726
0.65,1.0,0.99999976
0.65,1.0,0.9999988
0.65,1.0,0.99999905
0.65,1.0,0.99999666
0.65,1.0,0.9999995
0.65,1.0,0.999997
0.65,1.0,0.99999833
0.65,1.0,0.9999995
0.65,1.0,0.99999976
0.65,1.0,1.0
0.65,1.0,1.0
0.65,1.0,1.0
0.65,1.0,1.0
0.65,1.0,1.0
0.65,1.0,1.0
0.65,1.0,1.0
0.65,1.0,1.0
0.65,1.0,1.0
0.65,1.0,1.0
0.65,1.0,1.0
0.65,1.0,1.0
0.65,1.0,1.0
0.65,1.0,1.0
0.65,1.0,1.0
0.65,1.0,1.0
0.65,1.0,1.0
0.65,1.0,0.9999999
0.65,1.0,1.0
0.65,1.0,1.0
0.65,1.0,1.0
0.65,1.0,1.0
0.65,1.0,0.99994695
0.65,1.0,0.9999994
0.65,1.0,1.0
0.65,1.0,1.0
0.65,1.0,0.9999999
0.65,1.0,0.99999964
0.65,1.0,1.0
0.65,1.0,1.0
0.65,1.0,1.0
0.65,1.0,0.99999905
0.65,1.0,0.9999999
0.65,1.0,1.0
0.65,1.0,0.99999905
0.65,1.0,1.0
0.65,1.0,0.99999976
0.65,1.0,1.0
0.65,1.0,0.9999999
0.65,1.0,1.0
0.65,1.0,0.99999976
0.65,1.0,0.9999999
0.65,1.0,0.9999994
0.65,1.0,1.0
0.65,1.0,0.99999976
0.65,1.0,0.9999999
0.65,1.0,1.0
0.65,1.0,1.0
0.65,1.0,1.0
0.65,1.0,1.0
0.65,1.0,1.0
0.65,1.0,1.0
0.65,1.0,1.0
0.65,1.0,1.0
0.65,1.0,0.99999917
0.65,1.0,1.0
0.65,1.0,1.0
0.65,1.0,0.9999999
0.65,1.0,0.9999999
0.65,1.0,1.0
0.65,1.0,1.0
0.65,1.0,1.0
0.65,1.0,1.0
0.65,1.0,1.0
0.65,1.0,0.9999999
0.65,1.0,1.0
0.65,1.0,0.99999976
0.65,1.0,0.9999993
0.65,1.0,0.9999993
0.65,1.0,0.99999964
0.65,1.0,0.9999995
0.65,1.0,0.9999999
0.65,1.0,0.9999999
0.65,1.0,0.999997
0.65,1.0,0.9999999
0.65,1.0,0.9999999
0.65,1.0,0.999949
0.65,1.0,0.9999999
0.65,1.0,1.0
0.65,1.0,0.9999995
0.65,1.0,0.99999964
0.65,1.0,0.99999857
0.65,1.0,0.9999999
0.65,1.0,0.9999999
0.65,1.0,0.9999999
0.65,1.0,0.9999999
0.65,1.0,0.99999976
0.65,1.0,0.9999999
0.65,1.0,0.9999999
0.65,1.0,0.9999999
0.65,1.0,0.99999964
0.65,1.0,0.9999994
0.65,1.0,0.99999857
0.65,1.0,0.9999999
0.65,1.0,0.99999714
0.65,1.0,0.9999994
0.65,1.0,0.9999993
0.65,1.0,1.0
0.65,1.0,0.9999987
0.65,1.0,0.9999999
0.65,1.0,1.0
0.65,1.0,1.0
0.65,1.0,1.0
0.65,1.0,1.0
0.65,1.0,1.0
0.65,1.0,1.0
0.65,1.0,1.0
0.65,1.0,1.0
0.65,1.0,1.0
0.65,1.0,1.0
0.65,1.0,1.0
0.65,1.0,1.0
0.65,1.0,1.0
0.65,1.0,1.0
0.65,1.0,1.0
0.65,1.0,1.0
0.65,1.0,1.0
0.65,1.0,1.0
0.65,1.0,1.0
0.65,1.0,1.0
0.65,1.0,1.0
0.65,1.0,1.0
0.65,1.0,1.0
0.65,1.0,1.0
0.65,1.0,1.0
0.65,1.0,1.0
0.65,1.0,1.0
0.65,1.0,1.0
0.65,1.0,0.9999999
0.65,1.0,1.0
0.65,1.0,1.0
0.65,1.0,1.0
0.65,1.0,0.9999999
0.65,1.0,1.0
0.65,1.0,0.9999999
0.65,1.0,0.99999976
0.65,1.0,1.0
0.65,1.0,1.0
0.65,1.0,0.9999994
0.65,1.0,0.9999999
0.65,1.0,0.9999999
0.65,1.0,1.0
0.65,1.0,0.9999999
0.65,1.0,0.9999999
0.65,1.0,0.99999964
0.65,1.0,0.9999999
0.65,1.0,1.0
0.65,1.0,0.99999964
0.65,1.0,0.9999999
0.65,1.0,0.99999976
0.5,1.0,1.0
0.5,1.0,1.0
0.5,1.0,1.0
0.5,1.0,1.0
0.5,1.0,1.0
0.5,1.0,1.0
0.5,1.0,1.0
0.5,1.0,1.0
0.5,1.0,1.0
0.5,1.0,1.0
0.5,1.0,1.0
0.5,1.0,1.0
0.5,1.0,1.0
0.5,1.0,1.0
0.5,1.0,0.99999976
0.5,1.0,0.9999999
0.5,1.0,1.0
0.5,1.0,0.9999999
0.5,1.0,1.0
0.5,1.0,0.99999976
0.5,1.0,1.0
0.5,1.0,1.0
0.5,1.0,1.0
0.5,1.0,1.0
0.5,1.0,0.99999976
0.5,1.0,0.99999976
0.5,1.0,0.9999999
0.5,1.0,0.9999995
0.5,1.0,1.0
0.5,1.0,0.99999976
0.5,1.0,0.9999999
0.5,1.0,1.0
0.5,1.0,0.9999994
0.5,1.0,0.9999999
0.5,1.0,0.9999999
0.5,1.0,1.0
0.5,1.0,0.9999999
0.5,1.0,1.0
0.5,1.0,0.9999999
0.5,1.0,0.99999964
0.5,1.0,0.9999995
0.5,1.0,0.9999999
0.5,1.0,0.9999994
0.5,1.0,0.99999917
0.5,1.0,0.9999995
0.5,1.0,0.9999999
0.5,1.0,0.99999976
0.5,1.0,0.9999994
0.5,1.0,0.99999976
0.5,1.0,0.99999905
0.7,1.0,0.9999995
0.7,1.0,0.9999999
0.7,1.0,0.9999999
0.7,1.0,0.9999987
0.7,1.0,0.9999995
0.7,1.0,0.9999987
0.7,1.0,0.99999964
0.7,1.0,0.99999976
0.7,1.0,0.9999989
0.7,1.0,0.99999344
0.7,1.0,0.9999976
0.7,1.0,0.999984
0.7,1.0,0.99999774
0.7,1.0,0.9999962
0.7,1.0,0.9999975
0.7,1.0,0.99996924
0.7,1.0,0.9999982
0.7,1.0,0.99996483
0.7,1.0,0.99997115
0.7,1.0,0.9999956
0.7,1.0,0.9999436
0.7,1.0,0.99999213
0.7,1.0,0.99998975
0.7,1.0,0.9999882
0.7,1.0,0.9999962
0.7,1.0,0.99998176
0.7,1.0,0.9999964
0.7,1.0,0.9999949
0.7,1.0,0.9999815
0.7,1.0,0.99992406
0.7,1.0,0.99997604
0.7,1.0,0.9999858
0.7,1.0,0.99988747
0.7,1.0,0.9993838
0.7,1.0,0.9999076
0.7,1.0,0.99996746
0.7,1.0,0.9999523
0.7,1.0,0.99999726
0.7,1.0,0.9999988
0.7,1.0,0.9999529
0.7,1.0,0.9999795
0.7,1.0,0.9999894
0.7,1.0,0.99998295
0.7,1.0,0.99992466
0.7,1.0,0.9999198
0.7,1.0,0.999652
0.7,1.0,0.99951875
0.7,1.0,0.9994861
0.7,1.0,0.99882644
0.7,1.0,0.9993674
0.7,1.0,0.99999857
0.7,1.0,1.0
0.7,1.0,0.9999863
0.7,1.0,0.99996924
0.7,1.0,0.9999933
0.7,1.0,0.9999975
0.7,1.0,0.99999845
0.7,1.0,0.9999995
0.7,1.0,0.9999994
0.7,1.0,1.0
0.7,1.0,0.9999999
0.7,1.0,0.99999857
0.7,1.0,0.9999995
0.7,1.0,0.99999976
0.7,1.0,0.999998
0.7,1.0,0.9999994
0.7,1.0,1.0
0.7,1.0,0.99999416
0.7,1.0,0.99999917
0.7,1.0,0.9999995
0.7,1.0,0.99999905
0.7,1.0,0.9999995
0.7,1.0,0.99999976
0.7,1.0,0.9999999
0.7,1.0,0.9999999
0.7,1.0,0.9999989
0.7,1.0,0.9999999
0.7,1.0,0.999997
0.7,1.0,0.9999994
0.7,1.0,0.999998
0.7,1.0,0.999979
0.7,1.0,0.9999989
0.7,1.0,0.99999964
0.7,1.0,0.9999999
0.7,1.0,0.99999857
0.7,1.0,0.999998
0.7,1.0,0.99999964
0.7,1.0,0.9999753
0.7,1.0,0.99999607
0.7,1.0,0.9999974
0.7,1.0,0.9999962
0.7,1.0,0.9999962
0.7,1.0,0.99999964
0.7,1.0,0.9999968
0.7,1.0,0.99999714
0.7,1.0,0.99999547
0.7,1.0,0.99999917
0.7,1.0,0.9999988
0.7,1.0,0.9999918
0.7,1.0,0.9999993
0.7,1.0,0.9999988
0.7,1.0,0.999977
0.7,1.0,0.999998
0.7,1.0,0.99986064
0.7,1.0,0.99999785
0.7,1.0,0.9999999
0.7,1.0,0.9999999
0.7,1.0,0.99999905
0.7,1.0,0.9999225
0.7,1.0,0.9999957
0.7,1.0,0.9999995
0.7,1.0,0.9999999
0.7,1.0,0.9999982
0.7,1.0,0.9999988
0.7,1.0,0.9999689
0.7,1.0,0.99999964
0.7,1.0,0.999998
0.7,1.0,0.9999964
0.7,1.0,0.9999987
0.7,1.0,0.999998
0.7,1.0,0.99999833
0.7,1.0,0.9999894
0.7,1.0,0.9999995
0.7,1.0,0.99999905
0.7,1.0,0.99981433
0.7,1.0,0.9999993
0.7,1.0,0.9999932
0.7,1.0,0.9999933
0.7,1.0,0.99992824
0.7,1.0,0.9999993
0.7,1.0,0.9999994
0.7,1.0,0.9999993
0.7,1.0,0.9999827
0.7,1.0,0.9999902
0.7,1.0,0.9999721
0.7,1.0,0.9999844
0.7,1.0,0.9999989
0.7,1.0,0.9999827
0.7,1.0,0.9999987
0.7,1.0,0.99992573
0.7,1.0,0.9999981
0.7,1.0,0.99999905
0.7,1.0,0.99998677
0.7,1.0,0.99995553
0.7,1.0,0.99999714
0.7,1.0,0.9999933
0.7,1.0,0.9999925
0.7,1.0,0.9999753
0.7,1.0,0.9999902
0.7,1.0,0.9999988
0.7,1.0,0.9999993
0.7,1.0,0.9999999
0.7,1.0,1.0
0.7,1.0,1.0
0.7,1.0,0.99999964
0.7,1.0,0.99999976
0.7,1.0,0.9999989
0.7,1.0,0.9999651
0.7,1.0,0.99999976
0.7,1.0,0.9999975
0.7,1.0,0.9999974
0.7,1.0,0.9999999
0.7,1.0,0.99999964
0.7,1.0,0.99999523
0.7,1.0,0.99999654
0.7,1.0,1.0
0.7,1.0,0.9999994
0.7,1.0,0.99999905
0.7,1.0,0.9999957
0.7,1.0,0.9999945
0.7,1.0,0.9999993
0.7,1.0,0.99999547
0.7,1.0,0.99999607
0.7,1.0,0.9999944
0.7,1.0,0.99999785
0.7,1.0,0.99999917
0.7,1.0,0.99999964
0.7,1.0,0.9999963
0.7,1.0,0.9999888
0.7,1.0,0.99999034
0.7,1.0,0.9999993
0.7,1.0,0.99999714
0.7,1.0,0.9999999
0.7,1.0,0.99999857
0.7,1.0,0.9999994
0.7,1.0,0.9999999
0.7,1.0,0.9999999
0.7,1.0,0.9999999
0.7,1.0,0.99999964
0.7,1.0,0.9999999
0.7,1.0,1.0
0.7,1.0,0.99999726
0.7,1.0,0.9999975
0.7,1.0,0.999995
0.7,1.0,0.99999964
0.7,1.0,0.99999964
0.7,1.0,0.9999957
0.7,1.0,0.99999964
0.7,1.0,0.99999714
0.7,1.0,0.9999994
0.7,1.0,0.9999999
0.7,1.0,0.99999964
0.7,1.0,0.9999993
0.7,1.0,0.9999962
0.7,1.0,0.9999962
0.7,1.0,0.9999993
0.7,1.0,0.99999964
0.7,1.0,0.9999999
0.7,1.0,0.99999464
0.7,1.0,0.9999956
0.7,1.0,0.9999944
0.7,1.0,0.99999416
0.7,1.0,0.9999944
0.7,1.0,0.9999949
0.7,1.0,0.9999969
0.7,1.0,0.99999976
0.7,1.0,0.99999976
0.7,1.0,0.99999547
0.7,1.0,0.9999963
0.7,1.0,0.9999989
0.7,1.0,0.999967
0.7,1.0,0.9999995
0.7,1.0,0.99997866
0.7,1.0,0.99998736
0.7,1.0,0.9999913
0.7,1.0,0.9999368
0.7,1.0,0.9999864
0.7,1.0,0.9999901
0.7,1.0,0.9999702
0.7,1.0,0.9999075
0.7,1.0,0.9999882
0.7,1.0,0.99963176
0.7,1.0,0.9994499
0.7,1.0,0.99953055
0.7,1.0,0.9998429
0.7,1.0,0.999841
0.7,1.0,0.99936336
0.7,1.0,0.9999629
0.7,1.0,0.99991214
0.7,1.0,0.99972576
0.7,1.0,0.999015
0.7,1.0,0.99997175
0.7,1.0,0.99997807
0.7,1.0,0.99996793
0.7,1.0,0.99996483
0.7,1.0,0.9999832
0.7,1.0,0.9999045
0.7,1.0,0.99992204
0.7,1.0,0.9998012
0.7,1.0,0.9999943
0.75,1.0,0.99999774
0.75,1.0,0.99999964
0.75,1.0,0.99999976
0.75,1.0,0.9999969
0.75,1.0,0.9999994
0.75,1.0,0.9999999
0.75,1.0,0.99999976
0.75,1.0,0.99999964
0.75,1.0,0.9999988
0.75,1.0,0.9999994
0.75,1.0,0.99999976
0.75,1.0,0.9999999
0.75,1.0,0.99999917
0.75,1.0,0.9999995
0.75,1.0,1.0
0.75,1.0,0.9999999
0.75,1.0,0.9999993
0.75,1.0,1.0
0.75,1.0,1.0
0.75,1.0,0.9999995
0.75,1.0,0.9999995
0.75,1.0,0.9999976
0.75,1.0,1.0
0.75,1.0,0.99999976
0.75,1.0,0.9999999
0.75,1.0,0.99999905
0.75,1.0,0.99999976
0.75,1.0,0.99999833
0.75,1.0,0.99999857
0.75,1.0,0.9999993
0.75,1.0,0.9999964
0.75,1.0,0.99993074
0.75,1.0,0.9999788
0.75,1.0,0.99998367
0.75,1.0,0.99999607
0.75,1.0,0.9999963
0.75,1.0,0.99997103
0.75,1.0,0.99999654
0.75,1.0,0.9999987
0.75,1.0,0.99980193
0.75,1.0,0.99999356
0.75,1.0,0.9999951
0.75,1.0,0.9999149
0.75,1.0,0.9999976
0.75,1.0,0.99997497
0.75,1.0,0.9999989
0.75,1.0,0.99997616
0.75,1.0,0.99999833
0.75,1.0,0.99999976
0.75,1.0,0.99999845
0.75,1.0,0.9999999
0.75,1.0,0.9999989
0.75,1.0,0.999998
0.75,1.0,0.99999833
0.75,1.0,0.9999896
0.75,1.0,0.99992
0.75,1.0,0.9999999
0.75,1.0,0.99999917
0.75,1.0,0.99999964
0.75,1.0,0.9999994
0.75,1.0,0.99999976
0.75,1.0,0.99999964
0.75,1.0,0.9999964
0.75,1.0,0.99999857
0.75,1.0,0.99999774
0.75,1.0,0.9999924
0.75,1.0,0.9999907
0.75,1.0,0.9999982
0.75,1.0,0.99989367
0.75,1.0,0.9999877
0.75,1.0,0.9999888
0.75,1.0,0.9999912
0.75,1.0,0.999992
0.75,1.0,0.99999774
0.75,1.0,0.9999949
0.75,1.0,0.9999887
0.75,1.0,0.9999279
0.75,1.0,0.99999845
0.75,1.0,0.9999924
0.75,1.0,0.9999994
0.75,1.0,0.99998546
0.75,1.0,0.9993105
0.75,1.0,0.9999777
0.75,1.0,0.99996233
0.75,1.0,0.99996436
0.75,1.0,0.9998746
0.75,1.0,0.9998412
0.75,1.0,0.999982
0.75,1.0,0.9999906
0.75,1.0,0.99994814
0.75,1.0,0.99996483
0.75,1.0,0.99999464
0.75,1.0,0.9999472
0.75,1.0,0.99999166
0.75,1.0,0.9999933
0.75,1.0,0.99999774
0.75,1.0,0.99999833
0.75,1.0,0.9999846
0.75,1.0,0.99998045
0.75,1.0,0.9999825
0.75,1.0,0.9999999
0.75,1.0,0.99999976
0.75,1.0,0.9999994
0.75,1.0,0.9999999
0.75,1.0,0.99999917
0.75,1.0,0.9999958
0.75,1.0,0.9999989
0.75,1.0,0.99999964
0.75,1.0,0.9999993
0.75,1.0,0.9999995
0.75,1.0,0.99999964
0.75,1.0,0.9999999
0.75,1.0,0.99999964
0.75,1.0,0.99999964
0.75,1.0,0.9999993
0.75,1.0,0.9999981
0.75,1.0,0.99999976
0.75,1.0,0.99998915
0.75,1.0,0.9999944
0.75,1.0,0.999995
0.75,1.0,0.9999999
0.75,1.0,1.0
0.75,1.0,0.9999999
0.75,1.0,0.99999976
0.75,1.0,0.9999994
0.75,1.0,0.9999999
0.75,1.0,0.9999989
0.75,1.0,0.99999964
0.75,1.0,0.9999999
0.75,1.0,0.999998
0.75,1.0,0.9999894
0.75,1.0,0.99999976
0.75,1.0,0.9999703
0.75,1.0,0.9999957
0.75,1.0,0.9999993
0.75,1.0,0.9999969
0.75,1.0,0.99999905
0.75,1.0,1.0
0.75,1.0,1.0
0.75,1.0,1.0
0.75,1.0,0.9999999
0.75,1.0,0.9999999
0.75,1.0,0.99999976
0.75,1.0,1.0
0.75,1.0,0.99999976
0.75,1.0,0.9999999
0.75,1.0,0.999998
0.75,1.0,0.99999917
0.75,1.0,0.9999994
0.75,1.0,0.9999926
0.75,1.0,0.99999404
0.75,1.0,0.9999994
0.75,1.0,0.99999964
0.75,1.0,0.9999889
0.75,1.0,0.9999951
0.75,1.0,0.9999659
0.75,1.0,0.9997416
0.75,1.0,0.9999926
0.75,1.0,0.9996325
0.75,1.0,0.9999653
0.75,1.0,0.9998628
0.75,1.0,0.9999993
0.75,1.0,0.99999356
0.75,1.0,0.9999627
0.75,1.0,0.99994063
0.75,1.0,0.9983937
0.75,1.0,0.9999578
0.75,1.0,0.9999969
0.75,1.0,0.99991524
0.75,1.0,0.9997564
0.75,1.0,0.9998155
0.75,1.0,0.9999895
0.75,1.0,0.9999975
0.75,1.0,0.99999225
0.75,1.0,0.9999988
0.75,1.0,0.9999945
0.75,1.0,0.99998033
0.75,1.0,0.9999981
0.75,1.0,0.9999944
0.75,1.0,0.9999708
0.75,1.0,0.9999943
0.75,1.0,0.9997961
0.75,1.0,0.99999547
0.75,1.0,0.9999883
0.75,1.0,0.9999409
0.75,1.0,0.9999616
0.75,1.0,0.9998416
0.75,1.0,0.9998342
0.75,1.0,0.9991128
0.75,1.0,0.99650264
0.75,1.0,0.99945873
0.75,1.0,0.99998116
0.75,1.0,0.99983525
0.75,1.0,0.99996495
0.75,1.0,0.99984527
0.75,1.0,0.99989927
0.75,1.0,0.9990741
0.75,1.0,0.99963593
0.75,1.0,0.99871576
0.75,1.0,0.9997726
0.75,1.0,0.9999995
0.75,1.0,0.9999994
0.75,1.0,0.999995
0.75,1.0,0.9999994
0.75,1.0,0.9999926
0.75,1.0,0.9999999
0.75,1.0,0.9999988
0.75,1.0,0.9999963
0.75,1.0,0.99999976
0.75,1.0,0.99999154
0.75,1.0,0.9999988
0.75,1.0,0.99998295
0.75,1.0,0.9999974
0.75,1.0,0.9999994
0.75,1.0,0.9999999
0.75,1.0,0.99999535
0.75,1.0,0.99990165
0.75,1.0,0.99999726
0.75,1.0,0.9999989
0.75,1.0,0.99999845
0.75,1.0,0.9999987
0.75,1.0,0.99999416
0.75,1.0,0.99999917
0.75,1.0,0.9999989
0.75,1.0,0.99999976
0.75,1.0,0.99999845
0.75,1.0,0.9999993
0.75,1.0,0.99999976
0.75,1.0,0.99999607
0.75,1.0,0.9999945
0.75,1.0,0.99999917
0.75,1.0,1.0
0.75,1.0,0.99999964
0.75,1.0,0.9999999
0.75,1.0,0.9999999
0.75,1.0,0.99999976
0.75,1.0,0.99999976
0.75,1.0,0.99999964
0.75,1.0,0.9999975
0.75,1.0,0.999998
0.75,1.0,0.9999875
0.75,1.0,0.9999896
0.75,1.0,0.99999666
0.75,1.0,0.9999976
0.75,1.0,0.9999999
0.75,1.0,0.9999658
0.75,1.0,0.99999857
0.75,1.0,0.9999993
0.75,1.0,0.9999999
0.75,1.0,0.9999982
0.5,1.0,1.0
0.5,1.0,1.0
0.5,1.0,1.0
0.5,1.0,1.0
0.5,1.0,1.0
0.5,1.0,1.0
0.5,1.0,1.0
0.5,1.0,1.0
0.5,1.0,1.0
0.5,1.0,1.0
0.5,1.0,1.0
0.5,1.0,1.0
0.5,1.0,1.0
0.5,1.0,1.0
0.5,1.0,1.0
0.5,1.0,1.0
0.5,1.0,1.0
0.5,1.0,1.0
0.5,1.0,1.0
0.5,1.0,1.0
0.5,1.0,1.0
0.5,1.0,1.0
0.5,1.0,1.0
0.5,1.0,1.0
0.5,1.0,1.0
0.5,1.0,1.0
0.5,1.0,1.0
0.5,1.0,1.0
0.5,1.0,1.0
0.5,1.0,1.0
0.5,1.0,1.0
0.5,1.0,1.0
0.5,1.0,1.0
0.5,1.0,1.0
0.5,1.0,1.0
0.5,1.0,1.0
0.5,1.0,1.0
0.5,1.0,1.0
0.5,1.0,1.0
0.5,1.0,1.0
0.5,1.0,1.0
0.5,1.0,1.0
0.5,1.0,1.0
0.5,1.0,1.0
0.5,1.0,1.0
0.5,1.0,1.0
0.5,1.0,1.0
0.5,1.0,1.0
0.5,1.0,1.0
0.5,1.0,1.0
0.8,1.0,1.0
0.8,1.0,1.0
0.8,1.0,0.9999999
0.8,1.0,1.0
0.8,1.0,0.9999999
0.8,1.0,0.99999976
0.8,1.0,0.9999994
0.8,1.0,0.9999999
0.8,1.0,0.9999999
0.8,1.0,0.9999999
0.8,1.0,1.0
0.8,1.0,0.9999995
0.8,1.0,0.9999999
0.8,1.0,0.9999993
0.8,1.0,0.9998652
0.8,1.0,0.9999987
0.8,1.0,0.9999964
0.8,1.0,0.9999999
0.8,1.0,0.9999995
0.8,1.0,0.99999964
0.8,1.0,0.9999988
0.8,1.0,0.99999905
0.8,1.0,0.9999995
0.8,1.0,0.99999976
0.8,1.0,0.99999964
0.8,1.0,0.99999917
0.8,1.0,0.9999999
0.8,1.0,0.9999999
0.8,1.0,1.0
0.8,1.0,0.99999964
0.8,1.0,0.99999857
0.8,1.0,0.9999839
0.8,1.0,0.9999782
0.8,1.0,0.99999905
0.8,1.0,0.99999857
0.8,1.0,0.9999088
0.8,1.0,0.99999857
0.8,1.0,0.9999963
0.8,1.0,0.99999905
0.8,1.0,0.99999607
0.8,1.0,0.99999654
0.8,1.0,0.99998665
0.8,1.0,0.9999989
0.8,1.0,0.99997723
0.8,1.0,0.99998903
0.8,1.0,0.9999745
0.8,1.0,0.99994004
0.8,1.0,0.99998534
0.8,1.0,0.9999093
0.8,1.0,0.99950707
0.8,1.0,1.0
0.8,1.0,0.9999999
0.8,1.0,0.9999995
0.8,1.0,0.99999356
0.8,1.0,0.9999999
0.8,1.0,0.99999905
0.8,1.0,0.9999975
0.8,1.0,0.9999999
0.8,1.0,0.9999995
0.8,1.0,0.9999987
0.8,1.0,0.99999833
0.8,1.0,0.99999547
0.8,1.0,0.99999726
0.8,1.0,0.9999993
0.8,1.0,0.9999976
0.8,1.0,0.99997246
0.8,1.0,0.99985385
0.8,1.0,0.99999964
0.8,1.0,0.9999994
0.8,1.0,0.9999995
0.8,1.0,0.9999933
0.8,1.0,0.99999774
0.8,1.0,0.9999976
0.8,1.0,0.9999865
0.8,1.0,0.99996805
0.8,1.0,0.99999845
0.8,1.0,0.9999999
0.8,1.0,0.9999912
0.8,1.0,0.999998
0.8,1.0,0.9999988
0.8,1.0,0.9999989
0.8,1.0,0.99999976
0.8,1.0,0.99999964
0.8,1.0,0.99999607
0.8,1.0,0.99994123
0.8,1.0,0.99999774
0.8,1.0,0.9999889
0.8,1.0,0.99999785
0.8,1.0,0.99999464
0.8,1.0,0.9999993
0.8,1.0,0.9999976
0.8,1.0,0.99958795
0.8,1.0,0.9999994
0.8,1.0,0.99999964
0.8,1.0,0.99999225
0.8,1.0,0.99999857
0.8,1.0,0.9999999
0.8,1.0,0.9999975
0.8,1.0,0.9999981
0.8,1.0,0.9999993
0.8,1.0,0.9999993
0.8,1.0,0.99999964
0.8,1.0,0.9999831
0.8,1.0,0.9999975
0.8,1.0,0.99999774
0.8,1.0,0.9999956
0.8,1.0,0.9999958
0.8,1.0,0.9999999
0.8,1.0,0.9999995
0.8,1.0,0.9999995
0.8,1.0,0.99999297
0.8,1.0,0.99999976
0.8,1.0,0.9999989
0.8,1.0,0.99999964
0.8,1.0,0.9999968
0.8,1.0,0.9999927
0.8,1.0,0.99999547
0.8,1.0,0.9999883
0.8,1.0,0.9999976
0.8,1.0,0.99999964
0.8,1.0,0.99999976
0.8,1.0,0.99999964
0.8,1.0,0.99999964
0.8,1.0,0.9999999
0.8,1.0,0.9999989
0.8,1.0,0.999998
0.8,1.0,0.9999957
0.8,1.0,0.99999845
0.8,1.0,0.99999845
0.8,1.0,0.99999964
0.8,1.0,0.9999999
0.8,1.0,0.9999995
0.8,1.0,0.9999993
0.8,1.0,0.9999995
0.8,1.0,0.9999999
0.8,1.0,0.99999976
0.8,1.0,0.9999999
0.8,1.0,1.0
0.8,1.0,0.9999999
0.8,1.0,0.9999993
0.8,1.0,0.9999993
0.8,1.0,0.9999924
0.8,1.0,0.9999714
0.8,1.0,0.9999964
0.8,1.0,0.9999715
0.8,1.0,0.99998593
0.8,1.0,0.999998
0.8,1.0,0.9999949
0.8,1.0,0.9999914
0.8,1.0,0.9999664
0.8,1.0,0.9999995
0.8,1.0,0.9999931
0.8,1.0,0.9999988
0.8,1.0,0.99999905
0.8,1.0,0.9999975
0.8,1.0,0.999519
0.8,1.0,0.99994934
0.8,1.0,0.9999715
0.8,1.0,0.9999703
0.8,1.0,0.9999802
0.8,1.0,0.9999925
0.8,1.0,0.99999964
0.8,1.0,0.9999999
0.8,1.0,0.99999785
0.8,1.0,0.99996686
0.8,1.0,0.99999917
0.8,1.0,0.9999896
0.8,1.0,0.99997854
0.8,1.0,0.9999993
0.8,1.0,0.9999969
0.8,1.0,0.99999976
0.8,1.0,0.9999999
0.8,1.0,0.9999976
0.8,1.0,0.9999968
0.8,1.0,0.9999927
0.8,1.0,0.99999154
0.8,1.0,0.9999906
0.8,1.0,0.99994123
0.8,1.0,0.99999714
0.8,1.0,0.9999962
0.8,1.0,0.9999982
0.8,1.0,0.99999917
0.8,1.0,0.99999905
0.8,1.0,0.9999919
0.8,1.0,0.9999932
0.8,1.0,0.99998546
0.8,1.0,0.99999666
0.8,1.0,0.99998546
0.8,1.0,0.9999982
0.8,1.0,0.99999356
0.8,1.0,0.9999995
0.8,1.0,0.99999857
0.8,1.0,0.9999896
0.8,1.0,0.99999785
0.8,1.0,0.9999989
0.8,1.0,0.9999982
0.8,1.0,0.99998045
0.8,1.0,0.9999778
0.8,1.0,0.999995
0.8,1.0,0.99999356
0.8,1.0,0.9999994
0.8,1.0,0.99999905
0.8,1.0,0.9999974
0.8,1.0,0.99998677
0.8,1.0,0.99999976
0.8,1.0,0.9999993
0.8,1.0,0.9999999
0.8,1.0,0.9999981
0.8,1.0,0.9999989
0.8,1.0,0.9999999
0.8,1.0,0.999998
0.8,1.0,0.9999882
0.8,1.0,0.99999976
0.8,1.0,0.9999987
0.8,1.0,0.99999535
0.8,1.0,0.998092
0.8,1.0,0.9999975
0.8,1.0,0.99999833
0.8,1.0,0.9999988
0.8,1.0,0.9999672
0.8,1.0,0.9999993
0.8,1.0,0.9999931
0.8,1.0,0.9999989
0.8,1.0,0.99999964
0.8,1.0,0.99999964
0.8,1.0,0.99999964
0.8,1.0,0.9999951
0.8,1.0,0.9999999
0.8,1.0,0.9999993
0.8,1.0,0.9999963
0.8,1.0,0.99997747
0.8,1.0,0.99998236
0.8,1.0,0.9999994
0.8,1.0,0.99999523
0.8,1.0,0.99996924
0.8,1.0,0.9999951
0.8,1.0,0.9999976
0.8,1.0,0.9999925
0.8,1.0,0.9998166
0.8,1.0,0.9999708
0.8,1.0,0.9999987
0.8,1.0,0.999997
0.8,1.0,0.99999774
0.8,1.0,0.99999595
0.8,1.0,0.9999968
0.8,1.0,0.99999976
0.8,1.0,0.99999976
0.8,1.0,0.99999833
0.8,1.0,0.9999987
0.8,1.0,0.99999464
0.85,1.0,0.99999964
0.85,1.0,0.9999858
0.85,1.0,0.9999981
0.85,1.0,0.9999919
0.85,1.0,0.99999774
0.85,1.0,0.99999654
0.85,1.0,0.99998355
0.85,1.0,0.9999982
0.85,1.0,0.99999845
0.85,1.0,0.9999994
0.85,1.0,0.99999034
0.85,1.0,0.9999789
0.85,1.0,0.99999785
0.85,1.0,0.99998593
0.85,1.0,0.99956447
0.85,1.0,0.99997604
0.85,1.0,0.99999726
0.85,1.0,0.9999765
0.85,1.0,0.99998236
0.85,1.0,0.9999995
0.85,1.0,0.99999857
0.85,1.0,0.99994767
0.85,1.0,0.9999516
0.85,1.0,0.99999976
0.85,1.0,0.99999785
0.85,1.0,0.9998202
0.85,1.0,0.9999975
0.85,1.0,0.99999034
0.85,1.0,0.9999629
0.85,1.0,0.9999535
0.85,1.0,0.9998399
0.85,1.0,0.9999976
0.85,1.0,0.99999976
0.85,1.0,0.9999976
0.85,1.0,0.99999785
0.85,1.0,0.9999962
0.85,1.0,0.9999993
0.85,1.0,0.9999949
0.85,1.0,0.9999579
0.85,1.0,0.99966395
0.85,1.0,0.9999883
0.85,1.0,0.9999044
0.85,1.0,0.999962
0.85,1.0,0.999984
0.85,1.0,0.9995933
0.85,1.0,0.9998971
0.85,1.0,0.9999919
0.85,1.0,0.9999436
0.85,1.0,0.99998415
0.85,1.0,0.99990714
0.85,1.0,0.9998797
0.85,1.0,0.9997533
0.85,1.0,0.9998431
0.85,1.0,0.9999865
0.85,1.0,0.99994564
0.85,1.0,0.9999939
0.85,1.0,0.9999511
0.85,1.0,0.9998833
0.85,1.0,0.9999833
0.85,1.0,0.9999989
0.85,1.0,0.99999905
0.85,1.0,0.99998796
0.85,1.0,0.99995816
0.85,1.0,0.9999949
0.85,1.0,0.9997068
0.85,1.0,0.9999691
0.85,1.0,0.9999974
0.85,1.0,0.99997556
0.85,1.0,0.9999987
0.85,1.0,0.99999976
0.85,1.0,0.9999052
0.85,1.0,0.9999552
0.85,1.0,0.9999939
0.85,1.0,0.9999852
0.85,1.0,0.99984336
0.85,1.0,0.999997
0.85,1.0,0.9999373
0.85,1.0,0.9999777
0.85,1.0,0.9999739
0.85,1.0,0.9999976
0.85,1.0,0.9998982
0.85,1.0,0.99988234
0.85,1.0,0.99933064
0.85,1.0,0.9999609
0.85,1.0,0.99965024
0.85,1.0,0.99950445
0.85,1.0,0.999992
0.85,1.0,0.9984611
0.85,1.0,0.9999827
0.85,1.0,0.999895
0.85,1.0,0.99994874
0.85,1.0,0.99996567
0.85,1.0,0.9998789
0.85,1.0,0.99857223
0.85,1.0,0.99867827
0.85,1.0,0.9998884
0.85,1.0,0.9998091
0.85,1.0,0.9998047
0.85,1.0,0.9999075
0.85,1.0,0.99998415
0.85,1.0,0.99999976
0.85,1.0,0.9999994
0.85,1.0,0.99999964
0.85,1.0,0.99999976
0.85,1.0,0.99989915
0.85,1.0,0.9999964
0.85,1.0,0.9999939
0.85,1.0,0.9999987
0.85,1.0,0.9999933
0.85,1.0,0.99998677
0.85,1.0,0.99999917
0.85,1.0,0.9999993
0.85,1.0,0.9999987
0.85,1.0,0.9999995
0.85,1.0,0.9999995
0.85,1.0,0.9999765
0.85,1.0,0.9999987
0.85,1.0,0.99999285
0.85,1.0,0.9999951
0.85,1.0,0.9999987
0.85,1.0,0.9999877
0.85,1.0,0.999843
0.85,1.0,0.9999864
0.85,1.0,0.99999905
0.85,1.0,0.99995077
0.85,1.0,0.99999976
0.85,1.0,0.99999976
0.85,1.0,0.99999976
0.85,1.0,0.9999864
0.85,1.0,0.9999981
0.85,1.0,0.99999714
0.85,1.0,0.999997
0.85,1.0,0.99999833
0.85,1.0,0.99999905
0.85,1.0,0.9999989
0.85,1.0,0.9999999
0.85,1.0,0.9999999
0.85,1.0,1.0
0.85,1.0,0.9999902
0.85,1.0,0.99999976
0.85,1.0,0.99999404
0.85,1.0,0.99997246
0.85,1.0,0.99993885
0.85,1.0,0.9998234
0.85,1.0,0.9999701
0.85,1.0,0.99999213
0.85,1.0,0.9997224
0.85,1.0,0.9999684
0.85,1.0,0.9999945
0.85,1.0,0.9993863
0.85,1.0,0.99999964
0.85,1.0,0.99998593
0.85,1.0,0.99998677
0.85,1.0,0.99999917
0.85,1.0,0.99997187
0.85,1.0,0.99998295
0.85,1.0,0.9999902
0.85,1.0,0.99996877
0.85,1.0,0.9999982
0.85,1.0,0.99999845
0.85,1.0,0.9999852
0.85,1.0,0.999997
0.85,1.0,0.9999902
0.85,1.0,0.99999774
0.85,1.0,0.999998
0.85,1.0,0.99991846
0.85,1.0,0.99984264
0.85,1.0,0.9999988
0.85,1.0,0.9999956
0.85,1.0,0.99998736
0.85,1.0,0.99996734
0.85,1.0,0.99999464
0.85,1.0,0.9985781
0.85,1.0,0.9999604
0.85,1.0,0.9994363
0.85,1.0,0.9999682
0.85,1.0,0.99999523
0.85,1.0,0.9999746
0.85,1.0,0.9998598
0.85,1.0,0.9999931
0.85,1.0,0.9999287
0.85,1.0,0.9998611
0.85,1.0,0.9964682
0.85,1.0,0.9990921
0.85,1.0,0.99969614
0.85,1.0,0.99935704
0.85,1.0,0.9999987
0.85,1.0,0.9999846
0.85,1.0,0.99995613
0.85,1.0,0.9999138
0.85,1.0,0.9997718
0.85,1.0,0.9995708
0.85,1.0,0.9957741
0.85,1.0,0.9994955
0.85,1.0,0.99998367
0.85,1.0,0.9999813
0.85,1.0,0.99999535
0.85,1.0,0.99999726
0.85,1.0,0.9999815
0.85,1.0,0.999995
0.85,1.0,0.9999976
0.85,1.0,0.99999845
0.85,1.0,0.9999958
0.85,1.0,0.99999094
0.85,1.0,0.99999964
0.85,1.0,0.9999999
0.85,1.0,0.99996185
0.85,1.0,0.9999801
0.85,1.0,0.99999833
0.85,1.0,0.99999976
0.85,1.0,0.99999976
0.85,1.0,0.9999994
0.85,1.0,0.99999857
0.85,1.0,1.0
0.85,1.0,0.9999993
0.85,1.0,0.99999714
0.85,1.0,0.99999976
0.85,1.0,0.9999999
0.85,1.0,1.0
0.85,1.0,0.9999987
0.85,1.0,0.9999994
0.85,1.0,0.99999964
0.85,1.0,0.99999976
0.85,1.0,0.99998224
0.85,1.0,0.9999951
0.85,1.0,0.9997545
0.85,1.0,0.99965906
0.85,1.0,0.9999498
0.85,1.0,0.9999993
0.85,1.0,0.9999993
0.85,1.0,0.9999807
0.85,1.0,0.99999106
0.85,1.0,0.99999106
0.85,1.0,0.9999951
0.85,1.0,0.99994016
0.85,1.0,0.99999833
0.85,1.0,0.99998736
0.85,1.0,0.9999912
0.85,1.0,0.99999475
0.85,1.0,0.99990153
0.85,1.0,0.99999344
0.85,1.0,0.9999509
0.85,1.0,0.9999932
0.85,1.0,0.9999707
0.85,1.0,0.99985063
0.85,1.0,0.9993388
0.85,1.0,0.9994605
0.85,1.0,0.99985576
0.85,1.0,0.9998987
0.85,1.0,0.9998468
0.5,1.0,1.0
0.5,1.0,1.0
0.5,1.0,1.0
0.5,1.0,1.0
0.5,1.0,1.0
0.5,1.0,1.0
0.5,1.0,1.0
0.5,1.0,1.0
0.5,1.0,1.0
0.5,1.0,1.0
0.5,1.0,0.9999999
0.5,1.0,1.0
0.5,1.0,1.0
0.5,1.0,1.0
0.5,1.0,1.0
0.5,1.0,0.9999995
0.5,1.0,0.9999999
0.5,1.0,0.9999999
0.5,1.0,0.9999993
0.5,1.0,0.9999999
0.5,1.0,0.9999999
0.5,1.0,0.99999976
0.5,1.0,0.99999964
0.5,1.0,0.99999976
0.5,1.0,0.9999994
0.5,1.0,0.9999999
0.5,1.0,0.99999976
0.5,1.0,0.99999976
0.5,1.0,0.9999994
0.5,1.0,0.99999964
0.5,1.0,0.99999964
0.5,1.0,0.9999994
0.5,1.0,0.99999976
0.5,1.0,0.9999974
0.5,1.0,0.9999988
0.5,1.0,0.99999964
0.5,1.0,0.99999976
0.5,1.0,0.9999988
0.5,1.0,0.99999976
0.5,1.0,0.99999976
0.5,1.0,0.9999995
0.5,1.0,0.99999976
0.5,1.0,0.99999654
0.5,1.0,0.9999995
0.5,1.0,0.99999976
0.5,1.0,0.99999297
0.5,1.0,0.99999964
0.5,1.0,0.9999999
0.5,1.0,0.9999988
0.5,1.0,0.9999999
0.9,1.0,0.9999999
0.9,1.0,0.9999999
0.9,1.0,0.99999833
0.9,1.0,0.99999976
0.9,1.0,0.99999976
0.9,1.0,0.9999993
0.9,1.0,0.999998
0.9,1.0,0.999995
0.9,1.0,0.9999994
0.9,1.0,0.99999917
0.9,1.0,0.9999988
0.9,1.0,0.9999969
0.9,1.0,0.99999845
0.9,1.0,0.9999999
0.9,1.0,1.0
0.9,1.0,0.9999999
0.9,1.0,0.9999994
0.9,1.0,0.9999975
0.9,1.0,0.99999905
0.9,1.0,0.99999917
0.9,1.0,0.99999595
0.9,1.0,1.0
0.9,1.0,0.99999917
0.9,1.0,0.99999607
0.9,1.0,0.9999958
0.9,1.0,0.9999982
0.9,1.0,0.99999905
0.9,1.0,0.99994755
0.9,1.0,0.9994904
0.9,1.0,0.99999726
0.9,1.0,0.9999993
0.9,1.0,0.99999905
0.9,1.0,0.99999857
0.9,1.0,0.99999857
0.9,1.0,0.9999976
0.9,1.0,0.9999989
0.9,1.0,0.9999994
0.9,1.0,0.99997723
0.9,1.0,0.9999919
0.9,1.0,0.99998605
0.9,1.0,0.9999974
0.9,1.0,0.99999917
0.9,1.0,0.9999912
0.9,1.0,0.9999658
0.9,1.0,0.99999857
0.9,1.0,0.9999993
0.9,1.0,0.9999994
0.9,1.0,0.99999964
0.9,1.0,0.9999937
0.9,1.0,0.9999994
0.9,1.0,0.9999999
0.9,1.0,0.99999976
0.9,1.0,0.9999999
0.9,1.0,0.99999714
0.9,1.0,0.99999905
0.9,1.0,0.99999285
0.9,1.0,0.9999993
0.9,1.0,0.9999989
0.9,1.0,0.9999993
0.9,1.0,0.99999917
0.9,1.0,0.9999987
0.9,1.0,0.999998
0.9,1.0,0.9999987
0.9,1.0,0.99998903
0.9,1.0,0.99993217
0.9,1.0,0.99994457
0.9,1.0,0.9999348
0.9,1.0,0.99997854
0.9,1.0,0.99998605
0.9,1.0,0.9999733
0.9,1.0,0.9999106
0.9,1.0,0.9994253
0.9,1.0,0.99999726
0.9,1.0,0.99999547
0.9,1.0,0.9999894
0.9,1.0,0.9999968
0.9,1.0,0.99997616
0.9,1.0,0.999902
0.9,1.0,0.99999154
0.9,1.0,0.99991345
0.9,1.0,0.9999989
0.9,1.0,0.999951
0.9,1.0,0.9999856
0.9,1.0,0.99999714
0.9,1.0,0.9999795
0.9,1.0,0.99999607
0.9,1.0,0.9999627
0.9,1.0,0.999998
0.9,1.0,0.9999937
0.9,1.0,0.9999893
0.9,1.0,0.9999783
0.9,1.0,0.9999989
0.9,1.0,0.9999976
0.9,1.0,0.9999995
0.9,1.0,0.9999945
0.9,1.0,0.99999285
0.9,1.0,0.99998546
0.9,1.0,0.99998915
0.9,1.0,0.9999105
0.9,1.0,0.99999344
0.9,1.0,0.9999994
0.9,1.0,0.99997246
0.9,1.0,0.9999987
0.9,1.0,0.9999962
0.9,1.0,0.9999981
0.9,1.0,0.9999999
0.9,1.0,0.9999993
0.9,1.0,0.99995077
0.9,1.0,0.99980515
0.9,1.0,0.99998987
0.9,1.0,0.9999968
0.9,1.0,0.999998
0.9,1.0,0.9999987
0.9,1.0,0.9999614
0.9,1.0,0.9999982
0.9,1.0,0.9999865
0.9,1.0,0.9999964
0.9,1.0,0.99999595
0.9,1.0,0.99999225
0.9,1.0,0.9999963
0.9,1.0,0.99996924
0.9,1.0,0.999995
0.9,1.0,0.9999362
0.9,1.0,0.9999362
0.9,1.0,0.99984264
0.9,1.0,0.9997764
0.9,1.0,0.99712974
0.9,1.0,0.99466103
0.9,1.0,0.9999281
0.9,1.0,0.99856853
0.9,1.0,0.9996525
0.9,1.0,0.99998474
0.9,1.0,0.990639
0.9,1.0,0.9987464
0.9,1.0,0.99936527
0.9,1.0,0.99992406
0.9,1.0,0.9998598
0.9,1.0,0.99997234
0.9,1.0,0.9996252
0.9,1.0,0.9998392
0.9,1.0,0.9958937
0.9,1.0,0.99998116
0.9,1.0,0.99998724
0.9,1.0,0.9999927
0.9,1.0,0.9998771
0.9,1.0,0.9985323
0.9,1.0,0.99984777
0.9,1.0,0.99958247
0.9,1.0,0.9984694
0.9,1.0,0.99921393
0.9,1.0,0.9999993
0.9,1.0,0.9999441
0.9,1.0,0.99859494
0.9,1.0,0.9999974
0.9,1.0,0.99999094
0.9,1.0,0.9999827
0.9,1.0,0.99992657
0.9,1.0,0.9999968
0.9,1.0,0.9999925
0.9,1.0,0.9999962
0.9,1.0,0.999813
0.9,1.0,0.9999951
0.9,1.0,0.99944323
0.9,1.0,0.9999765
0.9,1.0,0.99997973
0.9,1.0,0.9999844
0.9,1.0,0.9996718
0.9,1.0,0.9999994
0.9,1.0,0.99995875
0.9,1.0,0.9999896
0.9,1.0,0.99999654
0.9,1.0,0.99999857
0.9,1.0,0.99997234
0.9,1.0,0.9999988
0.9,1.0,0.9999951
0.9,1.0,0.99999356
0.9,1.0,0.99999857
0.9,1.0,0.99997354
0.9,1.0,0.99999774
0.9,1.0,0.9998491
0.9,1.0,0.9999709
0.9,1.0,0.9999682
0.9,1.0,0.9999914
0.9,1.0,0.99997807
0.9,1.0,0.9999881
0.9,1.0,0.9999726
0.9,1.0,0.99997294
0.9,1.0,0.99997854
0.9,1.0,0.99999464
0.9,1.0,0.9994518
0.9,1.0,0.99994326
0.9,1.0,0.9999032
0.9,1.0,0.9997893
0.9,1.0,0.99983513
0.9,1.0,0.9996885
0.9,1.0,0.9994894
0.9,1.0,0.99996054
0.9,1.0,0.99979466
0.9,1.0,0.9998424
0.9,1.0,0.9999448
0.9,1.0,0.9999999
0.9,1.0,0.99999905
0.9,1.0,0.99999976
0.9,1.0,0.9999974
0.9,1.0,0.99999976
0.9,1.0,0.9999938
0.9,1.0,0.9999989
0.9,1.0,0.9999945
0.9,1.0,0.99999976
0.9,1.0,0.9999949
0.9,1.0,0.99999917
0.9,1.0,0.99998915
0.9,1.0,0.9997968
0.9,1.0,0.9999963
0.9,1.0,0.9999987
0.9,1.0,0.9999963
0.9,1.0,0.9999416
0.9,1.0,0.99999547
0.9,1.0,0.99998856
0.9,1.0,0.9999988
0.9,1.0,0.99999106
0.9,1.0,0.99997044
0.9,1.0,0.9999815
0.9,1.0,0.99999774
0.9,1.0,0.9999937
0.9,1.0,0.99999475
0.9,1.0,0.9998969
0.9,1.0,0.99983823
0.9,1.0,0.9999752
0.9,1.0,0.9999902
0.9,1.0,0.9999987
0.9,1.0,0.9999269
0.9,1.0,0.9999994
0.9,1.0,0.99999666
0.9,1.0,0.9999391
0.9,1.0,0.9999825
0.9,1.0,0.99997056
0.9,1.0,0.99999905
0.9,1.0,0.9999187
0.9,1.0,0.999979
0.9,1.0,0.9999932
0.9,1.0,0.99999917
0.9,1.0,0.99993825
0.9,1.0,0.99999094
0.9,1.0,0.99999976
0.9,1.0,0.99995387
0.9,1.0,0.99999964
0.9,1.0,0.99952555
0.9,1.0,0.9999274
0.9,1.0,0.99999607
0.95,1.0,0.99811506
0.95,1.0,0.9997491
0.95,1.0,0.9999875
0.95,1.0,0.99936837
0.95,1.0,0.9994036
0.95,1.0,0.99954
0.95,1.0,0.9999534
0.95,1.0,0.99983966
0.95,1.0,0.9998087
0.95,1.0,0.99992347
0.95,1.0,0.9999714
0.95,1.0,0.9990752
0.95,1.0,0.99973065
0.95,1.0,0.99993634
0.95,1.0,0.9987299
0.95,1.0,0.9996263
0.95,1.0,0.9985153
0.95,1.0,0.99919826
0.95,1.0,0.99999547
0.95,1.0,0.99999785
0.95,1.0,0.9999306
0.95,1.0,0.99999
0.95,1.0,0.999918
0.95,1.0,0.99966407
0.95,1.0,0.99944
0.95,1.0,0.9998398
0.95,1.0,0.99859625
0.95,1.0,0.99948174
0.95,1.0,0.99894243
0.95,1.0,0.99962854
0.95,1.0,0.999882
0.95,1.0,0.9998215
0.95,1.0,0.99813664
0.95,1.0,0.99734455
0.95,1.0,0.99993646
0.95,1.0,0.9872301
0.95,1.0,0.99690646
0.95,1.0,0.9781367
0.95,1.0,0.9997384
0.95,1.0,0.99989486
0.95,1.0,0.8930106
0.95,1.0,0.9710062
0.95,1.0,0.9999883
0.95,1.0,0.9997681
0.95,1.0,0.99887866
0.95,1.0,0.9993135
0.95,1.0,0.99963105
0.95,1.0,0.9910159
0.95,1.0,0.99970216
0.95,1.0,0.999542
0.95,1.0,0.9998093
0.95,1.0,0.96469814
0.95,1.0,0.9998727
0.95,1.0,0.9997937
0.95,1.0,0.97138345
0.95,1.0,0.99822134
0.95,1.0,0.99682546
0.95,1.0,0.99998486
0.95,1.0,0.9988426
0.95,1.0,0.99706715
0.95,1.0,0.9985764
0.95,1.0,0.9983102
0.95,1.0,0.9995534
0.95,1.0,0.999233
0.95,1.0,0.9860216
0.95,1.0,0.9974648
0.95,1.0,0.99978644
0.95,1.0,0.98273265
0.95,1.0,0.91286635
0.95,1.0,0.99958664
0.95,1.0,0.99851495
0.95,1.0,0.9990853
0.95,1.0,0.975437
0.95,1.0,0.9987607
0.95,1.0,0.9916224
0.95,1.0,0.996403
0.95,1.0,0.9985355
0.95,1.0,0.9982601
0.95,1.0,0.99981695
0.95,1.0,0.9829349
0.95,1.0,0.99942744
0.95,1.0,0.9998779
0.95,1.0,0.99975616
0.95,1.0,0.9996861
0.95,1.0,0.9997106
0.95,1.0,0.9996679
0.95,1.0,0.99900705
0.95,1.0,0.9985726
0.95,1.0,0.9998385
0.95,1.0,0.99995625
0.95,1.0,0.99976844
0.95,1.0,0.9999387
0.95,1.0,0.9980513
0.95,1.0,0.99967325
0.95,1.0,0.9999707
0.95,1.0,0.99991834
0.95,1.0,0.9999813
0.95,1.0,0.9999974
0.95,1.0,0.99999464
0.95,1.0,0.99998426
0.95,1.0,0.99999726
0.95,1.0,0.99998546
0.95,1.0,0.9999336
0.95,1.0,0.99995065
0.95,1.0,0.99991846
0.95,1.0,0.99999833
0.95,1.0,0.99999225
0.95,1.0,0.99988496
0.95,1.0,0.9999846
0.95,1.0,0.9998708
0.95,1.0,0.99989843
0.95,1.0,0.9999044
0.95,1.0,0.9998642
0.95,1.0,0.999889
0.95,1.0,0.99994147
0.95,1.0,0.99970454
0.95,1.0,0.99985325
0.95,1.0,0.99998164
0.95,1.0,0.9994473
0.95,1.0,0.9995378
0.95,1.0,0.9959448
0.95,1.0,0.99916196
0.95,1.0,0.99991906
0.95,1.0,0.9982993
0.95,1.0,0.95871615
0.95,1.0,0.99819535
0.95,1.0,0.99897575
0.95,1.0,0.99996984
0.95,1.0,0.9888966
0.95,1.0,0.99988055
0.95,1.0,0.9999217
0.95,1.0,0.99997675
0.95,1.0,0.99746764
0.95,1.0,0.99995697
0.95,1.0,0.9990362
0.95,1.0,0.99990416
0.95,1.0,0.9997205
0.95,1.0,0.9997055
0.95,1.0,0.99653083
0.95,1.0,0.99999833
0.95,1.0,0.99969137
0.95,1.0,0.9999633
0.95,1.0,0.99877566
0.95,1.0,0.9990996
0.95,1.0,0.9992982
0.95,1.0,0.9970048
0.95,1.0,0.99986637
0.95,1.0,0.994206
0.95,1.0,0.99985874
0.95,1.0,0.9992255
0.95,1.0,0.9665845
0.95,1.0,0.9998795
0.95,1.0,0.999944
0.95,1.0,0.99762386
0.95,1.0,0.99863154
0.95,1.0,0.99989176
0.95,1.0,0.9999349
0.95,1.0,0.9498925
0.95,1.0,0.9993736
0.95,1.0,0.9996902
0.95,1.0,0.99978036
0.95,1.0,0.99960536
0.95,1.0,0.9999653
0.95,1.0,0.9985561
0.95,1.0,0.99853516
0.95,1.0,0.99974114
0.95,1.0,0.9985538
0.95,1.0,0.99946016
0.95,1.0,0.9986842
0.95,1.0,0.9936294
0.95,1.0,0.999972
0.95,1.0,0.998579
0.95,1.0,0.9999802
0.95,1.0,0.99942917
0.95,1.0,0.999923
0.95,1.0,0.99701107
0.95,1.0,0.9999876
0.95,1.0,0.999936
0.95,1.0,0.999683
0.95,1.0,0.9988164
0.95,1.0,0.99875176
0.95,1.0,0.99906725
0.95,1.0,0.997331
0.95,1.0,0.9998716
0.95,1.0,0.99853396
0.95,1.0,0.9996724
0.95,1.0,0.9989133
0.95,1.0,0.9903308
0.95,1.0,0.999388
0.95,1.0,0.99728405
0.95,1.0,0.99952567
0.95,1.0,0.9970968
0.95,1.0,0.99988556
0.95,1.0,0.9999471
0.95,1.0,0.99998236
0.95,1.0,0.99991536
0.95,1.0,0.999814
0.95,1.0,0.99993944
0.95,1.0,0.9998273
0.95,1.0,0.99980646
0.95,1.0,0.99991465
0.95,1.0,0.9999249
0.95,1.0,0.9999367
0.95,1.0,0.99999547
0.95,1.0,0.99995935
0.95,1.0,0.99997723
0.95,1.0,0.9999844
0.95,1.0,0.99996495
0.95,1.0,0.99999714
0.95,1.0,0.99666876
0.95,1.0,0.99999285
0.95,1.0,0.9999738
0.95,1.0,0.9999248
0.95,1.0,0.9998374
0.95,1.0,0.9861953
0.95,1.0,0.9997614
0.95,1.0,0.9978898
0.95,1.0,0.99975544
0.95,1.0,0.9997179
0.95,1.0,0.9998722
0.95,1.0,0.999889
0.95,1.0,0.999843
0.95,1.0,0.9882151
0.95,1.0,0.9994159
0.95,1.0,0.99999833
0.95,1.0,0.9999988
0.95,1.0,0.9999143
0.95,1.0,0.9991171
0.95,1.0,0.9358425
0.95,1.0,0.99997234
0.95,1.0,0.9999956
0.95,1.0,0.99993813
0.95,1.0,0.998774
0.95,1.0,0.999514
0.95,1.0,0.99963355
0.95,1.0,0.9998272
0.95,1.0,0.9981055
0.95,1.0,0.9997862
0.95,1.0,0.99818075
0.95,1.0,0.99871576
0.95,1.0,0.999567
0.95,1.0,0.999912
0.95,1.0,0.99969625
0.95,1.0,0.9997452
0.95,1.0,0.9976037
0.95,1.0,0.9948013
0.95,1.0,0.9999069
0.95,1.0,0.9998864
0.95,1.0,0.9987184
0.95,1.0,0.9983588
0.55,1.0,1.0
0.55,1.0,1.0
0.55,1.0,1.0
0.55,1.0,1.0
0.55,1.0,1.0
0.55,1.0,1.0
0.55,1.0,1.0
0.55,1.0,1.0
0.55,1.0,1.0
0.55,1.0,1.0
0.55,1.0,1.0
0.55,1.0,1.0
0.55,1.0,1.0
0.55,1.0,1.0
0.55,1.0,1.0
0.55,1.0,1.0
0.55,1.0,1.0
0.55,1.0,1.0
0.55,1.0,1.0
0.55,1.0,1.0
0.55,1.0,1.0
0.55,1.0,1.0
0.55,1.0,1.0
0.55,1.0,1.0
0.55,1.0,1.0
0.55,1.0,1.0
0.55,1.0,1.0
0.55,1.0,1.0
0.55,1.0,1.0
0.55,1.0,1.0
0.55,1.0,1.0
0.55,1.0,1.0
0.55,1.0,1.0
0.55,1.0,1.0
0.55,1.0,1.0
0.55,1.0,1.0
0.55,1.0,1.0
0.55,1.0,1.0
0.55,1.0,1.0
0.55,1.0,1.0
0.55,1.0,1.0
0.55,1.0,1.0
0.55,1.0,1.0
0.55,1.0,1.0
0.55,1.0,1.0
0.55,1.0,1.0
0.55,1.0,1.0
0.55,1.0,1.0
0.55,1.0,1.0
0.55,1.0,1.0
1.05,-1.0,0.9035354
1.05,-1.0,0.997505
1.05,-1.0,0.99519354
1.05,-1.0,0.3339052
1.05,-1.0,0.35263783
1.05,-1.0,0.12210637
1.05,-1.0,0.037989747
1.05,-1.0,0.6350606
1.05,-1.0,0.017406784
1.05,-1.0,0.11684404
1.05,-1.0,0.00026459206
1.05,-1.0,0.035526607
1.05,-1.0,0.17295255
1.05,-1.0,0.8650515
1.05,-1.0,0.0010338154
1.05,-1.0,0.010170781
1.05,-1.0,0.13257417
1.05,-1.0,0.5677751
1.05,-1.0,0.13283995
1.05,-1.0,0.00877852
1.05,-1.0,0.008353215
1.05,-1.0,0.0036848898
1.05,-1.0,0.0032615736
1.05,-1.0,0.005274262
1.05,-1.0,0.0051760385
1.05,-1.0,0.054678943
1.05,-1.0,0.90294576
1.05,-1.0,0.002578394
1.05,-1.0,0.0022903243
1.05,-1.0,0.07902905
1.05,-1.0,0.07450844
1.05,-1.0,0.030280909
1.05,-1.0,0.12820001
1.05,-1.0,0.022561613
1.05,-1.0,0.18060113
1.05,-1.0,0.011339085
1.05,-1.0,0.0029173973
1.05,-1.0,0.017364115
1.05,-1.0,0.006322499
1.05,-1.0,0.033231214
1.05,-1.0,0.0050524543
1.05,-1.0,0.029944127
1.05,-1.0,7.967947e-05
1.05,-1.0,0.04673486
1.05,-1.0,2.0278536e-05
1.05,-1.0,0.0005787081
1.05,-1.0,1.6418928e-05
1.05,-1.0,0.0010702825
1.05,-1.0,0.0022850817
1.05,-1.0,0.00035519575
1.05,-1.0,0.96023035
1.05,-1.0,0.7679314
1.05,-1.0,0.30932078
1.05,-1.0,0.6083534
1.05,-1.0,0.16759135
1.05,-1.0,0.32199803
1.05,-1.0,0.8452267
1.05,-1.0,0.028444229
1.05,-1.0,0.88152635
1.05,-1.0,0.07095386
1.05,-1.0,0.035869397
1.05,-1.0,0.0020937626
1.05,-1.0,0.036349323
1.05,-1.0,0.11879797
1.05,-1.0,0.9552034
1.05,-1.0,0.13749792
1.05,-1.0,0.37161848
1.05,-1.0,0.0040321792
1.05,-1.0,0.56034315
1.05,-1.0,0.99124557
1.05,-1.0,0.99939656
1.05,-1.0,0.058539264
1.05,-1.0,0.002047591
1.05,-1.0,0.052624658
1.05,-1.0,0.23257267
1.05,-1.0,0.017294714
1.05,-1.0,0.5162071
1.05,-1.0,0.02529996
1.05,-1.0,0.012582064
1.05,-1.0,0.0041797026
1.05,-1.0,0.00061082665
1.05,-1.0,0.36153936
1.05,-1.0,0.056197096
1.05,-1.0,0.037272602
1.05,-1.0,0.4331597
1.05,-1.0,0.24592909
1.05,-1.0,0.00067602354
1.05,-1.0,0.31429994
1.05,-1.0,0.06292873
1.05,-1.0,0.4839889
1.05,-1.0,0.39819717
1.05,-1.0,0.547859
1.05,-1.0,0.45239234
1.05,-1.0,0.001135641
1.05,-1.0,0.00026357762
1.05,-1.0,0.06768091
1.05,-1.0,0.01464267
1.05,-1.0,0.025856344
1.05,-1.0,0.0023757853
1.05,-1.0,0.001177255
1.05,-1.0,0.97275406
1.05,-1.0,0.995063
1.05,-1.0,0.99875224
1.05,-1.0,0.9709796
1.05,-1.0,0.1582814
1.05,-1.0,0.9697777
1.05,-1.0,0.9303147
1.05,-1.0,0.99972385
1.05,-1.0,0.9999267
1.05,-1.0,0.99820554
1.05,-1.0,0.9878615
1.05,-1.0,0.951131
1.05,-1.0,0.91628385
1.05,-1.0,0.73332405
1.05,-1.0,0.5284096
1.05,-1.0,0.123148404
1.05,-1.0,0.20189166
1.05,-1.0,0.8547668
1.05,-1.0,0.9926333
1.05,-1.0,0.012470846
1.05,-1.0,0.18539879
1.05,-1.0,0.2060985
1.05,-1.0,0.44166836
1.05,-1.0,0.60709333
1.05,-1.0,0.9807206
1.05,-1.0,0.89222103
1.05,-1.0,0.78051335
1.05,-1.0,0.36958385
1.05,-1.0,0.001261103
1.05,-1.0,0.9910001
1.05,-1.0,0.7309936
1.05,-1.0,0.9037487
1.05,-1.0,0.7520648
1.05,-1.0,0.6372795
1.05,-1.0,0.7099117
1.05,-1.0,0.3321793
1.05,-1.0,0.08089935
1.05,-1.0,0.01007227
1.05,-1.0,0.9747516
1.05,-1.0,0.9856942
1.05,-1.0,0.09556229
1.05,-1.0,0.9502114
1.05,-1.0,0.9987219
1.05,-1.0,0.0058181034
1.05,-1.0,0.21815059
1.05,-1.0,0.043200273
1.05,-1.0,0.5144397
1.05,-1.0,0.6233382
1.05,-1.0,0.38463303
1.05,-1.0,0.13013045
1.05,-1.0,0.017861566
1.05,-1.0,0.14352746
1.05,-1.0,0.19363756
1.05,-1.0,0.2073243
1.05,-1.0,0.64793944
1.05,-1.0,0.0014232587
1.05,-1.0,0.15012299
1.05,-1.0,0.03467769
1.05,-1.0,0.004766915
1.05,-1.0,0.001889393
1.05,-1.0,0.0033531392
1.05,-1.0,0.21643369
1.05,-1.0,0.30715615
1.05,-1.0,0.0040964633
1.05,-1.0,0.0008672841
1.05,-1.0,0.00046859085
1.05,-1.0,0.0010493746
1.05,-1.0,1.1167644e-07
1.05,-1.0,0.001467539
1.05,-1.0,0.005522978
1.05,-1.0,0.009599559
1.05,-1.0,0.00052006793
1.05,-1.0,0.021506285
1.05,-1.0,0.0024737548
1.05,-1.0,3.111758e-05
1.05,-1.0,0.00067245663
1.05,-1.0,0.00041480162
1.05,-1.0,0.111424826
1.05,-1.0,0.00020182536
1.05,-1.0,1.5564752e-05
1.05,-1.0,5.765121e-05
1.05,-1.0,7.194357e-05
1.05,-1.0,5.1759558e-05
1.05,-1.0,8.935965e-05
1.05,-1.0,1.5644458e-05
1.05,-1.0,0.00037483833
1.05,-1.0,0.0649775
1.05,-1.0,8.278023e-05
1.05,-1.0,0.0026100804
1.05,-1.0,0.0121324845
1.05,-1.0,0.0018308555
1.05,-1.0,0.005258854
1.05,-1.0,5.1402003e-06
1.05,-1.0,3.1722868e-06
1.05,-1.0,2.2919157e-06
1.05,-1.0,5.4478296e-05
1.05,-1.0,1.1950512e-05
1.05,-1.0,2.3331668e-06
1.05,-1.0,4.6045557e-06
1.05,-1.0,5.0454833e-05
1.05,-1.0,0.9998047
1.05,-1.0,0.98316437
1.05,-1.0,0.99981695
1.05,-1.0,0.9860011
1.05,-1.0,0.9999827
1.05,-1.0,0.99976283
1.05,-1.0,0.99840313
1.05,-1.0,0.99857104
1.05,-1.0,0.9994954
1.05,-1.0,0.99990594
1.05,-1.0,0.7972957
1.05,-1.0,0.9961068
1.05,-1.0,0.9993166
1.05,-1.0,0.9390144
1.05,-1.0,0.99706095
1.05,-1.0,0.99237084
1.05,-1.0,0.9994936
1.05,-1.0,0.99764025
1.05,-1.0,0.4900087
1.05,-1.0,0.61699516
1.05,-1.0,0.99662185
1.05,-1.0,0.87494487
1.05,-1.0,0.0020183222
1.05,-1.0,0.6566644
1.05,-1.0,0.943741
1.05,-1.0,0.304273
1.05,-1.0,0.999482
1.05,-1.0,0.99658465
1.05,-1.0,0.9784898
1.05,-1.0,0.1658812
1.05,-1.0,0.965425
1.05,-1.0,0.9665755
1.05,-1.0,0.9706673
1.05,-1.0,0.99849975
1.05,-1.0,0.9994836
1.05,-1.0,0.99547136
1.05,-1.0,0.5300321
1.05,-1.0,0.8014972
1.05,-1.0,0.9313977
1.05,-1.0,0.7912326
1.05,-1.0,0.044756312
1.05,-1.0,0.00758722
1.05,-1.0,0.6316374
1.05,-1.0,0.49267107
1.05,-1.0,0.7452216
1.05,-1.0,0.9985587
1.05,-1.0,0.9794079
1.05,-1.0,0.66081023
1.05,-1.0,0.3390276
1.05,-1.0,0.9993113
1.1,-1.0,8.4046194e-05
1.1,-1.0,0.19686703
1.1,-1.0,0.045229398
1.1,-1.0,0.0069473567
1.1,-1.0,0.043968726
1.1,-1.0,0.021871436
1.1,-1.0,0.041982092
1.1,-1.0,0.00026522297
1.1,-1.0,0.00037047928
1.1,-1.0,1.725769e-05
1.1,-1.0,0.00023893845
1.1,-1.0,0.000747408
1.1,-1.0,0.043383446
1.1,-1.0,0.0006577022
1.1,-1.0,0.0028559975
1.1,-1.0,0.084953494
1.1,-1.0,0.0020713608
1.1,-1.0,0.007377878
1.1,-1.0,0.04538202
1.1,-1.0,0.0034084336
1.1,-1.0,0.112060025
1.1,-1.0,0.015214075
1.1,-1.0,7.160887e-05
1.1,-1.0,0.23693769
1.1,-1.0,0.12087819
1.1,-1.0,0.006023813
1.1,-1.0,0.00020894704
1.1,-1.0,0.00087492145
1.1,-1.0,2.179624e-05
1.1,-1.0,0.0031345633
1.1,-1.0,0.0002459417
1.1,-1.0,0.0075172205
1.1,-1.0,0.0083676
1.1,-1.0,0.05516636
1.1,-1.0,0.0062985183
1.1,-1.0,0.0015099001
1.1,-1.0,0.000917196
1.1,-1.0,0.01753949
1.1,-1.0,0.00020896117
1.1,-1.0,0.018469624
1.1,-1.0,3.8081274e-05
1.1,-1.0,0.06158078
1.1,-1.0,0.00087682053
1.1,-1.0,0.0014624114
1.1,-1.0,0.37627634
1.1,-1.0,0.0013763142
1.1,-1.0,0.0033557522
1.1,-1.0,0.00048481257
1.1,-1.0,0.39211643
1.1,-1.0,1.3947513e-07
1.1,-1.0,0.4984723
1.1,-1.0,0.25442204
1.1,-1.0,0.005073173
1.1,-1.0,0.00051405694
1.1,-1.0,0.06511926
1.1,-1.0,0.003944676
1.1,-1.0,0.52677274
1.1,-1.0,0.0046652798
1.1,-1.0,0.03466102
1.1,-1.0,0.056648374
1.1,-1.0,0.00056160317
1.1,-1.0,0.05458216
1.1,-1.0,0.37243867
1.1,-1.0,0.38146263
1.1,-1.0,0.03494824
1.1,-1.0,0.8581828
1.1,-1.0,0.0066010747
1.1,-1.0,0.0018630277
1.1,-1.0,0.10110286
1.1,-1.0,0.023355931
1.1,-1.0,0.00052461884
1.1,-1.0,0.038274467
1.1,-1.0,0.00608546
1.1,-1.0,0.008340975
1.1,-1.0,0.0002967451
1.1,-1.0,0.29688293
1.1,-1.0,0.0032778007
1.1,-1.0,0.0014129113
1.1,-1.0,2.6915986e-05
1.1,-1.0,0.0012895187
1.1,-1.0,0.011441351
1.1,-1.0,0.0036270565
1.1,-1.0,0.0018682096
1.1,-1.0,0.018886032
1.1,-1.0,0.008731139
1.1,-1.0,0.36245394
1.1,-1.0,0.0011934652
1.1,-1.0,0.00010320353
1.1,-1.0,0.0017143632
1.1,-1.0,0.00024874255
1.1,-1.0,0.0037169876
1.1,-1.0,0.0026926717
1.1,-1.0,5.6309033e-05
1.1,-1.0,0.05678175
1.1,-1.0,0.15868904
1.1,-1.0,0.37077993
1.1,-1.0,0.015268253
1.1,-1.0,0.14498612
1.1,-1.0,0.063269764
1.1,-1.0,0.022491345
1.1,-1.0,0.0005167841
1.1,-1.0,2.1979571e-05
1.1,-1.0,1.1583235e-05
1.1,-1.0,1.5357915e-06
1.1,-1.0,0.0006563982
1.1,-1.0,8.581297e-05
1.1,-1.0,7.1789816e-07
1.1,-1.0,7.131693e-05
1.1,-1.0,0.004957764
1.1,-1.0,2.518062e-05
1.1,-1.0,0.029810853
1.1,-1.0,8.524613e-05
1.1,-1.0,0.0018069777
1.1,-1.0,0.00031362692
1.1,-1.0,0.007823258
1.1,-1.0,0.00092496973
1.1,-1.0,3.115333e-05
1.1,-1.0,0.048240896
1.1,-1.0,0.120572306
1.1,-1.0,0.009581003
1.1,-1.0,0.1295269
1.1,-1.0,0.00056776655
1.1,-1.0,0.3114987
1.1,-1.0,0.0016095879
1.1,-1.0,0.07804347
1.1,-1.0,0.017011715
1.1,-1.0,0.15426406
1.1,-1.0,7.3806325e-05
1.1,-1.0,5.419864e-07
1.1,-1.0,0.011065516
1.1,-1.0,0.00018142449
1.1,-1.0,0.00033626656
1.1,-1.0,1.0808732e-05
1.1,-1.0,0.00015687193
1.1,-1.0,0.00011049774
1.1,-1.0,0.0004272146
1.1,-1.0,2.094581e-05
1.1,-1.0,1.3799557e-06
1.1,-1.0,0.009287912
1.1,-1.0,0.0064883404
1.1,-1.0,5.4655413e-07
1.1,-1.0,0.00012859212
1.1,-1.0,8.0032197e-07
1.1,-1.0,3.2086112e-07
1.1,-1.0,3.386078e-09
1.1,-1.0,8.3454644e-05
1.1,-1.0,1.0402786e-06
1.1,-1.0,1.163211e-07
1.1,-1.0,1.3087921e-10
1.1,-1.0,4.2330144e-06
1.1,-1.0,0.8410882
1.1,-1.0,0.874431
1.1,-1.0,0.0933809
1.1,-1.0,0.83882046
1.1,-1.0,0.62938875
1.1,-1.0,0.9947037
1.1,-1.0,0.95548683
1.1,-1.0,0.93947566
1.1,-1.0,0.99088216
1.1,-1.0,0.9932128
1.1,-1.0,0.89690816
1.1,-1.0,0.11696252
1.1,-1.0,0.006492516
1.1,-1.0,0.00024064677
1.1,-1.0,0.13976377
1.1,-1.0,0.97696906
1.1,-1.0,0.009470528
1.1,-1.0,0.13847633
1.1,-1.0,0.97751725
1.1,-1.0,0.9830093
1.1,-1.0,0.19543287
1.1,-1.0,0.9724151
1.1,-1.0,0.0023371098
1.1,-1.0,0.9832093
1.1,-1.0,0.19726597
1.1,-1.0,0.0024888325
1.1,-1.0,0.06133969
1.1,-1.0,0.89587885
1.1,-1.0,0.010608548
1.1,-1.0,0.50821465
1.1,-1.0,0.99252796
1.1,-1.0,0.108941965
1.1,-1.0,0.21149299
1.1,-1.0,0.07578509
1.1,-1.0,0.044798568
1.1,-1.0,0.0067662345
1.1,-1.0,0.5464991
1.1,-1.0,0.22148056
1.1,-1.0,0.38842717
1.1,-1.0,0.0055500516
1.1,-1.0,0.2337505
1.1,-1.0,0.26231527
1.1,-1.0,0.003918933
1.1,-1.0,0.0022513375
1.1,-1.0,0.13640684
1.1,-1.0,0.3045514
1.1,-1.0,0.002268604
1.1,-1.0,0.15673774
1.1,-1.0,0.007725761
1.1,-1.0,0.95690674
1.1,-1.0,0.043817766
1.1,-1.0,0.38513485
1.1,-1.0,0.017135968
1.1,-1.0,0.100967385
1.1,-1.0,0.92444927
1.1,-1.0,0.59454066
1.1,-1.0,0.47926128
1.1,-1.0,0.0028013012
1.1,-1.0,0.9886348
1.1,-1.0,0.7628809
1.1,-1.0,0.85879153
1.1,-1.0,0.27625158
1.1,-1.0,0.5047195
1.1,-1.0,0.4990922
1.1,-1.0,0.32383704
1.1,-1.0,0.928244
1.1,-1.0,0.015787864
1.1,-1.0,0.0020949407
1.1,-1.0,0.09038635
1.1,-1.0,0.00023744708
1.1,-1.0,0.0017640119
1.1,-1.0,0.009546744
1.1,-1.0,0.21726894
1.1,-1.0,0.0026176735
1.1,-1.0,0.008498689
1.1,-1.0,0.00011176248
1.1,-1.0,0.025797665
1.1,-1.0,0.030416613
1.1,-1.0,0.0005981555
1.1,-1.0,0.061409388
1.1,-1.0,0.050558373
1.1,-1.0,0.09519443
1.1,-1.0,0.16385353
1.1,-1.0,0.00087203464
1.1,-1.0,0.28452262
1.1,-1.0,0.0025143896
1.1,-1.0,0.101834856
1.1,-1.0,0.01819862
1.1,-1.0,0.00093415275
1.1,-1.0,0.022417942
1.1,-1.0,2.8829969e-05
1.1,-1.0,0.0016443861
1.1,-1.0,1.9310888e-05
1.1,-1.0,0.00016644712
1.1,-1.0,0.008884769
1.1,-1.0,0.0010674273
1.1,-1.0,2.7167835e-05
1.1,-1.0,0.011019665
1.1,-1.0,3.0217223e-06
1.1,-1.0,8.202532e-06
0.55,1.0,1.0
0.55,1.0,1.0
0.55,1.0,1.0
0.55,1.0,1.0
0.55,1.0,0.9999999
0.55,1.0,1.0
0.55,1.0,1.0
0.55,1.0,0.9999999
0.55,1.0,1.0
0.55,1.0,1.0
0.55,1.0,1.0
0.55,1.0,1.0
0.55,1.0,1.0
0.55,1.0,1.0
0.55,1.0,1.0
0.55,1.0,0.9999999
0.55,1.0,1.0
0.55,1.0,0.9999999
0.55,1.0,1.0
0.55,1.0,1.0
0.55,1.0,1.0
0.55,1.0,1.0
0.55,1.0,1.0
0.55,1.0,1.0
0.55,1.0,1.0
0.55,1.0,1.0
0.55,1.0,1.0
0.55,1.0,1.0
0.55,1.0,1.0
0.55,1.0,1.0
0.55,1.0,1.0
0.55,1.0,1.0
0.55,1.0,1.0
0.55,1.0,0.9999999
0.55,1.0,1.0
0.55,1.0,1.0
0.55,1.0,1.0
0.55,1.0,1.0
0.55,1.0,0.99999964
0.55,1.0,0.9999999
0.55,1.0,0.9999999
0.55,1.0,0.9999999
0.55,1.0,0.9999993
0.55,1.0,1.0
0.55,1.0,0.9999999
0.55,1.0,1.0
0.55,1.0,1.0
0.55,1.0,1.0
0.55,1.0,1.0
0.55,1.0,1.0
1.15,-1.0,0.0026527515
1.15,-1.0,0.003680362
1.15,-1.0,0.00082167546
1.15,-1.0,0.005796456
1.15,-1.0,0.011010195
1.15,-1.0,0.088905156
1.15,-1.0,0.0427697
1.15,-1.0,0.1990077
1.15,-1.0,0.007983945
1.15,-1.0,0.003114206
1.15,-1.0,0.0013510848
1.15,-1.0,0.00015779486
1.15,-1.0,0.0003028475
1.15,-1.0,0.00014801958
1.15,-1.0,0.006841007
1.15,-1.0,0.0019530999
1.15,-1.0,4.82898e-06
1.15,-1.0,0.0019190346
1.15,-1.0,9.882113e-05
1.15,-1.0,4.253312e-06
1.15,-1.0,0.002014066
1.15,-1.0,0.00027456618
1.15,-1.0,0.07060647
1.15,-1.0,0.00070253084
1.15,-1.0,0.001156696
1.15,-1.0,2.5687732e-05
1.15,-1.0,0.00013931196
1.15,-1.0,0.00019832767
1.15,-1.0,0.053259414
1.15,-1.0,0.009474112
1.15,-1.0,0.00039164862
1.15,-1.0,4.161823e-06
1.15,-1.0,1.14008835e-05
1.15,-1.0,4.6920963e-05
1.15,-1.0,0.012384426
1.15,-1.0,4.6748075e-05
1.15,-1.0,4.4791213e-06
1.15,-1.0,0.00041460292
1.15,-1.0,0.0005736899
1.15,-1.0,4.9273276e-05
1.15,-1.0,0.0021626758
1.15,-1.0,0.002359682
1.15,-1.0,0.0005183114
1.15,-1.0,3.720365e-06
1.15,-1.0,1.6412586e-06
1.15,-1.0,4.6589034e-06
1.15,-1.0,0.0016349669
1.15,-1.0,4.3038875e-05
1.15,-1.0,0.00069083273
1.15,-1.0,0.006568928
1.15,-1.0,0.00021638801
1.15,-1.0,2.7500473e-05
1.15,-1.0,8.262182e-06
1.15,-1.0,8.571257e-06
1.15,-1.0,4.2610474e-05
1.15,-1.0,5.2626776e-05
1.15,-1.0,3.2181346e-05
1.15,-1.0,0.00015970576
1.15,-1.0,0.00050235516
1.15,-1.0,1.4464967e-05
1.15,-1.0,0.0032765982
1.15,-1.0,3.4125999e-06
1.15,-1.0,0.00077857374
1.15,-1.0,0.006161153
1.15,-1.0,1.3095524e-05
1.15,-1.0,0.00032276128
1.15,-1.0,7.701116e-05
1.15,-1.0,0.00019438192
1.15,-1.0,0.025240002
1.15,-1.0,0.21768418
1.15,-1.0,0.374691
1.15,-1.0,0.001045485
1.15,-1.0,0.000106741296
1.15,-1.0,0.053978164
1.15,-1.0,0.42700297
1.15,-1.0,5.5303666e-05
1.15,-1.0,0.5105237
1.15,-1.0,0.9915244
1.15,-1.0,0.8764325
1.15,-1.0,0.00093093724
1.15,-1.0,4.883547e-05
1.15,-1.0,0.0055959555
1.15,-1.0,0.0033710182
1.15,-1.0,4.853106e-05
1.15,-1.0,0.0002122659
1.15,-1.0,0.25171244
1.15,-1.0,0.003646283
1.15,-1.0,0.14557673
1.15,-1.0,0.00034806994
1.15,-1.0,0.019666156
1.15,-1.0,0.004579536
1.15,-1.0,0.015079603
1.15,-1.0,0.031425342
1.15,-1.0,0.00038378488
1.15,-1.0,0.5199676
1.15,-1.0,0.55609226
1.15,-1.0,0.14430805
1.15,-1.0,0.0045852237
1.15,-1.0,0.018250052
1.15,-1.0,0.0033642983
1.15,-1.0,0.0029478844
1.15,-1.0,0.0013849668
1.15,-1.0,0.0005007615
1.15,-1.0,3.8684746e-05
1.15,-1.0,2.2586268e-05
1.15,-1.0,0.0023849676
1.15,-1.0,0.00016766362
1.15,-1.0,0.108553015
1.15,-1.0,0.010585871
1.15,-1.0,1.0443979e-06
1.15,-1.0,8.0948106e-05
1.15,-1.0,2.394565e-05
1.15,-1.0,9.639814e-05
1.15,-1.0,2.0678053e-05
1.15,-1.0,0.00041407783
1.15,-1.0,0.0012909109
1.15,-1.0,0.000106315165
1.15,-1.0,0.00020869079
1.15,-1.0,4.613082e-06
1.15,-1.0,0.00012430154
1.15,-1.0,0.00011711416
1.15,-1.0,8.183102e-05
1.15,-1.0,0.0025089562
1.15,-1.0,0.0024534178
1.15,-1.0,0.00055954367
1.15,-1.0,2.7134303e-05
1.15,-1.0,0.0003203117
1.15,-1.0,0.31207618
1.15,-1.0,0.004945946
1.15,-1.0,0.002545151
1.15,-1.0,0.0022285043
1.15,-1.0,0.004247452
1.15,-1.0,1.36283825e-05
1.15,-1.0,0.0013542223
1.15,-1.0,0.003894558
1.15,-1.0,0.3213315
1.15,-1.0,0.016156284
1.15,-1.0,0.02438249
1.15,-1.0,0.00019794209
1.15,-1.0,0.0980303
1.15,-1.0,0.006612059
1.15,-1.0,0.00018544044
1.15,-1.0,0.00018537733
1.15,-1.0,6.60364e-05
1.15,-1.0,7.8258585e-05
1.15,-1.0,0.0009934513
1.15,-1.0,5.120278e-06
1.15,-1.0,0.0012810377
1.15,-1.0,8.399708e-05
1.15,-1.0,0.0031646143
1.15,-1.0,0.00042296044
1.15,-1.0,1.8798536e-06
1.15,-1.0,5.4318214e-05
1.15,-1.0,0.010916425
1.15,-1.0,0.5421282
1.15,-1.0,0.004558186
1.15,-1.0,0.001205906
1.15,-1.0,0.006743651
1.15,-1.0,0.00015227286
1.15,-1.0,0.3044576
1.15,-1.0,0.0004261203
1.15,-1.0,8.306472e-06
1.15,-1.0,1.7336686e-05
1.15,-1.0,0.0056508984
1.15,-1.0,0.00067567156
1.15,-1.0,0.00043863163
1.15,-1.0,0.0010408498
1.15,-1.0,5.806011e-06
1.15,-1.0,0.0007402199
1.15,-1.0,0.00033540162
1.15,-1.0,4.953707e-05
1.15,-1.0,0.0040740403
1.15,-1.0,0.0010092662
1.15,-1.0,0.0072707925
1.15,-1.0,0.00047172647
1.15,-1.0,2.3405824e-05
1.15,-1.0,1.51574395e-05
1.15,-1.0,1.5007172e-06
1.15,-1.0,0.0004400824
1.15,-1.0,0.00068305567
1.15,-1.0,0.000112496295
1.15,-1.0,0.0004813165
1.15,-1.0,0.00036883552
1.15,-1.0,0.0033150527
1.15,-1.0,0.035343494
1.15,-1.0,0.0015907557
1.15,-1.0,0.0010804876
1.15,-1.0,0.00022396877
1.15,-1.0,2.9941506e-05
1.15,-1.0,1.8399483e-07
1.15,-1.0,7.7268334e-07
1.15,-1.0,1.4393373e-06
1.15,-1.0,1.4812395e-05
1.15,-1.0,7.782233e-05
1.15,-1.0,3.5599576e-05
1.15,-1.0,1.6027445e-05
1.15,-1.0,5.115984e-07
1.15,-1.0,4.6105305e-07
1.15,-1.0,2.0837213e-08
1.15,-1.0,6.269956e-08
1.15,-1.0,0.0022974943
1.15,-1.0,0.20561321
1.15,-1.0,0.0069856984
1.15,-1.0,0.0028193854
1.15,-1.0,0.004256616
1.15,-1.0,0.00019406175
1.15,-1.0,0.00043898734
1.15,-1.0,0.00034902227
1.15,-1.0,0.050043993
1.15,-1.0,0.0054539233
1.15,-1.0,0.00044094617
1.15,-1.0,0.0010150917
1.15,-1.0,0.009301155
1.15,-1.0,0.0050911475
1.15,-1.0,0.0002009896
1.15,-1.0,0.0006784439
1.15,-1.0,0.00044238943
1.15,-1.0,0.001644722
1.15,-1.0,0.00043718517
1.15,-1.0,0.03296491
1.15,-1.0,0.0012201059
1.15,-1.0,0.060330406
1.15,-1.0,0.01127551
1.15,-1.0,0.02576788
1.15,-1.0,0.016667087
1.15,-1.0,0.012582626
1.15,-1.0,0.00063798757
1.15,-1.0,0.0004174355
1.15,-1.0,0.0003143957
1.15,-1.0,0.0031104216
1.15,-1.0,0.010557839
1.15,-1.0,0.000105623985
1.15,-1.0,0.00045680683
1.15,-1.0,9.849631e-06
1.15,-1.0,2.0108684e-05
1.15,-1.0,0.00017425598
1.15,-1.0,0.000104095045
1.15,-1.0,0.00019012977
1.15,-1.0,1.2572236e-05
1.15,-1.0,0.01355472
1.15,-1.0,0.0008002758
1.15,-1.0,0.00031232834
1.15,-1.0,0.0005233338
1.15,-1.0,4.11897e-06
1.15,-1.0,0.056562066
1.15,-1.0,0.000107178144
1.15,-1.0,0.0032405993
1.15,-1.0,0.0035536822
1.15,-1.0,0.008951778
1.15,-1.0,0.001755688
1.2,-1.0,0.00012683024
1.2,-1.0,6.513218e-06
1.2,-1.0,0.000818247
1.2,-1.0,1.3982062e-06
1.2,-1.0,1.413589e-05
1.2,-1.0,0.0012741982
1.2,-1.0,0.0006646867
1.2,-1.0,0.012975516
1.2,-1.0,0.00013907558
1.2,-1.0,0.00021226145
1.2,-1.0,8.595433e-05
1.2,-1.0,2.5119578e-05
1.2,-1.0,4.1709987e-05
1.2,-1.0,5.203733e-06
1.2,-1.0,0.00010085845
1.2,-1.0,1.5667515e-06
1.2,-1.0,9.296136e-05
1.2,-1.0,2.5876312e-05
1.2,-1.0,0.024511233
1.2,-1.0,0.00034360334
1.2,-1.0,2.8185384e-06
1.2,-1.0,2.274451e-05
1.2,-1.0,2.190723e-06
1.2,-1.0,1.0171356e-06
1.2,-1.0,0.0002948247
1.2,-1.0,0.0001260033
1.2,-1.0,0.0002626154
1.2,-1.0,8.318316e-05
1.2,-1.0,6.583624e-06
1.2,-1.0,0.0055641066
1.2,-1.0,0.00016241691
1.2,-1.0,4.9791543e-05
1.2,-1.0,6.3955736e-06
1.2,-1.0,0.0002695316
1.2,-1.0,1.3678224e-05
1.2,-1.0,2.9008288e-06
1.2,-1.0,1.9267512e-05
1.2,-1.0,8.950478e-06
1.2,-1.0,0.0026511804
1.2,-1.0,7.087059e-06
1.2,-1.0,0.00034084893
1.2,-1.0,0.00043642736
1.2,-1.0,0.0007412713
1.2,-1.0,0.00014836281
1.2,-1.0,9.412473e-06
1.2,-1.0,5.270377e-06
1.2,-1.0,0.002607403
1.2,-1.0,0.00012467618
1.2,-1.0,0.043969486
1.2,-1.0,8.8402896e-07
1.2,-1.0,0.000114538416
1.2,-1.0,0.010466497
1.2,-1.0,4.8216675e-06
1.2,-1.0,9.624053e-05
1.2,-1.0,1.3110855e-05
1.2,-1.0,0.00010313201
1.2,-1.0,5.6039966e-08
1.2,-1.0,2.283063e-05
1.2,-1.0,9.500795e-07
1.2,-1.0,1.2668569e-05
1.2,-1.0,1.554447e-08
1.2,-1.0,1.2256972e-06
1.2,-1.0,1.1590844e-06
1.2,-1.0,3.2363325e-05
1.2,-1.0,1.196552e-05
1.2,-1.0,5.0776882e-05
1.2,-1.0,0.0014690441
1.2,-1.0,0.1332562
1.2,-1.0,4.0556657e-05
1.2,-1.0,2.849804e-05
1.2,-1.0,2.0459323e-05
1.2,-1.0,4.5981825e-08
1.2,-1.0,2.7054955e-07
1.2,-1.0,0.000501872
1.2,-1.0,0.0018594018
1.2,-1.0,5.933052e-05
1.2,-1.0,2.5598754e-07
1.2,-1.0,1.6727377e-07
1.2,-1.0,2.2351076e-06
1.2,-1.0,1.3224526e-05
1.2,-1.0,0.019561263
1.2,-1.0,0.0005751018
1.2,-1.0,0.0106637385
1.2,-1.0,0.0038464207
1.2,-1.0,0.005547086
1.2,-1.0,3.4447453e-06
1.2,-1.0,6.2864914e-05
1.2,-1.0,0.036952354
1.2,-1.0,0.014045655
1.2,-1.0,6.5174618e-06
1.2,-1.0,0.0024731373
1.2,-1.0,0.00076650974
1.2,-1.0,7.632822e-05
1.2,-1.0,0.049987648
1.2,-1.0,2.2147779e-06
1.2,-1.0,0.0042309123
1.2,-1.0,0.030528015
1.2,-1.0,0.00088255206
1.2,-1.0,0.0005090041
1.2,-1.0,0.002679237
1.2,-1.0,0.00066158426
1.2,-1.0,4.4836647e-06
1.2,-1.0,0.0013096742
1.2,-1.0,0.0003416051
1.2,-1.0,0.0005701173
1.2,-1.0,0.0377428
1.2,-1.0,0.0025807999
1.2,-1.0,0.0005453681
1.2,-1.0,0.0026852845
1.2,-1.0,0.0015065732
1.2,-1.0,0.001733613
1.2,-1.0,1.9232724e-05
1.2,-1.0,0.002119236
1.2,-1.0,0.020367865
1.2,-1.0,0.0011045218
1.2,-1.0,0.0013234244
1.2,-1.0,0.00012543783
1.2,-1.0,1.2754323e-05
1.2,-1.0,0.00052530336
1.2,-1.0,0.023985745
1.2,-1.0,0.00037505565
1.2,-1.0,3.6244823e-05
1.2,-1.0,0.5091713
1.2,-1.0,4.2361262e-05
1.2,-1.0,3.0431973e-05
1.2,-1.0,1.9051362e-05
1.2,-1.0,0.02174033
1.2,-1.0,9.917487e-06
1.2,-1.0,9.273479e-06
1.2,-1.0,8.872529e-07
1.2,-1.0,7.635615e-06
1.2,-1.0,6.0380113e-05
1.2,-1.0,6.62182e-05
1.2,-1.0,9.665477e-05
1.2,-1.0,0.00012798927
1.2,-1.0,2.9012824e-08
1.2,-1.0,4.9350683e-06
1.2,-1.0,1.6902713e-06
1.2,-1.0,0.00014020725
1.2,-1.0,7.366401e-05
1.2,-1.0,0.0189864
1.2,-1.0,0.0017719393
1.2,-1.0,0.13159804
1.2,-1.0,0.00021729627
1.2,-1.0,1.3782663e-05
1.2,-1.0,0.00067697064
1.2,-1.0,0.00027818343
1.2,-1.0,0.00781258
1.2,-1.0,4.1788894e-06
1.2,-1.0,2.4577432e-06
1.2,-1.0,0.0001314662
1.2,-1.0,0.012568973
1.2,-1.0,0.020655492
1.2,-1.0,0.0011544835
1.2,-1.0,9.709356e-05
1.2,-1.0,0.007135776
1.2,-1.0,0.053302165
1.2,-1.0,0.0062564113
1.2,-1.0,0.001332466
1.2,-1.0,3.6685866e-05
1.2,-1.0,4.4212797e-05
1.2,-1.0,0.0015200893
1.2,-1.0,0.0014482932
1.2,-1.0,9.51261e-05
1.2,-1.0,0.1258895
1.2,-1.0,0.0016808145
1.2,-1.0,0.005086288
1.2,-1.0,0.00036341543
1.2,-1.0,1.4548999e-05
1.2,-1.0,1.1070001e-05
1.2,-1.0,1.6990009e-05
1.2,-1.0,0.000114797884
1.2,-1.0,0.0003715301
1.2,-1.0,0.00010296418
1.2,-1.0,0.0009512559
1.2,-1.0,0.010449414
1.2,-1.0,4.4670294e-05
1.2,-1.0,0.00030786163
1.2,-1.0,0.000759304
1.2,-1.0,1.9260397e-06
1.2,-1.0,4.877927e-07
1.2,-1.0,3.641542e-05
1.2,-1.0,6.246835e-05
1.2,-1.0,2.9425343e-07
1.2,-1.0,3.247602e-05
1.2,-1.0,0.0030499627
1.2,-1.0,0.0007750892
1.2,-1.0,4.3223634e-05
1.2,-1.0,6.739408e-06
1.2,-1.0,4.832444e-05
1.2,-1.0,5.217423e-06
1.2,-1.0,1.5568983e-05
1.2,-1.0,5.9655245e-06
1.2,-1.0,0.00011133509
1.2,-1.0,9.179734e-06
1.2,-1.0,1.1115617e-06
1.2,-1.0,6.3021876e-06
1.2,-1.0,1.4535065e-06
1.2,-1.0,1.0069907e-05
1.2,-1.0,7.504892e-05
1.2,-1.0,1.3268702e-06
1.2,-1.0,1.8306719e-05
1.2,-1.0,5.067623e-06
1.2,-1.0,1.0361913e-06
1.2,-1.0,0.0076064197
1.2,-1.0,1.37804545e-05
1.2,-1.0,1.6604514e-05
1.2,-1.0,0.00012198065
1.2,-1.0,9.841564e-07
1.2,-1.0,4.1495747e-07
1.2,-1.0,2.5160214e-05
1.2,-1.0,0.00016253155
1.2,-1.0,6.366628e-05
1.2,-1.0,0.00074640446
1.2,-1.0,0.0068483884
1.2,-1.0,1.5733482e-05
1.2,-1.0,1.9590063e-06
1.2,-1.0,0.00034104718
1.2,-1.0,0.00061781035
1.2,-1.0,2.5337386e-05
1.2,-1.0,0.005098839
1.2,-1.0,0.19808292
1.2,-1.0,0.06745797
1.2,-1.0,2.5993397e-05
1.2,-1.0,1.8981098e-06
1.2,-1.0,0.001057288
1.2,-1.0,0.0010405495
1.2,-1.0,0.00011748899
1.2,-1.0,0.0017215458
1.2,-1.0,0.0027299048
1.2,-1.0,0.00011408279
1.2,-1.0,4.5963345e-05
1.2,-1.0,2.3009036e-06
1.2,-1.0,0.0016798298
1.2,-1.0,6.171807e-05
1.2,-1.0,6.503701e-08
1.2,-1.0,1.1265462e-06
1.2,-1.0,7.618954e-05
1.2,-1.0,8.292932e-07
1.2,-1.0,0.00024809357
1.2,-1.0,1.6514816e-06
1.2,-1.0,8.985107e-06
1.2,-1.0,1.47353985e-05
1.2,-1.0,8.6001884e-05
1.2,-1.0,3.4100245e-05
1.2,-1.0,6.0391253e-06
1.2,-1.0,8.3042e-05
1.2,-1.0,2.3547274e-05
1.2,-1.0,0.006312492
1.2,-1.0,0.0006824229
0.55,1.0,1.0
0.55,1.0,1.0
0.55,1.0,1.0
0.55,1.0,1.0
0.55,1.0,0.99999976
0.55,1.0,1.0
0.55,1.0,0.9999994
0.55,1.0,0.99999964
0.55,1.0,0.99999905
0.55,1.0,0.99999666
0.55,1.0,0.9999999
0.55,1.0,1.0
0.55,1.0,1.0
0.55,1.0,1.0
0.55,1.0,0.99999964
0.55,1.0,0.9999993
0.55,1.0,0.9999999
0.55,1.0,0.9999999
0.55,1.0,0.9999993
0.55,1.0,0.99999917
0.55,1.0,0.99999654
0.55,1.0,0.99999106
0.55,1.0,1.0
0.55,1.0,0.99999917
0.55,1.0,0.9999995
0.55,1.0,0.9999999
0.55,1.0,1.0
0.55,1.0,1.0
0.55,1.0,0.9999999
0.55,1.0,0.99999964
0.55,1.0,0.99999976
0.55,1.0,0.9999993
0.55,1.0,1.0
0.55,1.0,0.9999999
0.55,1.0,1.0
0.55,1.0,1.0
0.55,1.0,0.9999999
0.55,1.0,0.9999999
0.55,1.0,1.0
0.55,1.0,0.99999964
0.55,1.0,0.99999857
0.55,1.0,0.99999964
0.55,1.0,1.0
0.55,1.0,1.0
0.55,1.0,0.99999976
0.55,1.0,0.9999994
0.55,1.0,1.0
0.55,1.0,0.9999999
0.55,1.0,0.9999987
0.55,1.0,0.9999995
1.25,-1.0,0.0007884492
1.25,-1.0,0.0001010192
1.25,-1.0,0.0026315588
1.25,-1.0,0.0005152878
1.25,-1.0,1.6863763e-06
1.25,-1.0,0.0025152497
1.25,-1.0,0.0040275725
1.25,-1.0,0.00042968048
1.25,-1.0,0.0060769175
1.25,-1.0,0.0006605491
1.25,-1.0,1.9118531e-06
1.25,-1.0,5.788584e-06
1.25,-1.0,0.0004378909
1.25,-1.0,6.312431e-05
1.25,-1.0,3.8062575e-05
1.25,-1.0,1.1394384e-05
1.25,-1.0,2.8977298e-05
1.25,-1.0,0.00020794851
1.25,-1.0,6.919161e-05
1.25,-1.0,1.0082774e-06
1.25,-1.0,3.7498692e-06
1.25,-1.0,2.6247155e-06
1.25,-1.0,4.482616e-07
1.25,-1.0,3.375827e-05
1.25,-1.0,7.135986e-05
1.25,-1.0,0.0002522055
1.25,-1.0,7.8064266e-05
1.25,-1.0,0.0001957023
1.25,-1.0,1.6812955e-06
1.25,-1.0,3.9488878e-05
1.25,-1.0,0.0024192412
1.25,-1.0,0.000123599
1.25,-1.0,0.00024548554
1.25,-1.0,0.00048267923
1.25,-1.0,0.00018668552
1.25,-1.0,0.03410538
1.25,-1.0,0.028665699
1.25,-1.0,0.0768439
1.25,-1.0,1.931505e-05
1.25,-1.0,0.0016859672
1.25,-1.0,0.00046788008
1.25,-1.0,0.001545504
1.25,-1.0,0.00045605414
1.25,-1.0,1.2401767e-07
1.25,-1.0,1.911021e-05
1.25,-1.0,0.088105395
1.25,-1.0,0.0015652649
1.25,-1.0,0.0034241779
1.25,-1.0,0.00054665876
1.25,-1.0,0.00011379432
1.25,-1.0,1.4120712e-07
1.25,-1.0,8.076683e-08
1.25,-1.0,1.21184385e-05
1.25,-1.0,3.0291374e-05
1.25,-1.0,1.6675067e-05
1.25,-1.0,2.299947e-06
1.25,-1.0,8.109005e-07
1.25,-1.0,8.361854e-06
1.25,-1.0,0.00017743694
1.25,-1.0,0.00025345295
1.25,-1.0,0.0066833603
1.25,-1.0,0.005355792
1.25,-1.0,0.00022182717
1.25,-1.0,1.937397e-06
1.25,-1.0,6.0970062e-05
1.25,-1.0,7.38064e-05
1.25,-1.0,0.000114172675
1.25,-1.0,0.00015242872
1.25,-1.0,0.0019257151
1.25,-1.0,4.9154496e-05
1.25,-1.0,4.0448776e-05
1.25,-1.0,0.0076432484
1.25,-1.0,0.0012478783
1.25,-1.0,0.0011604622
1.25,-1.0,0.0002497218
1.25,-1.0,1.2891098e-05
1.25,-1.0,0.020524835
1.25,-1.0,7.9328674e-05
1.25,-1.0,0.00075139874
1.25,-1.0,0.00017319467
1.25,-1.0,4.6018344e-05
1.25,-1.0,0.0003715395
1.25,-1.0,0.000799957
1.25,-1.0,8.909979e-05
1.25,-1.0,4.3300206e-05
1.25,-1.0,0.005449174
1.25,-1.0,0.00049681525
1.25,-1.0,6.305921e-05
1.25,-1.0,0.00086466095
1.25,-1.0,0.009913778
1.25,-1.0,4.9124923e-05
1.25,-1.0,0.05409561
1.25,-1.0,0.00025594467
1.25,-1.0,0.00012047823
1.25,-1.0,8.048547e-07
1.25,-1.0,1.3005441e-05
1.25,-1.0,3.595444e-05
1.25,-1.0,0.00012537661
1.25,-1.0,0.0005874369
1.25,-1.0,1.0822131e-05
1.25,-1.0,0.02113277
1.25,-1.0,0.0022152239
1.25,-1.0,0.003558897
1.25,-1.0,0.0033308545
1.25,-1.0,0.5550499
1.25,-1.0,7.687777e-05
1.25,-1.0,0.06588556
1.25,-1.0,0.048160363
1.25,-1.0,9.78437e-05
1.25,-1.0,0.003874053
1.25,-1.0,7.9536214e-05
1.25,-1.0,3.6993828e-05
1.25,-1.0,3.0127823e-05
1.25,-1.0,0.007766263
1.25,-1.0,9.613798e-05
1.25,-1.0,0.00018413081
1.25,-1.0,0.046795323
1.25,-1.0,0.00216667
1.25,-1.0,0.00026797855
1.25,-1.0,0.00031617275
1.25,-1.0,0.0012599876
1.25,-1.0,0.001547072
1.25,-1.0,1.707509e-05
1.25,-1.0,0.0001323122
1.25,-1.0,5.2994433e-06
1.25,-1.0,0.00010330839
1.25,-1.0,0.0015147316
1.25,-1.0,1.9656238e-05
1.25,-1.0,0.00016772197
1.25,-1.0,0.028980238
1.25,-1.0,5.3013136e-06
1.25,-1.0,1.7484874e-05
1.25,-1.0,0.00090404827
1.25,-1.0,3.19751e-05
1.25,-1.0,1.2397077e-05
1.25,-1.0,1.0861483e-05
1.25,-1.0,9.281329e-07
1.25,-1.0,7.7413215e-06
1.25,-1.0,0.0014061888
1.25,-1.0,1.8198189e-05
1.25,-1.0,8.757512e-05
1.25,-1.0,3.1531785e-05
1.25,-1.0,8.055953e-05
1.25,-1.0,7.275867e-05
1.25,-1.0,2.1044586e-06
1.25,-1.0,3.6946283e-06
1.25,-1.0,3.2139083e-05
1.25,-1.0,0.0001745946
1.25,-1.0,0.0005010618
1.25,-1.0,0.027873628
1.25,-1.0,1.4088288e-05
1.25,-1.0,5.278414e-05
1.25,-1.0,1.6419695e-05
1.25,-1.0,0.00018261073
1.25,-1.0,0.013253692
1.25,-1.0,0.0012544916
1.25,-1.0,9.568252e-05
1.25,-1.0,3.628923e-05
1.25,-1.0,0.00017007158
1.25,-1.0,0.019152885
1.25,-1.0,1.34987995e-05
1.25,-1.0,6.761978e-07
1.25,-1.0,2.0092026e-05
1.25,-1.0,0.0032732813
1.25,-1.0,0.002165391
1.25,-1.0,9.164549e-06
1.25,-1.0,3.1473865e-05
1.25,-1.0,1.341038e-05
1.25,-1.0,1.3160388e-05
1.25,-1.0,2.0694228e-05
1.25,-1.0,0.0013738922
1.25,-1.0,0.00050280185
1.25,-1.0,0.00028747803
1.25,-1.0,0.0002612349
1.25,-1.0,0.00033210617
1.25,-1.0,0.00013364844
1.25,-1.0,8.742926e-06
1.25,-1.0,9.940911e-05
1.25,-1.0,0.001054472
1.25,-1.0,0.00030275655
1.25,-1.0,0.0018920512
1.25,-1.0,2.6067298e-06
1.25,-1.0,0.0003187441
1.25,-1.0,7.1943055e-06
1.25,-1.0,0.0030120169
1.25,-1.0,0.00013024874
1.25,-1.0,2.1455646e-05
1.25,-1.0,0.00048230303
1.25,-1.0,6.900928e-05
1.25,-1.0,5.5975293e-06
1.25,-1.0,0.00035193012
1.25,-1.0,0.00017012528
1.25,-1.0,4.8937036e-06
1.25,-1.0,0.0010827756
1.25,-1.0,0.00014425642
1.25,-1.0,0.000563847
1.25,-1.0,0.008721973
1.25,-1.0,0.00010272567
1.25,-1.0,0.00045706186
1.25,-1.0,5.7695424e-06
1.25,-1.0,0.000665226
1.25,-1.0,7.727334e-05
1.25,-1.0,0.000104272876
1.25,-1.0,4.262558e-06
1.25,-1.0,0.00083835353
1.25,-1.0,0.00011724166
1.25,-1.0,4.2088774e-05
1.25,-1.0,1.079461e-05
1.25,-1.0,4.982422e-05
1.25,-1.0,9.368272e-05
1.25,-1.0,0.013800425
1.25,-1.0,0.0006754147
1.25,-1.0,2.4633027e-05
1.25,-1.0,7.6129936e-06
1.25,-1.0,4.0718023e-05
1.25,-1.0,0.000933252
1.25,-1.0,1.2337716e-05
1.25,-1.0,0.00078603026
1.25,-1.0,6.651052e-05
1.25,-1.0,3.16575e-06
1.25,-1.0,8.170584e-06
1.25,-1.0,1.5625566e-05
1.25,-1.0,3.9102302e-05
1.25,-1.0,0.0014952979
1.25,-1.0,0.30401003
1.25,-1.0,0.004594448
1.25,-1.0,0.00065654115
1.25,-1.0,1.9950869e-05
1.25,-1.0,1.4946903e-05
1.25,-1.0,1.358612e-06
1.25,-1.0,2.3712562e-06
1.25,-1.0,2.9647816e-07
1.25,-1.0,6.068426e-07
1.25,-1.0,0.00017079833
1.25,-1.0,8.092132e-07
1.25,-1.0,0.00015996912
1.25,-1.0,0.006892617
1.25,-1.0,2.549628e-06
1.25,-1.0,3.4814e-05
1.25,-1.0,0.0003637707
1.25,-1.0,0.001220264
1.25,-1.0,2.3414821e-05
1.25,-1.0,0.42163983
1.25,-1.0,3.4717024e-05
1.25,-1.0,0.008291077
1.25,-1.0,7.018817e-07
1.25,-1.0,3.91442e-05
1.25,-1.0,0.00011768623
1.25,-1.0,4.5506666e-05
1.25,-1.0,0.00037114226
1.3,-1.0,5.8096325e-06
1.3,-1.0,3.1639986e-05
1.3,-1.0,9.503653e-05
1.3,-1.0,2.6843365e-05
1.3,-1.0,1.2510248e-05
1.3,-1.0,0.00059818226
1.3,-1.0,5.129691e-06
1.3,-1.0,9.599562e-05
1.3,-1.0,0.0002889693
1.3,-1.0,1.3948585e-05
1.3,-1.0,0.0016270952
1.3,-1.0,0.00015121832
1.3,-1.0,0.0018603605
1.3,-1.0,0.00038998178
1.3,-1.0,0.023565723
1.3,-1.0,5.3648368e-05
1.3,-1.0,7.674028e-05
1.3,-1.0,0.0027978828
1.3,-1.0,0.002094544
1.3,-1.0,1.3262984e-05
1.3,-1.0,0.0032861722
1.3,-1.0,1.0829127e-06
1.3,-1.0,1.4394883e-06
1.3,-1.0,1.2337363e-05
1.3,-1.0,4.3063633e-06
1.3,-1.0,3.302716e-09
1.3,-1.0,1.4873206e-08
1.3,-1.0,2.257446e-06
1.3,-1.0,1.1316982e-07
1.3,-1.0,1.7081841e-06
1.3,-1.0,3.921342e-07
1.3,-1.0,1.6401868e-06
1.3,-1.0,0.00027489962
1.3,-1.0,9.268166e-05
1.3,-1.0,2.7330298e-05
1.3,-1.0,4.592267e-07
1.3,-1.0,2.0564667e-07
1.3,-1.0,3.7808624e-07
1.3,-1.0,1.0882217e-08
1.3,-1.0,1.4608563e-07
1.3,-1.0,7.042787e-07
1.3,-1.0,4.837013e-08
1.3,-1.0,0.03903154
1.3,-1.0,0.00053342484
1.3,-1.0,1.1264216e-06
1.3,-1.0,9.929477e-06
1.3,-1.0,1.6281387e-09
1.3,-1.0,1.2256972e-06
1.3,-1.0,1.9468749e-07
1.3,-1.0,2.3016446e-07
1.3,-1.0,2.9187719e-05
1.3,-1.0,0.0039623473
1.3,-1.0,0.00012842497
1.3,-1.0,5.9782647e-06
1.3,-1.0,0.00013193564
1.3,-1.0,1.3929058e-05
1.3,-1.0,1.1691058e-06
1.3,-1.0,5.3814088e-06
1.3,-1.0,0.00023352806
1.3,-1.0,5.825189e-07
1.3,-1.0,1.730472e-06
1.3,-1.0,0.0005453208
1.3,-1.0,5.8783393e-05
1.3,-1.0,4.8392783e-05
1.3,-1.0,2.8186137e-06
1.3,-1.0,9.256119e-05
1.3,-1.0,4.104031e-06
1.3,-1.0,1.9444476e-05
1.3,-1.0,6.8873815e-06
1.3,-1.0,8.2796956e-05
1.3,-1.0,0.00015623869
1.3,-1.0,0.0009931235
1.3,-1.0,8.288842e-06
1.3,-1.0,7.273869e-05
1.3,-1.0,0.00010816956
1.3,-1.0,1.51330305e-05
1.3,-1.0,0.0001424237
1.3,-1.0,3.0897812e-05
1.3,-1.0,4.171174e-05
1.3,-1.0,1.8361579e-08
1.3,-1.0,1.7452272e-05
1.3,-1.0,1.2418835e-07
1.3,-1.0,3.4306957e-08
1.3,-1.0,4.3853538e-07
1.3,-1.0,1.33452565e-08
1.3,-1.0,1.2577589e-06
1.3,-1.0,5.3610314e-05
1.3,-1.0,0.00047938817
1.3,-1.0,4.776641e-06
1.3,-1.0,5.480601e-06
1.3,-1.0,5.389614e-07
1.3,-1.0,8.3392393e-07
1.3,-1.0,4.7014397e-05
1.3,-1.0,8.6931286e-05
1.3,-1.0,5.262693e-06
1.3,-1.0,0.00014403362
1.3,-1.0,2.5832617e-07
1.3,-1.0,0.00023023238
1.3,-1.0,3.7444374e-06
1.3,-1.0,0.15806578
1.3,-1.0,0.0029032931
1.3,-1.0,0.0014916301
1.3,-1.0,6.643123e-06
1.3,-1.0,0.00015297023
1.3,-1.0,2.5245537e-05
1.3,-1.0,4.8426347e-05
1.3,-1.0,0.00010727885
1.3,-1.0,4.364324e-06
1.3,-1.0,5.9080965e-05
1.3,-1.0,4.5013207e-05
1.3,-1.0,7.253533e-07
1.3,-1.0,0.00036665754
1.3,-1.0,8.4313506e-05
1.3,-1.0,4.092657e-06
1.3,-1.0,0.0001027726
1.3,-1.0,7.155208e-05
1.3,-1.0,1.5416039e-05
1.3,-1.0,0.0018305419
1.3,-1.0,0.003774413
1.3,-1.0,4.8648846e-05
1.3,-1.0,0.009873663
1.3,-1.0,0.00010065381
1.3,-1.0,0.0019478209
1.3,-1.0,0.008067206
1.3,-1.0,0.002360249
1.3,-1.0,0.00023985168
1.3,-1.0,0.010902544
1.3,-1.0,4.958165e-06
1.3,-1.0,1.8465643e-08
1.3,-1.0,6.1553174e-06
1.3,-1.0,6.624157e-05
1.3,-1.0,3.744052e-06
1.3,-1.0,3.325049e-08
1.3,-1.0,0.00014596916
1.3,-1.0,4.1335667e-07
1.3,-1.0,6.9250414e-06
1.3,-1.0,0.00026176122
1.3,-1.0,5.0724775e-06
1.3,-1.0,1.5471785e-06
1.3,-1.0,2.8891284e-06
1.3,-1.0,4.5573022e-05
1.3,-1.0,0.0012024421
1.3,-1.0,0.0005547807
1.3,-1.0,7.5170424e-06
1.3,-1.0,1.0015613e-05
1.3,-1.0,1.7063532e-05
1.3,-1.0,3.1233384e-08
1.3,-1.0,6.6368225e-06
1.3,-1.0,1.5779407e-06
1.3,-1.0,0.0008423918
1.3,-1.0,3.774296e-09
1.3,-1.0,1.3078744e-09
1.3,-1.0,2.9281674e-08
1.3,-1.0,5.508366e-07
1.3,-1.0,1.5594365e-07
1.3,-1.0,2.948799e-07
1.3,-1.0,2.1496614e-07
1.3,-1.0,6.4813566e-06
1.3,-1.0,4.2458064e-06
1.3,-1.0,2.0068921e-06
1.3,-1.0,3.583125e-08
1.3,-1.0,3.0381755e-06
1.3,-1.0,9.833441e-06
1.3,-1.0,4.5177174e-07
1.3,-1.0,0.0004619576
1.3,-1.0,6.107132e-06
1.3,-1.0,5.5384185e-06
1.3,-1.0,6.3427024e-08
1.3,-1.0,0.00015379935
1.3,-1.0,3.468982e-05
1.3,-1.0,0.00012804713
1.3,-1.0,0.002180767
1.3,-1.0,0.002279671
1.3,-1.0,1.30413355e-05
1.3,-1.0,0.0003603165
1.3,-1.0,6.7593406e-05
1.3,-1.0,1.11507925e-05
1.3,-1.0,0.0006800872
1.3,-1.0,7.058312e-06
1.3,-1.0,9.749195e-07
1.3,-1.0,9.269324e-05
1.3,-1.0,0.002722207
1.3,-1.0,0.00024640383
1.3,-1.0,5.1608595e-06
1.3,-1.0,3.7962996e-05
1.3,-1.0,2.2161143e-07
1.3,-1.0,7.051989e-08
1.3,-1.0,0.007919289
1.3,-1.0,1.8423536e-05
1.3,-1.0,1.4374277e-06
1.3,-1.0,1.7504979e-05
1.3,-1.0,0.00011137948
1.3,-1.0,1.6782737e-05
1.3,-1.0,3.352887e-05
1.3,-1.0,5.0537325e-05
1.3,-1.0,6.0093555e-07
1.3,-1.0,1.6359403e-08
1.3,-1.0,5.5302397e-05
1.3,-1.0,2.673978e-06
1.3,-1.0,0.00023761534
1.3,-1.0,1.0286199e-06
1.3,-1.0,2.8805067e-07
1.3,-1.0,6.533085e-07
1.3,-1.0,5.203028e-06
1.3,-1.0,3.5069475e-05
1.3,-1.0,0.00027668604
1.3,-1.0,4.2694967e-07
1.3,-1.0,0.00016422773
1.3,-1.0,0.00040357752
1.3,-1.0,0.003146377
1.3,-1.0,1.04697826e-07
1.3,-1.0,0.00027779912
1.3,-1.0,4.846068e-06
1.3,-1.0,5.277139e-07
1.3,-1.0,1.5920192e-06
1.3,-1.0,1.6262378e-05
1.3,-1.0,0.0009598466
1.3,-1.0,0.010489527
1.3,-1.0,0.0001999761
1.3,-1.0,2.9528355e-05
1.3,-1.0,1.1498336e-05
1.3,-1.0,0.0001166582
1.3,-1.0,0.00085060863
1.3,-1.0,8.308327e-05
1.3,-1.0,7.7699804e-07
1.3,-1.0,0.0002779464
1.3,-1.0,7.415956e-07
1.3,-1.0,3.0548902e-06
1.3,-1.0,0.00018356601
1.3,-1.0,5.1160913e-07
1.3,-1.0,0.0003749132
1.3,-1.0,8.229209e-05
1.3,-1.0,0.00026504474
1.3,-1.0,0.0037557725
1.3,-1.0,3.849731e-05
1.3,-1.0,1.0761246e-05
1.3,-1.0,5.6528697e-06
1.3,-1.0,0.0008026865
1.3,-1.0,0.0001225038
1.3,-1.0,0.021515634
1.3,-1.0,0.0017766679
1.3,-1.0,0.00016635192
1.3,-1.0,1.1039323e-05
1.3,-1.0,0.0004700166
1.3,-1.0,2.5756537e-05
1.3,-1.0,3.424745e-05
1.3,-1.0,0.00030267602
1.3,-1.0,0.00076498097
1.3,-1.0,0.0035804317
1.3,-1.0,0.00015780554
0.55,1.0,1.0
0.55,1.0,1.0
0.55,1.0,1.0
0.55,1.0,1.0
0.55,1.0,0.99999976
0.55,1.0,1.0
0.55,1.0,1.0
0.55,1.0,1.0
0.55,1.0,1.0
0.55,1.0,1.0
0.55,1.0,1.0
0.55,1.0,1.0
0.55,1.0,1.0
0.55,1.0,0.9999995
0.55,1.0,0.9999999
0.55,1.0,1.0
0.55,1.0,1.0
0.55,1.0,0.9999999
0.55,1.0,1.0
0.55,1.0,0.9999999
0.55,1.0,0.99999905
0.55,1.0,1.0
0.55,1.0,0.9999999
0.55,1.0,1.0
0.55,1.0,0.99999976
0.55,1.0,0.9999999
0.55,1.0,0.9999993
0.55,1.0,0.9999999
0.55,1.0,0.99999905
0.55,1.0,0.9999993
0.55,1.0,1.0
0.55,1.0,1.0
0.55,1.0,1.0
0.55,1.0,1.0
0.55,1.0,1.0
0.55,1.0,1.0
0.55,1.0,1.0
0.55,1.0,1.0
0.55,1.0,0.9999999
0.55,1.0,1.0
0.55,1.0,1.0
0.55,1.0,1.0
0.55,1.0,1.0
0.55,1.0,1.0
0.55,1.0,1.0
0.55,1.0,0.9999999
0.55,1.0,1.0
0.55,1.0,0.9999999
0.55,1.0,1.0
0.55,1.0,1.0
1.35,-1.0,2.1726137e-06
1.35,-1.0,0.0031010956
1.35,-1.0,0.016158838
1.35,-1.0,0.00012292727
1.35,-1.0,0.0012865401
1.35,-1.0,0.00019285941
1.35,-1.0,0.0014850624
1.35,-1.0,0.0069287685
1.35,-1.0,0.0011992068
1.35,-1.0,2.8492127e-06
1.35,-1.0,4.5197266e-06
1.35,-1.0,0.0033549932
1.35,-1.0,0.00013168211
1.35,-1.0,2.7725928e-06
1.35,-1.0,3.5039255e-05
1.35,-1.0,0.00093986647
1.35,-1.0,5.812271e-07
1.35,-1.0,0.00016805687
1.35,-1.0,5.0908082e-05
1.35,-1.0,1.707509e-05
1.35,-1.0,0.0005251239
1.35,-1.0,0.2933098
1.35,-1.0,0.0002435898
1.35,-1.0,0.0053877174
1.35,-1.0,2.9606895e-06
1.35,-1.0,0.0002937669
1.35,-1.0,0.0003088971
1.35,-1.0,0.0002756292
1.35,-1.0,2.1873996e-06
1.35,-1.0,9.172025e-05
1.35,-1.0,0.00051689346
1.35,-1.0,0.00020890441
1.35,-1.0,4.3540367e-05
1.35,-1.0,5.73867e-06
1.35,-1.0,3.5475594e-08
1.35,-1.0,0.00020208184
1.35,-1.0,0.00041245748
1.35,-1.0,0.01019104
1.35,-1.0,0.0010123488
1.35,-1.0,0.001358687
1.35,-1.0,3.4081353e-05
1.35,-1.0,0.0028609326
1.35,-1.0,0.0018526503
1.35,-1.0,0.00075639214
1.35,-1.0,0.00027474764
1.35,-1.0,8.7449276e-05
1.35,-1.0,2.9110135e-05
1.35,-1.0,0.00012717636
1.35,-1.0,4.474102e-05
1.35,-1.0,1.239749e-05
1.35,-1.0,0.0004364072
1.35,-1.0,5.0319904e-06
1.35,-1.0,0.002050924
1.35,-1.0,2.6627413e-05
1.35,-1.0,7.4054685e-07
1.35,-1.0,0.0003578538
1.35,-1.0,4.009248e-06
1.35,-1.0,5.8537928e-05
1.35,-1.0,0.00087471475
1.35,-1.0,0.0005639126
1.35,-1.0,5.218916e-06
1.35,-1.0,9.871969e-05
1.35,-1.0,0.0001146444
1.35,-1.0,2.437142e-05
1.35,-1.0,0.0038768472
1.35,-1.0,0.00012765871
1.35,-1.0,1.6293565e-05
1.35,-1.0,2.0312506e-05
1.35,-1.0,0.004441041
1.35,-1.0,0.00028659112
1.35,-1.0,3.960401e-06
1.35,-1.0,2.7764215e-06
1.35,-1.0,0.00016412581
1.35,-1.0,5.156325e-07
1.35,-1.0,2.8598335e-05
1.35,-1.0,2.7464908e-05
1.35,-1.0,1.423805e-05
1.35,-1.0,6.715054e-06
1.35,-1.0,1.3770287e-05
1.35,-1.0,3.5353987e-06
1.35,-1.0,4.404409e-06
1.35,-1.0,8.606078e-05
1.35,-1.0,3.758106e-08
1.35,-1.0,4.178927e-07
1.35,-1.0,2.8060297e-06
1.35,-1.0,4.9140715e-07
1.35,-1.0,7.16932e-06
1.35,-1.0,3.0696393e-07
1.35,-1.0,8.869147e-08
1.35,-1.0,5.2482534e-09
1.35,-1.0,2.4456703e-08
1.35,-1.0,2.4577966e-07
1.35,-1.0,1.977795e-05
1.35,-1.0,3.88702e-08
1.35,-1.0,2.9793666e-08
1.35,-1.0,6.6822686e-08
1.35,-1.0,6.913342e-06
1.35,-1.0,1.13557185e-07
1.35,-1.0,2.9252087e-06
1.35,-1.0,1.8976849e-07
1.35,-1.0,1.0280348e-07
1.35,-1.0,3.0672065e-06
1.35,-1.0,3.5290996e-06
1.35,-1.0,4.949547e-05
1.35,-1.0,1.7364946e-06
1.35,-1.0,0.00025084408
1.35,-1.0,5.1580713e-07
1.35,-1.0,4.703552e-05
1.35,-1.0,2.4392752e-06
1.35,-1.0,7.436694e-07
1.35,-1.0,7.340232e-05
1.35,-1.0,0.000105609484
1.35,-1.0,0.00061676843
1.35,-1.0,1.6653313e-06
1.35,-1.0,4.3186345e-05
1.35,-1.0,5.198532e-07
1.35,-1.0,2.208221e-06
1.35,-1.0,1.1819632e-06
1.35,-1.0,5.9200866e-05
1.35,-1.0,1.0192116e-08
1.35,-1.0,1.0734469e-08
1.35,-1.0,1.562503e-05
1.35,-1.0,1.3238371e-08
1.35,-1.0,8.509074e-06
1.35,-1.0,2.728333e-07
1.35,-1.0,5.247943e-06
1.35,-1.0,1.9720856e-09
1.35,-1.0,0.0012888286
1.35,-1.0,6.3770835e-06
1.35,-1.0,0.00018626715
1.35,-1.0,0.004278499
1.35,-1.0,8.762166e-06
1.35,-1.0,6.0488463e-05
1.35,-1.0,4.8010163e-05
1.35,-1.0,0.00035030884
1.35,-1.0,0.00010200431
1.35,-1.0,0.0008885064
1.35,-1.0,1.4098691e-05
1.35,-1.0,0.0012219598
1.35,-1.0,0.0012314094
1.35,-1.0,0.023468759
1.35,-1.0,4.3265877e-06
1.35,-1.0,1.4538807e-06
1.35,-1.0,0.010479652
1.35,-1.0,3.380276e-07
1.35,-1.0,3.8012666e-05
1.35,-1.0,6.9287864e-07
1.35,-1.0,0.0001788461
1.35,-1.0,2.0886432e-06
1.35,-1.0,1.86865e-05
1.35,-1.0,5.879275e-06
1.35,-1.0,1.8376038e-05
1.35,-1.0,7.179209e-08
1.35,-1.0,0.0008379235
1.35,-1.0,0.0003207643
1.35,-1.0,0.0003537688
1.35,-1.0,0.00042648686
1.35,-1.0,3.3242526e-05
1.35,-1.0,2.3669605e-07
1.35,-1.0,2.8986028e-06
1.35,-1.0,2.509226e-05
1.35,-1.0,0.00023917801
1.35,-1.0,0.001705146
1.35,-1.0,0.00014388276
1.35,-1.0,1.2458897e-05
1.35,-1.0,1.5081049e-05
1.35,-1.0,0.008874391
1.35,-1.0,0.0113327205
1.35,-1.0,9.0121175e-05
1.35,-1.0,5.4642665e-06
1.35,-1.0,0.0013178255
1.35,-1.0,5.6216027e-06
1.35,-1.0,4.681172e-06
1.35,-1.0,7.203432e-05
1.35,-1.0,2.1130127e-05
1.35,-1.0,2.0628713e-05
1.35,-1.0,4.59697e-05
1.35,-1.0,0.00036417006
1.35,-1.0,4.571649e-05
1.35,-1.0,1.8228111e-06
1.35,-1.0,4.1887048e-05
1.35,-1.0,8.817525e-06
1.35,-1.0,4.4466033e-05
1.35,-1.0,1.1151569e-06
1.35,-1.0,3.3460707e-05
1.35,-1.0,4.9136355e-07
1.35,-1.0,3.4803975e-07
1.35,-1.0,2.6233092e-06
1.35,-1.0,2.6687069e-06
1.35,-1.0,0.00088476983
1.35,-1.0,1.1991787e-07
1.35,-1.0,2.0863321e-10
1.35,-1.0,3.9156967e-09
1.35,-1.0,1.006717e-06
1.35,-1.0,1.9987674e-07
1.35,-1.0,9.221729e-09
1.35,-1.0,5.1165254e-05
1.35,-1.0,1.8165846e-07
1.35,-1.0,1.2428711e-08
1.35,-1.0,1.165769e-06
1.35,-1.0,0.00023295032
1.35,-1.0,3.6606747e-05
1.35,-1.0,1.9754673e-06
1.35,-1.0,1.6699595e-06
1.35,-1.0,7.88796e-07
1.35,-1.0,9.742038e-09
1.35,-1.0,4.6294232e-07
1.35,-1.0,8.33643e-06
1.35,-1.0,6.3058064e-06
1.35,-1.0,2.1545598e-05
1.35,-1.0,5.2483134e-05
1.35,-1.0,9.0212314e-05
1.35,-1.0,3.0743566e-05
1.35,-1.0,2.9326387e-05
1.35,-1.0,5.4200962e-05
1.35,-1.0,1.5965812e-05
1.35,-1.0,9.0190775e-07
1.35,-1.0,8.168091e-06
1.35,-1.0,1.5294658e-05
1.35,-1.0,0.0011814705
1.35,-1.0,4.836515e-05
1.35,-1.0,0.0005267464
1.35,-1.0,2.3040342e-07
1.35,-1.0,8.9871713e-07
1.35,-1.0,1.729197e-05
1.35,-1.0,3.416641e-06
1.35,-1.0,0.00035495323
1.35,-1.0,9.433524e-05
1.35,-1.0,4.4056484e-05
1.35,-1.0,7.563846e-07
1.35,-1.0,7.200168e-07
1.35,-1.0,1.1400963e-06
1.35,-1.0,4.0228524e-06
1.35,-1.0,1.9674992e-05
1.35,-1.0,9.4343295e-06
1.35,-1.0,1.3995954e-05
1.35,-1.0,1.2419856e-05
1.35,-1.0,0.0014960933
1.35,-1.0,0.0019754977
1.35,-1.0,0.00030853273
1.35,-1.0,0.00030933003
1.35,-1.0,0.0006587467
1.35,-1.0,6.769094e-05
1.35,-1.0,1.4568216e-07
1.35,-1.0,7.709413e-08
1.35,-1.0,6.3500775e-06
1.35,-1.0,0.006923212
1.35,-1.0,2.380664e-06
1.35,-1.0,0.00011382341
1.35,-1.0,0.0006845395
1.4,-1.0,3.2631862e-05
1.4,-1.0,9.210708e-07
1.4,-1.0,1.5556947e-05
1.4,-1.0,1.090937e-05
1.4,-1.0,0.4399961
1.4,-1.0,8.54263e-05
1.4,-1.0,4.36504e-06
1.4,-1.0,1.4161092e-06
1.4,-1.0,1.5766991e-08
1.4,-1.0,5.9603815e-09
1.4,-1.0,1.0157959e-08
1.4,-1.0,5.422407e-05
1.4,-1.0,0.000695039
1.4,-1.0,1.8089406e-05
1.4,-1.0,3.3275667e-06
1.4,-1.0,5.3905394e-05
1.4,-1.0,0.000111904854
1.4,-1.0,1.7813279e-06
1.4,-1.0,0.00065443304
1.4,-1.0,0.0002406991
1.4,-1.0,2.5478414e-07
1.4,-1.0,6.1815717e-06
1.4,-1.0,8.529522e-08
1.4,-1.0,3.6746445e-07
1.4,-1.0,1.8951816e-07
1.4,-1.0,3.6446608e-07
1.4,-1.0,1.0020742e-06
1.4,-1.0,6.8863706e-08
1.4,-1.0,0.0031535176
1.4,-1.0,0.16385628
1.4,-1.0,0.0010324711
1.4,-1.0,0.0007174778
1.4,-1.0,4.681998e-06
1.4,-1.0,8.170475e-06
1.4,-1.0,1.4340854e-05
1.4,-1.0,9.257893e-05
1.4,-1.0,0.0003937591
1.4,-1.0,7.1756665e-05
1.4,-1.0,5.784693e-07
1.4,-1.0,4.6124536e-05
1.4,-1.0,0.00021317232
1.4,-1.0,0.00019990327
1.4,-1.0,6.188043e-05
1.4,-1.0,7.501536e-08
1.4,-1.0,5.4896195e-06
1.4,-1.0,0.00063426327
1.4,-1.0,0.00015641085
1.4,-1.0,1.7443404e-05
1.4,-1.0,4.5356423e-06
1.4,-1.0,5.320841e-05
1.4,-1.0,1.9687697e-05
1.4,-1.0,3.4241082e-05
1.4,-1.0,0.00025572124
1.4,-1.0,4.328096e-07
1.4,-1.0,7.1226594e-07
1.4,-1.0,0.010544792
1.4,-1.0,2.0467578e-05
1.4,-1.0,8.1278195e-08
1.4,-1.0,3.4908228e-06
1.4,-1.0,2.292047e-06
1.4,-1.0,1.0262814e-07
1.4,-1.0,0.051361594
1.4,-1.0,0.011386169
1.4,-1.0,8.2179635e-05
1.4,-1.0,2.8389218e-08
1.4,-1.0,7.463984e-07
1.4,-1.0,3.044853e-08
1.4,-1.0,0.0026973358
1.4,-1.0,4.9201208e-05
1.4,-1.0,0.0027427776
1.4,-1.0,0.0011878585
1.4,-1.0,0.00015447986
1.4,-1.0,1.2836065e-05
1.4,-1.0,6.986174e-07
1.4,-1.0,0.00047116404
1.4,-1.0,7.854969e-06
1.4,-1.0,3.1823745e-06
1.4,-1.0,8.43933e-05
1.4,-1.0,7.475569e-08
1.4,-1.0,6.095832e-05
1.4,-1.0,5.8379774e-05
1.4,-1.0,2.3986742e-05
1.4,-1.0,0.00021739822
1.4,-1.0,0.0073743304
1.4,-1.0,2.2252081e-05
1.4,-1.0,1.3635063e-05
1.4,-1.0,4.4381727e-07
1.4,-1.0,0.005396829
1.4,-1.0,2.8545148e-05
1.4,-1.0,4.6191485e-06
1.4,-1.0,0.00036938553
1.4,-1.0,2.8857798e-06
1.4,-1.0,0.00035985926
1.4,-1.0,6.8261625e-07
1.4,-1.0,0.0006080377
1.4,-1.0,2.9836441e-05
1.4,-1.0,2.4346517e-05
1.4,-1.0,2.6061905e-05
1.4,-1.0,5.1044226e-06
1.4,-1.0,3.147534e-06
1.4,-1.0,8.920364e-07
1.4,-1.0,0.00018377039
1.4,-1.0,1.0226318e-05
1.4,-1.0,1.268518e-05
1.4,-1.0,3.6943486e-05
1.4,-1.0,1.8008859e-06
1.4,-1.0,4.5614163e-07
1.4,-1.0,4.408237e-06
1.4,-1.0,1.8113056e-05
1.4,-1.0,7.778164e-09
1.4,-1.0,4.8352973e-05
1.4,-1.0,0.00034097114
1.4,-1.0,6.2929685e-06
1.4,-1.0,1.5270637e-06
1.4,-1.0,2.0867697e-06
1.4,-1.0,1.2029626e-06
1.4,-1.0,3.6907482e-09
1.4,-1.0,1.1289172e-09
1.4,-1.0,8.403216e-11
1.4,-1.0,7.6262434e-11
1.4,-1.0,7.151977e-10
1.4,-1.0,2.3971668e-07
1.4,-1.0,4.574032e-07
1.4,-1.0,1.1047553e-09
1.4,-1.0,1.638998e-08
1.4,-1.0,9.517271e-09
1.4,-1.0,5.8576e-07
1.4,-1.0,1.6468655e-07
1.4,-1.0,1.9624507e-05
1.4,-1.0,0.00012302778
1.4,-1.0,4.517563e-05
1.4,-1.0,1.1897442e-05
1.4,-1.0,1.2438881e-05
1.4,-1.0,5.090153e-05
1.4,-1.0,0.0004960026
1.4,-1.0,2.4668373e-07
1.4,-1.0,8.061361e-07
1.4,-1.0,8.3386796e-05
1.4,-1.0,3.0644358e-07
1.4,-1.0,4.8675483e-05
1.4,-1.0,1.3660197e-07
1.4,-1.0,4.6619145e-05
1.4,-1.0,0.0004563259
1.4,-1.0,1.19148524e-07
1.4,-1.0,1.1324156e-06
1.4,-1.0,2.131051e-06
1.4,-1.0,0.00021720948
1.4,-1.0,7.1198265e-06
1.4,-1.0,2.671441e-08
1.4,-1.0,2.4267501e-06
1.4,-1.0,8.151103e-06
1.4,-1.0,0.0012278255
1.4,-1.0,5.2131476e-05
1.4,-1.0,1.5126249e-05
1.4,-1.0,3.3216056e-06
1.4,-1.0,9.328922e-05
1.4,-1.0,1.9889187e-05
1.4,-1.0,1.2885992e-06
1.4,-1.0,0.0033508278
1.4,-1.0,7.88545e-08
1.4,-1.0,8.07802e-09
1.4,-1.0,0.01076038
1.4,-1.0,5.0675217e-06
1.4,-1.0,0.0023216556
1.4,-1.0,1.9480333e-06
1.4,-1.0,0.0018602321
1.4,-1.0,0.00410189
1.4,-1.0,3.4468016e-07
1.4,-1.0,3.2209644e-09
1.4,-1.0,2.7016156e-09
1.4,-1.0,8.135674e-07
1.4,-1.0,4.367917e-09
1.4,-1.0,3.3920597e-07
1.4,-1.0,8.716527e-06
1.4,-1.0,4.4967123e-06
1.4,-1.0,2.9465045e-06
1.4,-1.0,2.5942305e-07
1.4,-1.0,1.5954085e-07
1.4,-1.0,7.215409e-08
1.4,-1.0,1.5328693e-07
1.4,-1.0,9.862807e-07
1.4,-1.0,3.1505822e-06
1.4,-1.0,1.456851e-06
1.4,-1.0,7.06209e-07
1.4,-1.0,6.3523253e-09
1.4,-1.0,4.2289813e-07
1.4,-1.0,4.642227e-07
1.4,-1.0,1.6351298e-06
1.4,-1.0,3.3110402e-05
1.4,-1.0,1.0709969e-08
1.4,-1.0,6.91261e-08
1.4,-1.0,6.7591936e-06
1.4,-1.0,5.861416e-06
1.4,-1.0,1.2404788e-06
1.4,-1.0,2.3919398e-07
1.4,-1.0,0.0005860941
1.4,-1.0,2.6904895e-06
1.4,-1.0,8.319532e-07
1.4,-1.0,2.1179926e-06
1.4,-1.0,7.466366e-06
1.4,-1.0,0.01640418
1.4,-1.0,0.00017937568
1.4,-1.0,9.055544e-05
1.4,-1.0,0.002670089
1.4,-1.0,0.031226207
1.4,-1.0,8.009228e-05
1.4,-1.0,2.5709437e-07
1.4,-1.0,1.4055876e-06
1.4,-1.0,6.2103422e-06
1.4,-1.0,0.0006145373
1.4,-1.0,2.3407063e-06
1.4,-1.0,6.6149326e-08
1.4,-1.0,3.0753417e-05
1.4,-1.0,0.00057089544
1.4,-1.0,0.00095364306
1.4,-1.0,0.0002123965
1.4,-1.0,7.206902e-05
1.4,-1.0,1.0573728e-05
1.4,-1.0,2.4728488e-06
1.4,-1.0,2.2688444e-05
1.4,-1.0,1.6687765e-07
1.4,-1.0,6.1966115e-05
1.4,-1.0,0.00014562174
1.4,-1.0,0.002009222
1.4,-1.0,0.000961572
1.4,-1.0,0.0022105658
1.4,-1.0,7.624654e-08
1.4,-1.0,2.5736208e-05
1.4,-1.0,1.1712617e-06
1.4,-1.0,2.8618101e-06
1.4,-1.0,0.0027948734
1.4,-1.0,0.00023697324
1.4,-1.0,0.00090764614
1.4,-1.0,6.503325e-05
1.4,-1.0,0.00028934315
1.4,-1.0,1.805981e-05
1.4,-1.0,3.5909495e-06
1.4,-1.0,3.4811575e-05
1.4,-1.0,6.260091e-05
1.4,-1.0,1.8273282e-05
1.4,-1.0,1.4374508e-07
1.4,-1.0,1.5021496e-05
1.4,-1.0,8.090899e-08
1.4,-1.0,1.4697884e-05
1.4,-1.0,4.6239216e-05
1.4,-1.0,9.194741e-05
1.4,-1.0,9.58165e-07
1.4,-1.0,2.5408917e-07
1.4,-1.0,1.1968876e-05
1.4,-1.0,2.1539847e-05
0.55,1.0,1.0
0.55,1.0,0.9999999
0.55,1.0,1.0
0.55,1.0,1.0
0.55,1.0,1.0
0.55,1.0,1.0
0.55,1.0,1.0
0.55,1.0,1.0
0.55,1.0,1.0
0.55,1.0,1.0
0.55,1.0,1.0
0.55,1.0,0.9999999
0.55,1.0,1.0
0.55,1.0,1.0
0.55,1.0,1.0
0.55,1.0,1.0
0.55,1.0,0.99999976
0.55,1.0,1.0
0.55,1.0,1.0
0.55,1.0,1.0
0.55,1.0,1.0
0.55,1.0,0.9999999
0.55,1.0,0.99999976
0.55,1.0,1.0
0.55,1.0,1.0
0.55,1.0,1.0
0.55,1.0,1.0
0.55,1.0,1.0
0.55,1.0,0.9999999
0.55,1.0,1.0
0.55,1.0,1.0
0.55,1.0,1.0
0.55,1.0,1.0
0.55,1.0,1.0
0.55,1.0,1.0
0.55,1.0,1.0
0.55,1.0,0.9999999
0.55,1.0,1.0
0.55,1.0,0.9999987
0.55,1.0,0.9999999
0.55,1.0,0.9999999
0.55,1.0,1.0
0.55,1.0,0.9999999
0.55,1.0,0.9999999
0.55,1.0,0.99999964
0.55,1.0,1.0
0.55,1.0,0.99999917
0.55,1.0,0.9999995
0.55,1.0,0.99999976
0.55,1.0,1.0
1.45,-1.0,1.008612e-06
1.45,-1.0,8.0394464e-05
1.45,-1.0,2.175282e-05
1.45,-1.0,1.28561815e-05
1.45,-1.0,1.5821523e-07
1.45,-1.0,4.4198473e-06
1.45,-1.0,4.848259e-06
1.45,-1.0,6.236655e-07
1.45,-1.0,3.968882e-05
1.45,-1.0,5.747657e-07
1.45,-1.0,2.2025792e-07
1.45,-1.0,1.8810872e-05
1.45,-1.0,1.1617635e-06
1.45,-1.0,1.4702445e-06
1.45,-1.0,0.00018030268
1.45,-1.0,7.686457e-06
1.45,-1.0,1.5925772e-05
1.45,-1.0,1.6603124e-06
1.45,-1.0,0.00017593672
1.45,-1.0,7.3908814e-06
1.45,-1.0,3.6602137e-06
1.45,-1.0,3.1468348e-06
1.45,-1.0,1.1657957e-06
1.45,-1.0,6.821555e-08
1.45,-1.0,2.1927245e-07
1.45,-1.0,5.7075927e-06
1.45,-1.0,6.486938e-07
1.45,-1.0,7.620706e-07
1.45,-1.0,7.3671697e-07
1.45,-1.0,3.7109387e-06
1.45,-1.0,0.00028754162
1.45,-1.0,3.7044138e-05
1.45,-1.0,0.00022022113
1.45,-1.0,3.619267e-05
1.45,-1.0,6.272797e-07
1.45,-1.0,1.7360178e-07
1.45,-1.0,1.1033507e-09
1.45,-1.0,0.0001485756
1.45,-1.0,5.8028444e-08
1.45,-1.0,2.4793122e-05
1.45,-1.0,9.865843e-05
1.45,-1.0,1.13724445e-05
1.45,-1.0,4.3418052e-07
1.45,-1.0,4.8419188e-05
1.45,-1.0,2.6770367e-08
1.45,-1.0,2.7905566e-08
1.45,-1.0,6.5953686e-06
1.45,-1.0,2.3742634e-06
1.45,-1.0,8.048595e-10
1.45,-1.0,1.3676218e-09
1.45,-1.0,1.7035045e-05
1.45,-1.0,0.00011684757
1.45,-1.0,1.0231381e-05
1.45,-1.0,4.581516e-06
1.45,-1.0,4.42427e-05
1.45,-1.0,1.6704384e-08
1.45,-1.0,3.129459e-05
1.45,-1.0,8.280128e-09
1.45,-1.0,0.00034575092
1.45,-1.0,0.00028029995
1.45,-1.0,7.260635e-08
1.45,-1.0,1.0862155e-05
1.45,-1.0,2.5725355e-06
1.45,-1.0,3.858747e-06
1.45,-1.0,9.82035e-06
1.45,-1.0,0.00035753805
1.45,-1.0,1.681178e-05
1.45,-1.0,1.0790575e-05
1.45,-1.0,1.7319447e-06
1.45,-1.0,1.8590745e-08
1.45,-1.0,3.818785e-06
1.45,-1.0,6.23009e-06
1.45,-1.0,7.147249e-06
1.45,-1.0,6.9370844e-06
1.45,-1.0,3.8379756e-05
1.45,-1.0,4.1944062e-08
1.45,-1.0,1.3810735e-06
1.45,-1.0,4.7327394e-08
1.45,-1.0,2.0534665e-09
1.45,-1.0,1.8844505e-08
1.45,-1.0,3.789048e-05
1.45,-1.0,4.980968e-05
1.45,-1.0,7.4171454e-05
1.45,-1.0,0.0004471029
1.45,-1.0,5.03708e-06
1.45,-1.0,1.02074155e-05
1.45,-1.0,8.255011e-08
1.45,-1.0,5.885042e-06
1.45,-1.0,1.071456e-05
1.45,-1.0,2.9036164e-07
1.45,-1.0,3.5577357e-09
1.45,-1.0,0.00052042
1.45,-1.0,5.8567297e-05
1.45,-1.0,3.7883616e-05
1.45,-1.0,6.42304e-07
1.45,-1.0,2.6866334e-07
1.45,-1.0,6.47359e-08
1.45,-1.0,2.7959697e-08
1.45,-1.0,1.6140288e-05
1.45,-1.0,3.4019627e-05
1.45,-1.0,8.0117516e-08
1.45,-1.0,4.6714398e-08
1.45,-1.0,6.1249093e-06
1.45,-1.0,4.183297e-07
1.45,-1.0,8.688488e-05
1.45,-1.0,2.6060216e-05
1.45,-1.0,5.9785557e-06
1.45,-1.0,1.222523e-05
1.45,-1.0,0.00013817554
1.45,-1.0,0.0006597875
1.45,-1.0,0.00023589931
1.45,-1.0,2.7517655e-05
1.45,-1.0,0.00017666191
1.45,-1.0,2.1382968e-05
1.45,-1.0,1.0867979e-05
1.45,-1.0,4.3659168e-07
1.45,-1.0,9.564655e-06
1.45,-1.0,7.834453e-05
1.45,-1.0,2.0052994e-05
1.45,-1.0,2.3377215e-06
1.45,-1.0,7.268661e-05
1.45,-1.0,7.736093e-05
1.45,-1.0,4.308133e-05
1.45,-1.0,6.2717054e-06
1.45,-1.0,9.4344774e-05
1.45,-1.0,1.3249697e-05
1.45,-1.0,1.3804117e-05
1.45,-1.0,2.532693e-07
1.45,-1.0,0.0004361516
1.45,-1.0,1.7059963e-07
1.45,-1.0,1.3832332e-05
1.45,-1.0,9.4246316e-05
1.45,-1.0,1.4605941e-05
1.45,-1.0,4.595786e-06
1.45,-1.0,4.2706083e-07
1.45,-1.0,1.6828493e-05
1.45,-1.0,3.4702334e-06
1.45,-1.0,4.1315223e-05
1.45,-1.0,1.0985451e-07
1.45,-1.0,5.7876014e-07
1.45,-1.0,1.4797811e-05
1.45,-1.0,2.857542e-06
1.45,-1.0,6.8505724e-06
1.45,-1.0,1.5624302e-07
1.45,-1.0,1.09106295e-05
1.45,-1.0,2.922789e-07
1.45,-1.0,5.019784e-07
1.45,-1.0,5.895907e-07
1.45,-1.0,6.9681882e-06
1.45,-1.0,4.2467924e-05
1.45,-1.0,8.7621075e-08
1.45,-1.0,5.6751635e-11
1.45,-1.0,1.4295861e-06
1.45,-1.0,2.3768823e-06
1.45,-1.0,1.632008e-05
1.45,-1.0,0.0004258531
1.45,-1.0,0.0006452254
1.45,-1.0,5.8210457e-08
1.45,-1.0,0.0002453054
1.45,-1.0,4.9464656e-05
1.45,-1.0,0.02617648
1.45,-1.0,2.5430375e-06
1.45,-1.0,3.346923e-05
1.45,-1.0,4.4386674e-08
1.45,-1.0,0.00072378316
1.45,-1.0,9.7687426e-08
1.45,-1.0,0.005314337
1.45,-1.0,6.01401e-08
1.45,-1.0,1.0797967e-07
1.45,-1.0,8.8802994e-07
1.45,-1.0,2.7851573e-07
1.45,-1.0,2.0736308e-05
1.45,-1.0,5.770066e-05
1.45,-1.0,2.0624957e-05
1.45,-1.0,8.714098e-07
1.45,-1.0,3.9212686e-05
1.45,-1.0,3.0751505e-07
1.45,-1.0,5.932483e-08
1.45,-1.0,5.016638e-06
1.45,-1.0,1.2562699e-06
1.45,-1.0,0.81629616
1.45,-1.0,0.0006053059
1.45,-1.0,5.8991714e-09
1.45,-1.0,3.9462e-05
1.45,-1.0,5.0217085e-07
1.45,-1.0,1.3430844e-09
1.45,-1.0,1.011334e-06
1.45,-1.0,1.2550266e-09
1.45,-1.0,1.0169668e-05
1.45,-1.0,0.00013124963
1.45,-1.0,0.0076407203
1.45,-1.0,1.5943316e-07
1.45,-1.0,0.010425105
1.45,-1.0,0.00018129895
1.45,-1.0,3.9301936e-05
1.45,-1.0,1.538263e-05
1.45,-1.0,1.3815358e-06
1.45,-1.0,9.3057e-06
1.45,-1.0,1.2345603e-06
1.45,-1.0,7.247066e-06
1.45,-1.0,5.4206026e-05
1.45,-1.0,0.00032578167
1.45,-1.0,6.704547e-08
1.45,-1.0,8.295716e-05
1.45,-1.0,9.26592e-06
1.45,-1.0,1.2192745e-05
1.45,-1.0,5.7848697e-06
1.45,-1.0,8.7999595e-08
1.45,-1.0,3.6812946e-06
1.45,-1.0,1.5069232e-05
1.45,-1.0,3.3521712e-05
1.45,-1.0,2.074781e-07
1.45,-1.0,2.1118905e-05
1.45,-1.0,0.0003137256
1.45,-1.0,2.7685777e-05
1.45,-1.0,1.2619377e-06
1.45,-1.0,1.3863943e-06
1.45,-1.0,4.912032e-06
1.45,-1.0,8.421073e-05
1.45,-1.0,2.4996249e-05
1.45,-1.0,1.3192027e-06
1.45,-1.0,0.000353731
1.45,-1.0,2.0409898e-06
1.45,-1.0,5.413252e-07
1.45,-1.0,4.2762467e-06
1.45,-1.0,0.0004274142
1.45,-1.0,8.681692e-06
1.45,-1.0,0.0004140139
1.45,-1.0,0.00025003724
1.45,-1.0,0.002903855
1.45,-1.0,4.956326e-06
1.45,-1.0,9.3677176e-05
1.45,-1.0,1.3229365e-07
1.45,-1.0,0.00096874085
1.45,-1.0,7.239937e-06
1.45,-1.0,0.022067897
1.45,-1.0,0.003391219
1.45,-1.0,7.4808604e-08
1.45,-1.0,6.429735e-06
1.45,-1.0,5.1215288e-08
1.45,-1.0,1.2982414e-06
1.45,-1.0,9.3657705e-05
1.45,-1.0,1.6872868e-06
1.45,-1.0,2.022855e-05
1.45,-1.0,0.0007917073
1.45,-1.0,1.5862595e-05
1.45,-1.0,2.851094e-07
1.45,-1.0,5.617738e-06
1.45,-1.0,9.490214e-06
1.45,-1.0,2.5310965e-05
1.5,-1.0,7.51007e-06
1.5,-1.0,2.258049e-06
1.5,-1.0,1.7266262e-07
1.5,-1.0,1.9193835e-06
1.5,-1.0,2.2415597e-07
1.5,-1.0,0.0007303794
1.5,-1.0,0.0031116283
1.5,-1.0,4.539934e-05
1.5,-1.0,3.85544e-06
1.5,-1.0,8.935485e-06
1.5,-1.0,4.1941945e-07
1.5,-1.0,3.412383e-05
1.5,-1.0,1.7997101e-07
1.5,-1.0,6.886091e-05
1.5,-1.0,3.4821912e-06
1.5,-1.0,7.6047145e-06
1.5,-1.0,2.8055376e-07
1.5,-1.0,0.00030584802
1.5,-1.0,0.0054875175
1.5,-1.0,4.5515408e-06
1.5,-1.0,0.0001364747
1.5,-1.0,4.4679055e-06
1.5,-1.0,1.4339378e-05
1.5,-1.0,0.00086122187
1.5,-1.0,0.0016163437
1.5,-1.0,0.00047050876
1.5,-1.0,2.1818574e-05
1.5,-1.0,2.9895673e-06
1.5,-1.0,1.6137088e-05
1.5,-1.0,8.693755e-06
1.5,-1.0,2.2161821e-05
1.5,-1.0,5.105739e-05
1.5,-1.0,2.5687683e-05
1.5,-1.0,2.0229823e-05
1.5,-1.0,8.565257e-05
1.5,-1.0,3.8735097e-06
1.5,-1.0,7.780094e-07
1.5,-1.0,1.8038227e-05
1.5,-1.0,6.283748e-07
1.5,-1.0,0.008602752
1.5,-1.0,8.5487736e-05
1.5,-1.0,0.0021044821
1.5,-1.0,8.662224e-06
1.5,-1.0,7.273605e-05
1.5,-1.0,2.3462768e-05
1.5,-1.0,3.6289808e-07
1.5,-1.0,0.0018354414
1.5,-1.0,1.2955703e-05
1.5,-1.0,1.2064771e-06
1.5,-1.0,0.003810307
1.5,-1.0,4.8509833e-06
1.5,-1.0,4.8728775e-06
1.5,-1.0,0.00033607648
1.5,-1.0,0.00034940877
1.5,-1.0,1.1660336e-06
1.5,-1.0,5.7755265e-06
1.5,-1.0,1.1627795e-05
1.5,-1.0,7.4463074e-05
1.5,-1.0,1.0396607e-06
1.5,-1.0,1.9464183e-07
1.5,-1.0,6.168101e-05
1.5,-1.0,5.684066e-08
1.5,-1.0,1.8725683e-09
1.5,-1.0,2.6413578e-05
1.5,-1.0,0.00010165698
1.5,-1.0,3.1986951e-06
1.5,-1.0,6.975227e-05
1.5,-1.0,2.4124709e-05
1.5,-1.0,1.4732902e-06
1.5,-1.0,0.00021587654
1.5,-1.0,3.766952e-06
1.5,-1.0,3.1067382e-05
1.5,-1.0,0.00018170218
1.5,-1.0,9.075678e-09
1.5,-1.0,2.5493064e-08
1.5,-1.0,4.9746737e-05
1.5,-1.0,4.0900908e-08
1.5,-1.0,3.900496e-10
1.5,-1.0,1.9100641e-07
1.5,-1.0,2.9900787e-07
1.5,-1.0,6.2676936e-06
1.5,-1.0,0.00012526069
1.5,-1.0,1.201417e-06
1.5,-1.0,2.5974316e-06
1.5,-1.0,3.8525735e-07
1.5,-1.0,0.00016032354
1.5,-1.0,0.0036908973
1.5,-1.0,0.001240796
1.5,-1.0,8.6037835e-07
1.5,-1.0,1.1907133e-06
1.5,-1.0,5.6644887e-05
1.5,-1.0,1.2243828e-06
1.5,-1.0,4.470045e-06
1.5,-1.0,4.678357e-09
1.5,-1.0,8.854752e-07
1.5,-1.0,4.283436e-08
1.5,-1.0,3.1780047e-08
1.5,-1.0,2.0899305e-08
1.5,-1.0,1.2153194e-05
1.5,-1.0,1.9675555e-05
1.5,-1.0,1.24484095e-05
1.5,-1.0,3.9488878e-05
1.5,-1.0,9.260745e-05
1.5,-1.0,4.0387684e-05
1.5,-1.0,4.532201e-06
1.5,-1.0,2.7664293e-05
1.5,-1.0,1.6055286e-05
1.5,-1.0,0.00016548828
1.5,-1.0,5.1965987e-08
1.5,-1.0,1.2462995e-07
1.5,-1.0,1.246974e-06
1.5,-1.0,9.594336e-08
1.5,-1.0,0.0001247611
1.5,-1.0,0.00021668409
1.5,-1.0,5.00069e-10
1.5,-1.0,1.14517e-08
1.5,-1.0,0.00081301597
1.5,-1.0,5.3154226e-06
1.5,-1.0,5.3052867e-07
1.5,-1.0,2.4809168e-08
1.5,-1.0,8.919703e-08
1.5,-1.0,1.7745437e-08
1.5,-1.0,2.9899303e-07
1.5,-1.0,2.689981e-08
1.5,-1.0,1.573002e-07
1.5,-1.0,1.5795315e-08
1.5,-1.0,1.58715e-06
1.5,-1.0,8.41295e-06
1.5,-1.0,1.7757846e-05
1.5,-1.0,0.00025629927
1.5,-1.0,0.0028235833
1.5,-1.0,6.475453e-05
1.5,-1.0,1.6528917e-06
1.5,-1.0,0.000115094044
1.5,-1.0,2.7546525e-07
1.5,-1.0,2.7360868e-06
1.5,-1.0,1.1995121e-06
1.5,-1.0,6.486508e-06
1.5,-1.0,9.856042e-10
1.5,-1.0,2.8380505e-06
1.5,-1.0,1.423987e-05
1.5,-1.0,2.591904e-06
1.5,-1.0,1.5452409e-06
1.5,-1.0,0.00016238842
1.5,-1.0,6.6085972e-06
1.5,-1.0,4.9609447e-05
1.5,-1.0,4.5078803e-05
1.5,-1.0,0.011137867
1.5,-1.0,1.5461534e-05
1.5,-1.0,2.6582445e-06
1.5,-1.0,3.8884477e-06
1.5,-1.0,4.1663048e-07
1.5,-1.0,2.935112e-05
1.5,-1.0,9.069734e-06
1.5,-1.0,5.154721e-06
1.5,-1.0,0.00011206909
1.5,-1.0,3.5148714e-06
1.5,-1.0,3.0083806e-06
1.5,-1.0,2.7535063e-05
1.5,-1.0,7.5387447e-06
1.5,-1.0,8.612044e-06
1.5,-1.0,7.3417215e-09
1.5,-1.0,1.3116658e-05
1.5,-1.0,9.703114e-07
1.5,-1.0,2.1229775e-06
1.5,-1.0,1.5608228e-08
1.5,-1.0,3.0189387e-09
1.5,-1.0,1.3378356e-05
1.5,-1.0,3.7921109e-06
1.5,-1.0,0.20904392
1.5,-1.0,1.5682823e-06
1.5,-1.0,1.9405718e-08
1.5,-1.0,3.015356e-11
1.5,-1.0,3.0577203e-06
1.5,-1.0,0.001318614
1.5,-1.0,0.00036431313
1.5,-1.0,7.37422e-07
1.5,-1.0,5.9525297e-05
1.5,-1.0,2.83364e-07
1.5,-1.0,0.00023522507
1.5,-1.0,9.812439e-05
1.5,-1.0,8.6342734e-05
1.5,-1.0,0.025035359
1.5,-1.0,1.688908e-06
1.5,-1.0,7.3298514e-07
1.5,-1.0,5.590608e-07
1.5,-1.0,4.7065885e-07
1.5,-1.0,2.8941176e-07
1.5,-1.0,5.4095985e-08
1.5,-1.0,5.254325e-08
1.5,-1.0,1.377091e-06
1.5,-1.0,0.002927738
1.5,-1.0,1.0154414e-05
1.5,-1.0,1.8181276e-05
1.5,-1.0,3.9028466e-05
1.5,-1.0,5.2757372e-05
1.5,-1.0,1.4029657e-05
1.5,-1.0,6.71029e-07
1.5,-1.0,1.4620231e-06
1.5,-1.0,1.2792042e-06
1.5,-1.0,1.198867e-06
1.5,-1.0,9.565681e-07
1.5,-1.0,1.4292576e-05
1.5,-1.0,1.7133892e-05
1.5,-1.0,0.00034661972
1.5,-1.0,8.570603e-06
1.5,-1.0,1.2505951e-07
1.5,-1.0,1.3095868e-07
1.5,-1.0,1.1173142e-07
1.5,-1.0,2.6584594e-08
1.5,-1.0,9.1028534e-07
1.5,-1.0,1.7043199e-09
1.5,-1.0,3.0270497e-10
1.5,-1.0,3.4630255e-05
1.5,-1.0,2.2408687e-05
1.5,-1.0,2.0846242e-07
1.5,-1.0,7.4836453e-06
1.5,-1.0,2.7835249e-05
1.5,-1.0,1.3139132e-05
1.5,-1.0,3.6259065e-05
1.5,-1.0,6.332008e-06
1.5,-1.0,4.697786e-06
1.5,-1.0,2.998642e-08
1.5,-1.0,1.6254965e-06
1.5,-1.0,7.056253e-07
1.5,-1.0,4.863553e-05
1.5,-1.0,2.4385181e-05
1.5,-1.0,7.171394e-08
1.5,-1.0,7.1113536e-05
1.5,-1.0,0.00013152111
1.5,-1.0,0.0010209661
1.5,-1.0,3.783867e-06
1.5,-1.0,0.0018457341
1.5,-1.0,2.8843446e-05
1.5,-1.0,4.8487804e-05
1.5,-1.0,0.00011703245
1.5,-1.0,0.00019994921
1.5,-1.0,0.005064833
1.5,-1.0,6.60384e-06
1.5,-1.0,2.8891393e-06
1.5,-1.0,3.5416078e-06
1.5,-1.0,0.0012930735
1.5,-1.0,5.9536856e-06
1.5,-1.0,0.00028489606
1.5,-1.0,6.075999e-06
1.5,-1.0,3.186287e-05
1.5,-1.0,8.8235225e-08
1.5,-1.0,1.055063e-07
1.5,-1.0,1.7658194e-06
1.5,-1.0,4.4354732e-05
